Timing Analyzer report for timer
Tue Jun 16 09:04:22 2026
Quartus Prime Version 20.1.1 Build 720 11/11/2020 SJ Standard Edition


---------------------
; Table of Contents ;
---------------------
  1. Legal Notice
  2. Timing Analyzer Summary
  3. Parallel Compilation
  4. SDC File List
  5. Clocks
  6. Slow 1200mV 85C Model Fmax Summary
  7. Timing Closure Recommendations
  8. Slow 1200mV 85C Model Setup Summary
  9. Slow 1200mV 85C Model Hold Summary
 10. Slow 1200mV 85C Model Recovery Summary
 11. Slow 1200mV 85C Model Removal Summary
 12. Slow 1200mV 85C Model Minimum Pulse Width Summary
 13. Slow 1200mV 85C Model Setup: 'CLOCK_50'
 14. Slow 1200mV 85C Model Hold: 'CLOCK_50'
 15. Slow 1200mV 85C Model Metastability Summary
 16. Slow 1200mV 0C Model Fmax Summary
 17. Slow 1200mV 0C Model Setup Summary
 18. Slow 1200mV 0C Model Hold Summary
 19. Slow 1200mV 0C Model Recovery Summary
 20. Slow 1200mV 0C Model Removal Summary
 21. Slow 1200mV 0C Model Minimum Pulse Width Summary
 22. Slow 1200mV 0C Model Setup: 'CLOCK_50'
 23. Slow 1200mV 0C Model Hold: 'CLOCK_50'
 24. Slow 1200mV 0C Model Metastability Summary
 25. Fast 1200mV 0C Model Setup Summary
 26. Fast 1200mV 0C Model Hold Summary
 27. Fast 1200mV 0C Model Recovery Summary
 28. Fast 1200mV 0C Model Removal Summary
 29. Fast 1200mV 0C Model Minimum Pulse Width Summary
 30. Fast 1200mV 0C Model Setup: 'CLOCK_50'
 31. Fast 1200mV 0C Model Hold: 'CLOCK_50'
 32. Fast 1200mV 0C Model Metastability Summary
 33. Multicorner Timing Analysis Summary
 34. Board Trace Model Assignments
 35. Input Transition Times
 36. Signal Integrity Metrics (Slow 1200mv 0c Model)
 37. Signal Integrity Metrics (Slow 1200mv 85c Model)
 38. Signal Integrity Metrics (Fast 1200mv 0c Model)
 39. Setup Transfers
 40. Hold Transfers
 41. Report TCCS
 42. Report RSKM
 43. Unconstrained Paths Summary
 44. Clock Status Summary
 45. Unconstrained Input Ports
 46. Unconstrained Output Ports
 47. Unconstrained Input Ports
 48. Unconstrained Output Ports
 49. Timing Analyzer Messages



----------------
; Legal Notice ;
----------------
Copyright (C) 2020  Intel Corporation. All rights reserved.
Your use of Intel Corporation's design tools, logic functions 
and other software and tools, and any partner logic 
functions, and any output files from any of the foregoing 
(including device programming or simulation files), and any 
associated documentation or information are expressly subject 
to the terms and conditions of the Intel Program License 
Subscription Agreement, the Intel Quartus Prime License Agreement,
the Intel FPGA IP License Agreement, or other applicable license
agreement, including, without limitation, that your use is for
the sole purpose of programming logic devices manufactured by
Intel and sold by Intel or its authorized distributors.  Please
refer to the applicable agreement for further details, at
https://fpgasoftware.intel.com/eula.



+---------------------------------------------------------------------------------+
; Timing Analyzer Summary                                                         ;
+-----------------------+---------------------------------------------------------+
; Quartus Prime Version ; Version 20.1.1 Build 720 11/11/2020 SJ Standard Edition ;
; Timing Analyzer       ; Legacy Timing Analyzer                                  ;
; Revision Name         ; timer                                                   ;
; Device Family         ; Cyclone IV E                                            ;
; Device Name           ; EP4CE115F29C7                                           ;
; Timing Models         ; Final                                                   ;
; Delay Model           ; Combined                                                ;
; Rise/Fall Delays      ; Enabled                                                 ;
+-----------------------+---------------------------------------------------------+


+------------------------------------------+
; Parallel Compilation                     ;
+----------------------------+-------------+
; Processors                 ; Number      ;
+----------------------------+-------------+
; Number detected on machine ; 32          ;
; Maximum allowed            ; 12          ;
;                            ;             ;
; Average used               ; 1.09        ;
; Maximum used               ; 12          ;
;                            ;             ;
; Usage by Processor         ; % Time Used ;
;     Processor 1            ; 100.0%      ;
;     Processor 2            ;   1.4%      ;
;     Processors 3-12        ;   0.8%      ;
+----------------------------+-------------+


+---------------------------------------------------+
; SDC File List                                     ;
+---------------+--------+--------------------------+
; SDC File Path ; Status ; Read at                  ;
+---------------+--------+--------------------------+
; SDC.sdc       ; OK     ; Tue Jun 16 09:04:22 2026 ;
+---------------+--------+--------------------------+


+--------------------------------------------------------------------------------------------------------------------------------------------------------------------------------------+
; Clocks                                                                                                                                                                               ;
+------------+------+--------+-----------+-------+--------+------------+-----------+-------------+-------+--------+-----------+------------+----------+--------+--------+--------------+
; Clock Name ; Type ; Period ; Frequency ; Rise  ; Fall   ; Duty Cycle ; Divide by ; Multiply by ; Phase ; Offset ; Edge List ; Edge Shift ; Inverted ; Master ; Source ; Targets      ;
+------------+------+--------+-----------+-------+--------+------------+-----------+-------------+-------+--------+-----------+------------+----------+--------+--------+--------------+
; CLOCK_50   ; Base ; 20.000 ; 50.0 MHz  ; 0.000 ; 10.000 ;            ;           ;             ;       ;        ;           ;            ;          ;        ;        ; { CLOCK_50 } ;
+------------+------+--------+-----------+-------+--------+------------+-----------+-------------+-------+--------+-----------+------------+----------+--------+--------+--------------+


+--------------------------------------------------+
; Slow 1200mV 85C Model Fmax Summary               ;
+------------+-----------------+------------+------+
; Fmax       ; Restricted Fmax ; Clock Name ; Note ;
+------------+-----------------+------------+------+
; 149.75 MHz ; 149.75 MHz      ; CLOCK_50   ;      ;
+------------+-----------------+------------+------+
This panel reports FMAX for every clock in the design, regardless of the user-specified clock periods.  FMAX is only computed for paths where the source and destination registers or ports are driven by the same clock.  Paths of different clocks, including generated clocks, are ignored.  For paths between a clock and its inversion, FMAX is computed as if the rising and falling edges are scaled along with FMAX, such that the duty cycle (in terms of a percentage) is maintained. Altera recommends that you always use clock constraints and other slack reports for sign-off analysis.


----------------------------------
; Timing Closure Recommendations ;
----------------------------------
HTML report is unavailable in plain text report export.


+-------------------------------------+
; Slow 1200mV 85C Model Setup Summary ;
+----------+-------+------------------+
; Clock    ; Slack ; End Point TNS    ;
+----------+-------+------------------+
; CLOCK_50 ; 7.854 ; 0.000            ;
+----------+-------+------------------+


+------------------------------------+
; Slow 1200mV 85C Model Hold Summary ;
+----------+-------+-----------------+
; Clock    ; Slack ; End Point TNS   ;
+----------+-------+-----------------+
; CLOCK_50 ; 0.402 ; 0.000           ;
+----------+-------+-----------------+


------------------------------------------
; Slow 1200mV 85C Model Recovery Summary ;
------------------------------------------
No paths to report.


-----------------------------------------
; Slow 1200mV 85C Model Removal Summary ;
-----------------------------------------
No paths to report.


+---------------------------------------------------+
; Slow 1200mV 85C Model Minimum Pulse Width Summary ;
+----------+-------+--------------------------------+
; Clock    ; Slack ; End Point TNS                  ;
+----------+-------+--------------------------------+
; CLOCK_50 ; 9.703 ; 0.000                          ;
+----------+-------+--------------------------------+


+------------------------------------------------------------------------------------------------------------------------------------+
; Slow 1200mV 85C Model Setup: 'CLOCK_50'                                                                                            ;
+--------+--------------------+--------------------------------+--------------+-------------+--------------+------------+------------+
; Slack  ; From Node          ; To Node                        ; Launch Clock ; Latch Clock ; Relationship ; Clock Skew ; Data Delay ;
+--------+--------------------+--------------------------------+--------------+-------------+--------------+------------+------------+
; 7.854  ; timer:t0|s_reg[5]  ; bin2bcd:bin2bcd_sec|binary[5]  ; CLOCK_50     ; CLOCK_50    ; 10.000       ; 0.009      ; 2.153      ;
; 8.157  ; timer:t0|m_reg[4]  ; bin2bcd:bin2bcd_min|binary[4]  ; CLOCK_50     ; CLOCK_50    ; 10.000       ; 0.009      ; 1.850      ;
; 8.159  ; timer:t0|m_reg[3]  ; bin2bcd:bin2bcd_min|binary[3]  ; CLOCK_50     ; CLOCK_50    ; 10.000       ; 0.009      ; 1.848      ;
; 8.172  ; timer:t0|m_reg[2]  ; bin2bcd:bin2bcd_min|binary[2]  ; CLOCK_50     ; CLOCK_50    ; 10.000       ; 0.009      ; 1.835      ;
; 8.198  ; timer:t0|m_reg[5]  ; bin2bcd:bin2bcd_min|binary[5]  ; CLOCK_50     ; CLOCK_50    ; 10.000       ; 0.009      ; 1.809      ;
; 8.429  ; timer:t0|s_reg[0]  ; bin2bcd:bin2bcd_sec|binary[0]  ; CLOCK_50     ; CLOCK_50    ; 10.000       ; 0.009      ; 1.578      ;
; 8.438  ; timer:t0|m_reg[1]  ; bin2bcd:bin2bcd_min|binary[1]  ; CLOCK_50     ; CLOCK_50    ; 10.000       ; 0.009      ; 1.569      ;
; 8.450  ; timer:t0|s_reg[4]  ; bin2bcd:bin2bcd_sec|binary[4]  ; CLOCK_50     ; CLOCK_50    ; 10.000       ; 0.009      ; 1.557      ;
; 8.456  ; timer:t0|h_reg[0]  ; bin2bcd:bin2bcd_hour|binary[0] ; CLOCK_50     ; CLOCK_50    ; 10.000       ; 0.004      ; 1.546      ;
; 8.465  ; timer:t0|m_reg[0]  ; bin2bcd:bin2bcd_min|binary[0]  ; CLOCK_50     ; CLOCK_50    ; 10.000       ; 0.009      ; 1.542      ;
; 8.477  ; timer:t0|s_reg[2]  ; bin2bcd:bin2bcd_sec|binary[2]  ; CLOCK_50     ; CLOCK_50    ; 10.000       ; 0.009      ; 1.530      ;
; 8.478  ; timer:t0|h_reg[4]  ; bin2bcd:bin2bcd_hour|binary[4] ; CLOCK_50     ; CLOCK_50    ; 10.000       ; 0.004      ; 1.524      ;
; 8.487  ; timer:t0|s_reg[3]  ; bin2bcd:bin2bcd_sec|binary[3]  ; CLOCK_50     ; CLOCK_50    ; 10.000       ; 0.009      ; 1.520      ;
; 8.603  ; timer:t0|h_reg[2]  ; bin2bcd:bin2bcd_hour|binary[2] ; CLOCK_50     ; CLOCK_50    ; 10.000       ; 0.004      ; 1.399      ;
; 8.794  ; timer:t0|s_reg[1]  ; bin2bcd:bin2bcd_sec|binary[1]  ; CLOCK_50     ; CLOCK_50    ; 10.000       ; 0.009      ; 1.213      ;
; 8.796  ; timer:t0|h_reg[1]  ; bin2bcd:bin2bcd_hour|binary[1] ; CLOCK_50     ; CLOCK_50    ; 10.000       ; 0.004      ; 1.206      ;
; 8.834  ; timer:t0|h_reg[3]  ; bin2bcd:bin2bcd_hour|binary[3] ; CLOCK_50     ; CLOCK_50    ; 10.000       ; 0.004      ; 1.168      ;
; 13.322 ; timer:t0|r_reg[12] ; timer:t0|m_reg[0]              ; CLOCK_50     ; CLOCK_50    ; 20.000       ; -0.078     ; 6.598      ;
; 13.501 ; timer:t0|r_reg[12] ; timer:t0|h_reg[4]              ; CLOCK_50     ; CLOCK_50    ; 20.000       ; -0.093     ; 6.404      ;
; 13.501 ; timer:t0|r_reg[12] ; timer:t0|h_reg[3]              ; CLOCK_50     ; CLOCK_50    ; 20.000       ; -0.093     ; 6.404      ;
; 13.501 ; timer:t0|r_reg[12] ; timer:t0|h_reg[2]              ; CLOCK_50     ; CLOCK_50    ; 20.000       ; -0.093     ; 6.404      ;
; 13.501 ; timer:t0|r_reg[12] ; timer:t0|h_reg[1]              ; CLOCK_50     ; CLOCK_50    ; 20.000       ; -0.093     ; 6.404      ;
; 13.501 ; timer:t0|r_reg[12] ; timer:t0|h_reg[0]              ; CLOCK_50     ; CLOCK_50    ; 20.000       ; -0.093     ; 6.404      ;
; 13.508 ; timer:t0|r_reg[13] ; timer:t0|m_reg[0]              ; CLOCK_50     ; CLOCK_50    ; 20.000       ; -0.075     ; 6.415      ;
; 13.510 ; timer:t0|r_reg[3]  ; timer:t0|m_reg[0]              ; CLOCK_50     ; CLOCK_50    ; 20.000       ; -0.078     ; 6.410      ;
; 13.634 ; timer:t0|r_reg[23] ; timer:t0|h_reg[4]              ; CLOCK_50     ; CLOCK_50    ; 20.000       ; -0.090     ; 6.274      ;
; 13.634 ; timer:t0|r_reg[23] ; timer:t0|h_reg[3]              ; CLOCK_50     ; CLOCK_50    ; 20.000       ; -0.090     ; 6.274      ;
; 13.634 ; timer:t0|r_reg[23] ; timer:t0|h_reg[2]              ; CLOCK_50     ; CLOCK_50    ; 20.000       ; -0.090     ; 6.274      ;
; 13.634 ; timer:t0|r_reg[23] ; timer:t0|h_reg[1]              ; CLOCK_50     ; CLOCK_50    ; 20.000       ; -0.090     ; 6.274      ;
; 13.634 ; timer:t0|r_reg[23] ; timer:t0|h_reg[0]              ; CLOCK_50     ; CLOCK_50    ; 20.000       ; -0.090     ; 6.274      ;
; 13.667 ; timer:t0|r_reg[2]  ; timer:t0|m_reg[0]              ; CLOCK_50     ; CLOCK_50    ; 20.000       ; -0.078     ; 6.253      ;
; 13.672 ; timer:t0|r_reg[15] ; timer:t0|m_reg[0]              ; CLOCK_50     ; CLOCK_50    ; 20.000       ; -0.075     ; 6.251      ;
; 13.687 ; timer:t0|r_reg[13] ; timer:t0|h_reg[4]              ; CLOCK_50     ; CLOCK_50    ; 20.000       ; -0.090     ; 6.221      ;
; 13.687 ; timer:t0|r_reg[13] ; timer:t0|h_reg[3]              ; CLOCK_50     ; CLOCK_50    ; 20.000       ; -0.090     ; 6.221      ;
; 13.687 ; timer:t0|r_reg[13] ; timer:t0|h_reg[2]              ; CLOCK_50     ; CLOCK_50    ; 20.000       ; -0.090     ; 6.221      ;
; 13.687 ; timer:t0|r_reg[13] ; timer:t0|h_reg[1]              ; CLOCK_50     ; CLOCK_50    ; 20.000       ; -0.090     ; 6.221      ;
; 13.687 ; timer:t0|r_reg[13] ; timer:t0|h_reg[0]              ; CLOCK_50     ; CLOCK_50    ; 20.000       ; -0.090     ; 6.221      ;
; 13.689 ; timer:t0|r_reg[3]  ; timer:t0|h_reg[4]              ; CLOCK_50     ; CLOCK_50    ; 20.000       ; -0.093     ; 6.216      ;
; 13.689 ; timer:t0|r_reg[3]  ; timer:t0|h_reg[3]              ; CLOCK_50     ; CLOCK_50    ; 20.000       ; -0.093     ; 6.216      ;
; 13.689 ; timer:t0|r_reg[3]  ; timer:t0|h_reg[2]              ; CLOCK_50     ; CLOCK_50    ; 20.000       ; -0.093     ; 6.216      ;
; 13.689 ; timer:t0|r_reg[3]  ; timer:t0|h_reg[1]              ; CLOCK_50     ; CLOCK_50    ; 20.000       ; -0.093     ; 6.216      ;
; 13.689 ; timer:t0|r_reg[3]  ; timer:t0|h_reg[0]              ; CLOCK_50     ; CLOCK_50    ; 20.000       ; -0.093     ; 6.216      ;
; 13.787 ; timer:t0|r_reg[14] ; timer:t0|m_reg[0]              ; CLOCK_50     ; CLOCK_50    ; 20.000       ; -0.075     ; 6.136      ;
; 13.787 ; timer:t0|r_reg[22] ; timer:t0|h_reg[4]              ; CLOCK_50     ; CLOCK_50    ; 20.000       ; -0.090     ; 6.121      ;
; 13.787 ; timer:t0|r_reg[22] ; timer:t0|h_reg[3]              ; CLOCK_50     ; CLOCK_50    ; 20.000       ; -0.090     ; 6.121      ;
; 13.787 ; timer:t0|r_reg[22] ; timer:t0|h_reg[2]              ; CLOCK_50     ; CLOCK_50    ; 20.000       ; -0.090     ; 6.121      ;
; 13.787 ; timer:t0|r_reg[22] ; timer:t0|h_reg[1]              ; CLOCK_50     ; CLOCK_50    ; 20.000       ; -0.090     ; 6.121      ;
; 13.787 ; timer:t0|r_reg[22] ; timer:t0|h_reg[0]              ; CLOCK_50     ; CLOCK_50    ; 20.000       ; -0.090     ; 6.121      ;
; 13.805 ; timer:t0|r_reg[12] ; timer:t0|m_reg[5]              ; CLOCK_50     ; CLOCK_50    ; 20.000       ; -0.078     ; 6.115      ;
; 13.827 ; timer:t0|r_reg[1]  ; timer:t0|m_reg[0]              ; CLOCK_50     ; CLOCK_50    ; 20.000       ; -0.078     ; 6.093      ;
; 13.838 ; timer:t0|r_reg[10] ; timer:t0|m_reg[0]              ; CLOCK_50     ; CLOCK_50    ; 20.000       ; -0.078     ; 6.082      ;
; 13.846 ; timer:t0|r_reg[2]  ; timer:t0|h_reg[4]              ; CLOCK_50     ; CLOCK_50    ; 20.000       ; -0.093     ; 6.059      ;
; 13.846 ; timer:t0|r_reg[2]  ; timer:t0|h_reg[3]              ; CLOCK_50     ; CLOCK_50    ; 20.000       ; -0.093     ; 6.059      ;
; 13.846 ; timer:t0|r_reg[2]  ; timer:t0|h_reg[2]              ; CLOCK_50     ; CLOCK_50    ; 20.000       ; -0.093     ; 6.059      ;
; 13.846 ; timer:t0|r_reg[2]  ; timer:t0|h_reg[1]              ; CLOCK_50     ; CLOCK_50    ; 20.000       ; -0.093     ; 6.059      ;
; 13.846 ; timer:t0|r_reg[2]  ; timer:t0|h_reg[0]              ; CLOCK_50     ; CLOCK_50    ; 20.000       ; -0.093     ; 6.059      ;
; 13.846 ; timer:t0|r_reg[9]  ; timer:t0|m_reg[0]              ; CLOCK_50     ; CLOCK_50    ; 20.000       ; -0.078     ; 6.074      ;
; 13.851 ; timer:t0|r_reg[15] ; timer:t0|h_reg[4]              ; CLOCK_50     ; CLOCK_50    ; 20.000       ; -0.090     ; 6.057      ;
; 13.851 ; timer:t0|r_reg[15] ; timer:t0|h_reg[3]              ; CLOCK_50     ; CLOCK_50    ; 20.000       ; -0.090     ; 6.057      ;
; 13.851 ; timer:t0|r_reg[15] ; timer:t0|h_reg[2]              ; CLOCK_50     ; CLOCK_50    ; 20.000       ; -0.090     ; 6.057      ;
; 13.851 ; timer:t0|r_reg[15] ; timer:t0|h_reg[1]              ; CLOCK_50     ; CLOCK_50    ; 20.000       ; -0.090     ; 6.057      ;
; 13.851 ; timer:t0|r_reg[15] ; timer:t0|h_reg[0]              ; CLOCK_50     ; CLOCK_50    ; 20.000       ; -0.090     ; 6.057      ;
; 13.857 ; timer:t0|r_reg[12] ; timer:t0|m_reg[3]              ; CLOCK_50     ; CLOCK_50    ; 20.000       ; -0.078     ; 6.063      ;
; 13.857 ; timer:t0|r_reg[12] ; timer:t0|m_reg[1]              ; CLOCK_50     ; CLOCK_50    ; 20.000       ; -0.078     ; 6.063      ;
; 13.938 ; timer:t0|s_reg[0]  ; timer:t0|h_reg[4]              ; CLOCK_50     ; CLOCK_50    ; 20.000       ; -0.096     ; 5.964      ;
; 13.938 ; timer:t0|s_reg[0]  ; timer:t0|h_reg[3]              ; CLOCK_50     ; CLOCK_50    ; 20.000       ; -0.096     ; 5.964      ;
; 13.938 ; timer:t0|s_reg[0]  ; timer:t0|h_reg[2]              ; CLOCK_50     ; CLOCK_50    ; 20.000       ; -0.096     ; 5.964      ;
; 13.938 ; timer:t0|s_reg[0]  ; timer:t0|h_reg[1]              ; CLOCK_50     ; CLOCK_50    ; 20.000       ; -0.096     ; 5.964      ;
; 13.938 ; timer:t0|s_reg[0]  ; timer:t0|h_reg[0]              ; CLOCK_50     ; CLOCK_50    ; 20.000       ; -0.096     ; 5.964      ;
; 13.942 ; timer:t0|r_reg[0]  ; timer:t0|m_reg[0]              ; CLOCK_50     ; CLOCK_50    ; 20.000       ; -0.078     ; 5.978      ;
; 13.948 ; timer:t0|r_reg[20] ; timer:t0|h_reg[4]              ; CLOCK_50     ; CLOCK_50    ; 20.000       ; -0.090     ; 5.960      ;
; 13.948 ; timer:t0|r_reg[20] ; timer:t0|h_reg[3]              ; CLOCK_50     ; CLOCK_50    ; 20.000       ; -0.090     ; 5.960      ;
; 13.948 ; timer:t0|r_reg[20] ; timer:t0|h_reg[2]              ; CLOCK_50     ; CLOCK_50    ; 20.000       ; -0.090     ; 5.960      ;
; 13.948 ; timer:t0|r_reg[20] ; timer:t0|h_reg[1]              ; CLOCK_50     ; CLOCK_50    ; 20.000       ; -0.090     ; 5.960      ;
; 13.948 ; timer:t0|r_reg[20] ; timer:t0|h_reg[0]              ; CLOCK_50     ; CLOCK_50    ; 20.000       ; -0.090     ; 5.960      ;
; 13.953 ; timer:t0|s_reg[1]  ; timer:t0|h_reg[4]              ; CLOCK_50     ; CLOCK_50    ; 20.000       ; -0.096     ; 5.949      ;
; 13.953 ; timer:t0|s_reg[1]  ; timer:t0|h_reg[3]              ; CLOCK_50     ; CLOCK_50    ; 20.000       ; -0.096     ; 5.949      ;
; 13.953 ; timer:t0|s_reg[1]  ; timer:t0|h_reg[2]              ; CLOCK_50     ; CLOCK_50    ; 20.000       ; -0.096     ; 5.949      ;
; 13.953 ; timer:t0|s_reg[1]  ; timer:t0|h_reg[1]              ; CLOCK_50     ; CLOCK_50    ; 20.000       ; -0.096     ; 5.949      ;
; 13.953 ; timer:t0|s_reg[1]  ; timer:t0|h_reg[0]              ; CLOCK_50     ; CLOCK_50    ; 20.000       ; -0.096     ; 5.949      ;
; 13.966 ; timer:t0|r_reg[14] ; timer:t0|h_reg[4]              ; CLOCK_50     ; CLOCK_50    ; 20.000       ; -0.090     ; 5.942      ;
; 13.966 ; timer:t0|r_reg[14] ; timer:t0|h_reg[3]              ; CLOCK_50     ; CLOCK_50    ; 20.000       ; -0.090     ; 5.942      ;
; 13.966 ; timer:t0|r_reg[14] ; timer:t0|h_reg[2]              ; CLOCK_50     ; CLOCK_50    ; 20.000       ; -0.090     ; 5.942      ;
; 13.966 ; timer:t0|r_reg[14] ; timer:t0|h_reg[1]              ; CLOCK_50     ; CLOCK_50    ; 20.000       ; -0.090     ; 5.942      ;
; 13.966 ; timer:t0|r_reg[14] ; timer:t0|h_reg[0]              ; CLOCK_50     ; CLOCK_50    ; 20.000       ; -0.090     ; 5.942      ;
; 13.972 ; timer:t0|r_reg[10] ; timer:t0|h_reg[4]              ; CLOCK_50     ; CLOCK_50    ; 20.000       ; -0.093     ; 5.933      ;
; 13.972 ; timer:t0|r_reg[10] ; timer:t0|h_reg[3]              ; CLOCK_50     ; CLOCK_50    ; 20.000       ; -0.093     ; 5.933      ;
; 13.972 ; timer:t0|r_reg[10] ; timer:t0|h_reg[2]              ; CLOCK_50     ; CLOCK_50    ; 20.000       ; -0.093     ; 5.933      ;
; 13.972 ; timer:t0|r_reg[10] ; timer:t0|h_reg[1]              ; CLOCK_50     ; CLOCK_50    ; 20.000       ; -0.093     ; 5.933      ;
; 13.972 ; timer:t0|r_reg[10] ; timer:t0|h_reg[0]              ; CLOCK_50     ; CLOCK_50    ; 20.000       ; -0.093     ; 5.933      ;
; 13.980 ; timer:t0|r_reg[9]  ; timer:t0|h_reg[4]              ; CLOCK_50     ; CLOCK_50    ; 20.000       ; -0.093     ; 5.925      ;
; 13.980 ; timer:t0|r_reg[9]  ; timer:t0|h_reg[3]              ; CLOCK_50     ; CLOCK_50    ; 20.000       ; -0.093     ; 5.925      ;
; 13.980 ; timer:t0|r_reg[9]  ; timer:t0|h_reg[2]              ; CLOCK_50     ; CLOCK_50    ; 20.000       ; -0.093     ; 5.925      ;
; 13.980 ; timer:t0|r_reg[9]  ; timer:t0|h_reg[1]              ; CLOCK_50     ; CLOCK_50    ; 20.000       ; -0.093     ; 5.925      ;
; 13.980 ; timer:t0|r_reg[9]  ; timer:t0|h_reg[0]              ; CLOCK_50     ; CLOCK_50    ; 20.000       ; -0.093     ; 5.925      ;
; 13.991 ; timer:t0|r_reg[13] ; timer:t0|m_reg[5]              ; CLOCK_50     ; CLOCK_50    ; 20.000       ; -0.075     ; 5.932      ;
; 13.993 ; timer:t0|r_reg[3]  ; timer:t0|m_reg[5]              ; CLOCK_50     ; CLOCK_50    ; 20.000       ; -0.078     ; 5.927      ;
; 13.995 ; timer:t0|r_reg[5]  ; timer:t0|m_reg[0]              ; CLOCK_50     ; CLOCK_50    ; 20.000       ; -0.078     ; 5.925      ;
; 14.006 ; timer:t0|r_reg[1]  ; timer:t0|h_reg[4]              ; CLOCK_50     ; CLOCK_50    ; 20.000       ; -0.093     ; 5.899      ;
; 14.006 ; timer:t0|r_reg[1]  ; timer:t0|h_reg[3]              ; CLOCK_50     ; CLOCK_50    ; 20.000       ; -0.093     ; 5.899      ;
+--------+--------------------+--------------------------------+--------------+-------------+--------------+------------+------------+


+-------------------------------------------------------------------------------------------------------------------------------------------------------------------------+
; Slow 1200mV 85C Model Hold: 'CLOCK_50'                                                                                                                                  ;
+-------+---------------------------------------------+---------------------------------------------+--------------+-------------+--------------+------------+------------+
; Slack ; From Node                                   ; To Node                                     ; Launch Clock ; Latch Clock ; Relationship ; Clock Skew ; Data Delay ;
+-------+---------------------------------------------+---------------------------------------------+--------------+-------------+--------------+------------+------------+
; 0.402 ; relogio_fsm:inst_fsm|state_reg.idle         ; relogio_fsm:inst_fsm|state_reg.idle         ; CLOCK_50     ; CLOCK_50    ; 0.000        ; 0.081      ; 0.669      ;
; 0.403 ; bin2bcd:bin2bcd_min|bcds[5]                 ; bin2bcd:bin2bcd_min|bcds[5]                 ; CLOCK_50     ; CLOCK_50    ; 0.000        ; 0.080      ; 0.669      ;
; 0.403 ; bin2bcd:bin2bcd_min|bcds[6]                 ; bin2bcd:bin2bcd_min|bcds[6]                 ; CLOCK_50     ; CLOCK_50    ; 0.000        ; 0.080      ; 0.669      ;
; 0.403 ; bin2bcd:bin2bcd_min|bcds[4]                 ; bin2bcd:bin2bcd_min|bcds[4]                 ; CLOCK_50     ; CLOCK_50    ; 0.000        ; 0.080      ; 0.669      ;
; 0.403 ; bin2bcd:bin2bcd_min|bcds[1]                 ; bin2bcd:bin2bcd_min|bcds[1]                 ; CLOCK_50     ; CLOCK_50    ; 0.000        ; 0.080      ; 0.669      ;
; 0.403 ; bin2bcd:bin2bcd_min|bcds[2]                 ; bin2bcd:bin2bcd_min|bcds[2]                 ; CLOCK_50     ; CLOCK_50    ; 0.000        ; 0.080      ; 0.669      ;
; 0.403 ; bin2bcd:bin2bcd_min|bcds[3]                 ; bin2bcd:bin2bcd_min|bcds[3]                 ; CLOCK_50     ; CLOCK_50    ; 0.000        ; 0.080      ; 0.669      ;
; 0.403 ; bin2bcd:bin2bcd_min|bcds[0]                 ; bin2bcd:bin2bcd_min|bcds[0]                 ; CLOCK_50     ; CLOCK_50    ; 0.000        ; 0.080      ; 0.669      ;
; 0.403 ; bin2bcd:bin2bcd_sec|bcds[5]                 ; bin2bcd:bin2bcd_sec|bcds[5]                 ; CLOCK_50     ; CLOCK_50    ; 0.000        ; 0.080      ; 0.669      ;
; 0.403 ; bin2bcd:bin2bcd_sec|bcds[6]                 ; bin2bcd:bin2bcd_sec|bcds[6]                 ; CLOCK_50     ; CLOCK_50    ; 0.000        ; 0.080      ; 0.669      ;
; 0.403 ; bin2bcd:bin2bcd_sec|bcds[4]                 ; bin2bcd:bin2bcd_sec|bcds[4]                 ; CLOCK_50     ; CLOCK_50    ; 0.000        ; 0.080      ; 0.669      ;
; 0.403 ; bin2bcd:bin2bcd_sec|bcds[1]                 ; bin2bcd:bin2bcd_sec|bcds[1]                 ; CLOCK_50     ; CLOCK_50    ; 0.000        ; 0.080      ; 0.669      ;
; 0.403 ; bin2bcd:bin2bcd_sec|bcds[3]                 ; bin2bcd:bin2bcd_sec|bcds[3]                 ; CLOCK_50     ; CLOCK_50    ; 0.000        ; 0.080      ; 0.669      ;
; 0.403 ; bin2bcd:bin2bcd_sec|bcds[2]                 ; bin2bcd:bin2bcd_sec|bcds[2]                 ; CLOCK_50     ; CLOCK_50    ; 0.000        ; 0.080      ; 0.669      ;
; 0.403 ; bin2bcd:bin2bcd_min|shift_counter[0]        ; bin2bcd:bin2bcd_min|shift_counter[0]        ; CLOCK_50     ; CLOCK_50    ; 0.000        ; 0.080      ; 0.669      ;
; 0.403 ; bin2bcd:bin2bcd_min|shift_counter[1]        ; bin2bcd:bin2bcd_min|shift_counter[1]        ; CLOCK_50     ; CLOCK_50    ; 0.000        ; 0.080      ; 0.669      ;
; 0.403 ; bin2bcd:bin2bcd_min|shift_counter[2]        ; bin2bcd:bin2bcd_min|shift_counter[2]        ; CLOCK_50     ; CLOCK_50    ; 0.000        ; 0.080      ; 0.669      ;
; 0.404 ; bin2bcd:bin2bcd_sec|bcds[0]                 ; bin2bcd:bin2bcd_sec|bcds[0]                 ; CLOCK_50     ; CLOCK_50    ; 0.000        ; 0.079      ; 0.669      ;
; 0.405 ; bin2bcd:bin2bcd_hour|bcds[5]                ; bin2bcd:bin2bcd_hour|bcds[5]                ; CLOCK_50     ; CLOCK_50    ; 0.000        ; 0.078      ; 0.669      ;
; 0.405 ; bin2bcd:bin2bcd_hour|bcds[7]                ; bin2bcd:bin2bcd_hour|bcds[7]                ; CLOCK_50     ; CLOCK_50    ; 0.000        ; 0.078      ; 0.669      ;
; 0.405 ; bin2bcd:bin2bcd_hour|bcds[6]                ; bin2bcd:bin2bcd_hour|bcds[6]                ; CLOCK_50     ; CLOCK_50    ; 0.000        ; 0.078      ; 0.669      ;
; 0.405 ; bin2bcd:bin2bcd_hour|bcds[4]                ; bin2bcd:bin2bcd_hour|bcds[4]                ; CLOCK_50     ; CLOCK_50    ; 0.000        ; 0.078      ; 0.669      ;
; 0.405 ; bin2bcd:bin2bcd_hour|bcds[1]                ; bin2bcd:bin2bcd_hour|bcds[1]                ; CLOCK_50     ; CLOCK_50    ; 0.000        ; 0.078      ; 0.669      ;
; 0.405 ; bin2bcd:bin2bcd_hour|bcds[3]                ; bin2bcd:bin2bcd_hour|bcds[3]                ; CLOCK_50     ; CLOCK_50    ; 0.000        ; 0.078      ; 0.669      ;
; 0.405 ; bin2bcd:bin2bcd_hour|bcds[2]                ; bin2bcd:bin2bcd_hour|bcds[2]                ; CLOCK_50     ; CLOCK_50    ; 0.000        ; 0.078      ; 0.669      ;
; 0.405 ; bin2bcd:bin2bcd_hour|bcds[0]                ; bin2bcd:bin2bcd_hour|bcds[0]                ; CLOCK_50     ; CLOCK_50    ; 0.000        ; 0.078      ; 0.669      ;
; 0.405 ; bin2bcd:bin2bcd_hour|shift_counter[0]       ; bin2bcd:bin2bcd_hour|shift_counter[0]       ; CLOCK_50     ; CLOCK_50    ; 0.000        ; 0.078      ; 0.669      ;
; 0.405 ; bin2bcd:bin2bcd_hour|shift_counter[2]       ; bin2bcd:bin2bcd_hour|shift_counter[2]       ; CLOCK_50     ; CLOCK_50    ; 0.000        ; 0.078      ; 0.669      ;
; 0.405 ; bin2bcd:bin2bcd_hour|shift_counter[1]       ; bin2bcd:bin2bcd_hour|shift_counter[1]       ; CLOCK_50     ; CLOCK_50    ; 0.000        ; 0.078      ; 0.669      ;
; 0.431 ; bin2bcd:bin2bcd_min|binary[3]               ; bin2bcd:bin2bcd_min|binary[4]               ; CLOCK_50     ; CLOCK_50    ; 0.000        ; 0.079      ; 0.696      ;
; 0.431 ; bin2bcd:bin2bcd_min|binary[0]               ; bin2bcd:bin2bcd_min|binary[1]               ; CLOCK_50     ; CLOCK_50    ; 0.000        ; 0.079      ; 0.696      ;
; 0.431 ; bin2bcd:bin2bcd_sec|binary[4]               ; bin2bcd:bin2bcd_sec|binary[5]               ; CLOCK_50     ; CLOCK_50    ; 0.000        ; 0.079      ; 0.696      ;
; 0.431 ; bin2bcd:bin2bcd_sec|binary[3]               ; bin2bcd:bin2bcd_sec|binary[4]               ; CLOCK_50     ; CLOCK_50    ; 0.000        ; 0.079      ; 0.696      ;
; 0.431 ; bin2bcd:bin2bcd_sec|binary[5]               ; bin2bcd:bin2bcd_sec|bcds[0]                 ; CLOCK_50     ; CLOCK_50    ; 0.000        ; 0.079      ; 0.696      ;
; 0.432 ; bin2bcd:bin2bcd_min|binary[4]               ; bin2bcd:bin2bcd_min|binary[5]               ; CLOCK_50     ; CLOCK_50    ; 0.000        ; 0.079      ; 0.697      ;
; 0.432 ; bin2bcd:bin2bcd_min|binary[2]               ; bin2bcd:bin2bcd_min|binary[3]               ; CLOCK_50     ; CLOCK_50    ; 0.000        ; 0.079      ; 0.697      ;
; 0.434 ; bin2bcd:bin2bcd_min|binary[1]               ; bin2bcd:bin2bcd_min|binary[2]               ; CLOCK_50     ; CLOCK_50    ; 0.000        ; 0.079      ; 0.699      ;
; 0.442 ; timer:t0|r_reg[25]                          ; timer:t0|r_reg[25]                          ; CLOCK_50     ; CLOCK_50    ; 0.000        ; 0.080      ; 0.708      ;
; 0.442 ; sync_keys:inst_sync_keys|sync1[0]           ; relogio_fsm:inst_fsm|state_reg.incrementa_s ; CLOCK_50     ; CLOCK_50    ; 0.000        ; 0.081      ; 0.709      ;
; 0.442 ; sync_keys:inst_sync_keys|sync1[0]           ; relogio_fsm:inst_fsm|state_reg.incrementa_m ; CLOCK_50     ; CLOCK_50    ; 0.000        ; 0.081      ; 0.709      ;
; 0.445 ; bin2bcd:bin2bcd_min|shift_counter[2]        ; bin2bcd:bin2bcd_min|state.done              ; CLOCK_50     ; CLOCK_50    ; 0.000        ; 0.080      ; 0.711      ;
; 0.458 ; relogio_fsm:inst_fsm|state_reg.ajuste_m     ; relogio_fsm:inst_fsm|state_reg.decrementa_m ; CLOCK_50     ; CLOCK_50    ; 0.000        ; 0.081      ; 0.725      ;
; 0.465 ; relogio_fsm:inst_fsm|state_reg.decrementa_m ; relogio_fsm:inst_fsm|state_reg.ajuste_m     ; CLOCK_50     ; CLOCK_50    ; 0.000        ; 0.081      ; 0.732      ;
; 0.471 ; sync_keys:inst_sync_keys|sync1[1]           ; relogio_fsm:inst_fsm|state_reg.incrementa_h ; CLOCK_50     ; CLOCK_50    ; 0.000        ; 0.081      ; 0.738      ;
; 0.482 ; bin2bcd:bin2bcd_min|state.done              ; bin2bcd:bin2bcd_min|shift_counter[0]        ; CLOCK_50     ; CLOCK_50    ; 0.000        ; 0.080      ; 0.748      ;
; 0.482 ; bin2bcd:bin2bcd_min|state.done              ; bin2bcd:bin2bcd_min|shift_counter[1]        ; CLOCK_50     ; CLOCK_50    ; 0.000        ; 0.080      ; 0.748      ;
; 0.482 ; bin2bcd:bin2bcd_min|state.done              ; bin2bcd:bin2bcd_min|shift_counter[2]        ; CLOCK_50     ; CLOCK_50    ; 0.000        ; 0.080      ; 0.748      ;
; 0.510 ; bin2bcd:bin2bcd_hour|state.shift            ; bin2bcd:bin2bcd_hour|binary[0]              ; CLOCK_50     ; CLOCK_50    ; 0.000        ; 0.078      ; 0.774      ;
; 0.511 ; bin2bcd:bin2bcd_hour|state.shift            ; bin2bcd:bin2bcd_hour|binary[4]              ; CLOCK_50     ; CLOCK_50    ; 0.000        ; 0.078      ; 0.775      ;
; 0.517 ; bin2bcd:bin2bcd_hour|state.shift            ; bin2bcd:bin2bcd_hour|state.done             ; CLOCK_50     ; CLOCK_50    ; 0.000        ; 0.078      ; 0.781      ;
; 0.518 ; bin2bcd:bin2bcd_hour|state.shift            ; bin2bcd:bin2bcd_hour|shift_counter[0]       ; CLOCK_50     ; CLOCK_50    ; 0.000        ; 0.078      ; 0.782      ;
; 0.523 ; bin2bcd:bin2bcd_hour|state.shift            ; bin2bcd:bin2bcd_hour|shift_counter[1]       ; CLOCK_50     ; CLOCK_50    ; 0.000        ; 0.078      ; 0.787      ;
; 0.524 ; bin2bcd:bin2bcd_hour|state.shift            ; bin2bcd:bin2bcd_hour|shift_counter[2]       ; CLOCK_50     ; CLOCK_50    ; 0.000        ; 0.078      ; 0.788      ;
; 0.556 ; bin2bcd:bin2bcd_sec|binary[2]               ; bin2bcd:bin2bcd_sec|binary[3]               ; CLOCK_50     ; CLOCK_50    ; 0.000        ; 0.079      ; 0.821      ;
; 0.571 ; bin2bcd:bin2bcd_hour|binary[0]              ; bin2bcd:bin2bcd_hour|binary[1]              ; CLOCK_50     ; CLOCK_50    ; 0.000        ; 0.078      ; 0.835      ;
; 0.581 ; sync_keys:inst_sync_keys|sync2[1]           ; relogio_fsm:inst_fsm|state_reg.decrementa_s ; CLOCK_50     ; CLOCK_50    ; 0.000        ; 0.081      ; 0.848      ;
; 0.591 ; bin2bcd:bin2bcd_hour|shift_counter[0]       ; bin2bcd:bin2bcd_hour|state.done             ; CLOCK_50     ; CLOCK_50    ; 0.000        ; 0.078      ; 0.855      ;
; 0.598 ; sync_keys:inst_sync_keys|sync0[2]           ; sync_keys:inst_sync_keys|sync0[1]           ; CLOCK_50     ; CLOCK_50    ; 0.000        ; 0.081      ; 0.865      ;
; 0.606 ; sync_keys:inst_sync_keys|sync0[1]           ; sync_keys:inst_sync_keys|sync0[0]           ; CLOCK_50     ; CLOCK_50    ; 0.000        ; 0.081      ; 0.873      ;
; 0.612 ; bin2bcd:bin2bcd_hour|binary[4]              ; bin2bcd:bin2bcd_hour|bcds[0]                ; CLOCK_50     ; CLOCK_50    ; 0.000        ; 0.080      ; 0.878      ;
; 0.613 ; sync_keys:inst_sync_keys|sync2[0]           ; relogio_fsm:inst_fsm|state_reg.decrementa_s ; CLOCK_50     ; CLOCK_50    ; 0.000        ; 0.081      ; 0.880      ;
; 0.615 ; bin2bcd:bin2bcd_hour|bcds[7]                ; bin2bcd:bin2bcd_hour|bcds_out_reg[7]        ; CLOCK_50     ; CLOCK_50    ; 0.000        ; 0.078      ; 0.879      ;
; 0.615 ; bin2bcd:bin2bcd_min|state.shift             ; bin2bcd:bin2bcd_min|state.done              ; CLOCK_50     ; CLOCK_50    ; 0.000        ; 0.080      ; 0.881      ;
; 0.616 ; bin2bcd:bin2bcd_min|state.start             ; bin2bcd:bin2bcd_min|state.shift             ; CLOCK_50     ; CLOCK_50    ; 0.000        ; 0.079      ; 0.881      ;
; 0.616 ; bin2bcd:bin2bcd_hour|binary[0]              ; bin2bcd:bin2bcd_hour|binary[0]              ; CLOCK_50     ; CLOCK_50    ; 0.000        ; 0.078      ; 0.880      ;
; 0.618 ; sync_keys:inst_sync_keys|sync2[0]           ; relogio_fsm:inst_fsm|state_reg.decrementa_h ; CLOCK_50     ; CLOCK_50    ; 0.000        ; 0.081      ; 0.885      ;
; 0.621 ; bin2bcd:bin2bcd_sec|bcds[7]                 ; bin2bcd:bin2bcd_sec|bcds_out_reg[7]         ; CLOCK_50     ; CLOCK_50    ; 0.000        ; 0.080      ; 0.887      ;
; 0.624 ; bin2bcd:bin2bcd_sec|bcds[5]                 ; bin2bcd:bin2bcd_sec|bcds_out_reg[5]         ; CLOCK_50     ; CLOCK_50    ; 0.000        ; 0.080      ; 0.890      ;
; 0.625 ; sync_keys:inst_sync_keys|sync2[1]           ; sync_keys:inst_sync_keys|sync2[0]           ; CLOCK_50     ; CLOCK_50    ; 0.000        ; 0.081      ; 0.892      ;
; 0.625 ; bin2bcd:bin2bcd_min|bcds[1]                 ; bin2bcd:bin2bcd_min|bcds_out_reg[1]         ; CLOCK_50     ; CLOCK_50    ; 0.000        ; 0.080      ; 0.891      ;
; 0.629 ; bin2bcd:bin2bcd_min|bcds[0]                 ; bin2bcd:bin2bcd_min|bcds_out_reg[0]         ; CLOCK_50     ; CLOCK_50    ; 0.000        ; 0.080      ; 0.895      ;
; 0.629 ; bin2bcd:bin2bcd_sec|bcds[6]                 ; bin2bcd:bin2bcd_sec|bcds_out_reg[6]         ; CLOCK_50     ; CLOCK_50    ; 0.000        ; 0.080      ; 0.895      ;
; 0.631 ; bin2bcd:bin2bcd_min|bcds[4]                 ; bin2bcd:bin2bcd_min|bcds_out_reg[4]         ; CLOCK_50     ; CLOCK_50    ; 0.000        ; 0.080      ; 0.897      ;
; 0.632 ; bin2bcd:bin2bcd_sec|bcds[3]                 ; bin2bcd:bin2bcd_sec|bcds_out_reg[3]         ; CLOCK_50     ; CLOCK_50    ; 0.000        ; 0.080      ; 0.898      ;
; 0.634 ; bin2bcd:bin2bcd_min|bcds[3]                 ; bin2bcd:bin2bcd_min|bcds_out_reg[3]         ; CLOCK_50     ; CLOCK_50    ; 0.000        ; 0.080      ; 0.900      ;
; 0.636 ; bin2bcd:bin2bcd_sec|bcds[2]                 ; bin2bcd:bin2bcd_sec|bcds_out_reg[2]         ; CLOCK_50     ; CLOCK_50    ; 0.000        ; 0.080      ; 0.902      ;
; 0.639 ; bin2bcd:bin2bcd_sec|binary[1]               ; bin2bcd:bin2bcd_sec|binary[2]               ; CLOCK_50     ; CLOCK_50    ; 0.000        ; 0.079      ; 0.904      ;
; 0.639 ; bin2bcd:bin2bcd_hour|binary[3]              ; bin2bcd:bin2bcd_hour|binary[4]              ; CLOCK_50     ; CLOCK_50    ; 0.000        ; 0.078      ; 0.903      ;
; 0.640 ; bin2bcd:bin2bcd_sec|binary[0]               ; bin2bcd:bin2bcd_sec|binary[1]               ; CLOCK_50     ; CLOCK_50    ; 0.000        ; 0.079      ; 0.905      ;
; 0.641 ; blink:blink1|r_reg[10]                      ; blink:blink1|r_reg[10]                      ; CLOCK_50     ; CLOCK_50    ; 0.000        ; 0.081      ; 0.908      ;
; 0.641 ; blink:blink1|r_reg[9]                       ; blink:blink1|r_reg[9]                       ; CLOCK_50     ; CLOCK_50    ; 0.000        ; 0.081      ; 0.908      ;
; 0.641 ; blink:blink1|r_reg[8]                       ; blink:blink1|r_reg[8]                       ; CLOCK_50     ; CLOCK_50    ; 0.000        ; 0.081      ; 0.908      ;
; 0.641 ; timer:t0|r_reg[10]                          ; timer:t0|r_reg[10]                          ; CLOCK_50     ; CLOCK_50    ; 0.000        ; 0.081      ; 0.908      ;
; 0.641 ; timer:t0|r_reg[11]                          ; timer:t0|r_reg[11]                          ; CLOCK_50     ; CLOCK_50    ; 0.000        ; 0.081      ; 0.908      ;
; 0.642 ; timer:t0|r_reg[8]                           ; timer:t0|r_reg[8]                           ; CLOCK_50     ; CLOCK_50    ; 0.000        ; 0.081      ; 0.909      ;
; 0.642 ; timer:t0|r_reg[9]                           ; timer:t0|r_reg[9]                           ; CLOCK_50     ; CLOCK_50    ; 0.000        ; 0.081      ; 0.909      ;
; 0.642 ; timer:t0|r_reg[13]                          ; timer:t0|r_reg[13]                          ; CLOCK_50     ; CLOCK_50    ; 0.000        ; 0.080      ; 0.908      ;
; 0.642 ; bin2bcd:bin2bcd_hour|binary[2]              ; bin2bcd:bin2bcd_hour|binary[3]              ; CLOCK_50     ; CLOCK_50    ; 0.000        ; 0.078      ; 0.906      ;
; 0.642 ; bin2bcd:bin2bcd_hour|binary[1]              ; bin2bcd:bin2bcd_hour|binary[2]              ; CLOCK_50     ; CLOCK_50    ; 0.000        ; 0.078      ; 0.906      ;
; 0.643 ; timer:t0|r_reg[1]                           ; timer:t0|r_reg[1]                           ; CLOCK_50     ; CLOCK_50    ; 0.000        ; 0.081      ; 0.910      ;
; 0.643 ; timer:t0|r_reg[2]                           ; timer:t0|r_reg[2]                           ; CLOCK_50     ; CLOCK_50    ; 0.000        ; 0.081      ; 0.910      ;
; 0.643 ; timer:t0|r_reg[7]                           ; timer:t0|r_reg[7]                           ; CLOCK_50     ; CLOCK_50    ; 0.000        ; 0.081      ; 0.910      ;
; 0.643 ; timer:t0|r_reg[15]                          ; timer:t0|r_reg[15]                          ; CLOCK_50     ; CLOCK_50    ; 0.000        ; 0.080      ; 0.909      ;
; 0.643 ; timer:t0|r_reg[16]                          ; timer:t0|r_reg[16]                          ; CLOCK_50     ; CLOCK_50    ; 0.000        ; 0.080      ; 0.909      ;
; 0.644 ; timer:t0|r_reg[17]                          ; timer:t0|r_reg[17]                          ; CLOCK_50     ; CLOCK_50    ; 0.000        ; 0.080      ; 0.910      ;
; 0.644 ; timer:t0|r_reg[18]                          ; timer:t0|r_reg[18]                          ; CLOCK_50     ; CLOCK_50    ; 0.000        ; 0.080      ; 0.910      ;
; 0.645 ; timer:t0|r_reg[14]                          ; timer:t0|r_reg[14]                          ; CLOCK_50     ; CLOCK_50    ; 0.000        ; 0.080      ; 0.911      ;
; 0.645 ; timer:t0|r_reg[21]                          ; timer:t0|r_reg[21]                          ; CLOCK_50     ; CLOCK_50    ; 0.000        ; 0.080      ; 0.911      ;
; 0.646 ; timer:t0|r_reg[6]                           ; timer:t0|r_reg[6]                           ; CLOCK_50     ; CLOCK_50    ; 0.000        ; 0.081      ; 0.913      ;
; 0.647 ; timer:t0|r_reg[4]                           ; timer:t0|r_reg[4]                           ; CLOCK_50     ; CLOCK_50    ; 0.000        ; 0.081      ; 0.914      ;
+-------+---------------------------------------------+---------------------------------------------+--------------+-------------+--------------+------------+------------+


-----------------------------------------------
; Slow 1200mV 85C Model Metastability Summary ;
-----------------------------------------------
The design MTBF is not calculated because there are no specified synchronizers in the design.
Number of Synchronizer Chains Found: 3
Shortest Synchronizer Chain: 2 Registers
Fraction of Chains for which MTBFs Could Not be Calculated: 1.000
Worst Case Available Settling Time: 34.511 ns




+--------------------------------------------------+
; Slow 1200mV 0C Model Fmax Summary                ;
+------------+-----------------+------------+------+
; Fmax       ; Restricted Fmax ; Clock Name ; Note ;
+------------+-----------------+------------+------+
; 162.58 MHz ; 162.58 MHz      ; CLOCK_50   ;      ;
+------------+-----------------+------------+------+
This panel reports FMAX for every clock in the design, regardless of the user-specified clock periods.  FMAX is only computed for paths where the source and destination registers or ports are driven by the same clock.  Paths of different clocks, including generated clocks, are ignored.  For paths between a clock and its inversion, FMAX is computed as if the rising and falling edges are scaled along with FMAX, such that the duty cycle (in terms of a percentage) is maintained. Altera recommends that you always use clock constraints and other slack reports for sign-off analysis.


+------------------------------------+
; Slow 1200mV 0C Model Setup Summary ;
+----------+-------+-----------------+
; Clock    ; Slack ; End Point TNS   ;
+----------+-------+-----------------+
; CLOCK_50 ; 8.041 ; 0.000           ;
+----------+-------+-----------------+


+-----------------------------------+
; Slow 1200mV 0C Model Hold Summary ;
+----------+-------+----------------+
; Clock    ; Slack ; End Point TNS  ;
+----------+-------+----------------+
; CLOCK_50 ; 0.354 ; 0.000          ;
+----------+-------+----------------+


-----------------------------------------
; Slow 1200mV 0C Model Recovery Summary ;
-----------------------------------------
No paths to report.


----------------------------------------
; Slow 1200mV 0C Model Removal Summary ;
----------------------------------------
No paths to report.


+--------------------------------------------------+
; Slow 1200mV 0C Model Minimum Pulse Width Summary ;
+----------+-------+-------------------------------+
; Clock    ; Slack ; End Point TNS                 ;
+----------+-------+-------------------------------+
; CLOCK_50 ; 9.735 ; 0.000                         ;
+----------+-------+-------------------------------+


+------------------------------------------------------------------------------------------------------------------------------------+
; Slow 1200mV 0C Model Setup: 'CLOCK_50'                                                                                             ;
+--------+--------------------+--------------------------------+--------------+-------------+--------------+------------+------------+
; Slack  ; From Node          ; To Node                        ; Launch Clock ; Latch Clock ; Relationship ; Clock Skew ; Data Delay ;
+--------+--------------------+--------------------------------+--------------+-------------+--------------+------------+------------+
; 8.041  ; timer:t0|s_reg[5]  ; bin2bcd:bin2bcd_sec|binary[5]  ; CLOCK_50     ; CLOCK_50    ; 10.000       ; -0.008     ; 1.950      ;
; 8.303  ; timer:t0|m_reg[4]  ; bin2bcd:bin2bcd_min|binary[4]  ; CLOCK_50     ; CLOCK_50    ; 10.000       ; -0.009     ; 1.687      ;
; 8.312  ; timer:t0|m_reg[3]  ; bin2bcd:bin2bcd_min|binary[3]  ; CLOCK_50     ; CLOCK_50    ; 10.000       ; -0.009     ; 1.678      ;
; 8.329  ; timer:t0|m_reg[2]  ; bin2bcd:bin2bcd_min|binary[2]  ; CLOCK_50     ; CLOCK_50    ; 10.000       ; -0.009     ; 1.661      ;
; 8.365  ; timer:t0|m_reg[5]  ; bin2bcd:bin2bcd_min|binary[5]  ; CLOCK_50     ; CLOCK_50    ; 10.000       ; -0.009     ; 1.625      ;
; 8.570  ; timer:t0|m_reg[0]  ; bin2bcd:bin2bcd_min|binary[0]  ; CLOCK_50     ; CLOCK_50    ; 10.000       ; -0.009     ; 1.420      ;
; 8.582  ; timer:t0|s_reg[0]  ; bin2bcd:bin2bcd_sec|binary[0]  ; CLOCK_50     ; CLOCK_50    ; 10.000       ; -0.008     ; 1.409      ;
; 8.588  ; timer:t0|m_reg[1]  ; bin2bcd:bin2bcd_min|binary[1]  ; CLOCK_50     ; CLOCK_50    ; 10.000       ; -0.009     ; 1.402      ;
; 8.596  ; timer:t0|h_reg[0]  ; bin2bcd:bin2bcd_hour|binary[0] ; CLOCK_50     ; CLOCK_50    ; 10.000       ; -0.012     ; 1.391      ;
; 8.600  ; timer:t0|s_reg[4]  ; bin2bcd:bin2bcd_sec|binary[4]  ; CLOCK_50     ; CLOCK_50    ; 10.000       ; -0.008     ; 1.391      ;
; 8.621  ; timer:t0|s_reg[2]  ; bin2bcd:bin2bcd_sec|binary[2]  ; CLOCK_50     ; CLOCK_50    ; 10.000       ; -0.008     ; 1.370      ;
; 8.626  ; timer:t0|h_reg[4]  ; bin2bcd:bin2bcd_hour|binary[4] ; CLOCK_50     ; CLOCK_50    ; 10.000       ; -0.012     ; 1.361      ;
; 8.630  ; timer:t0|s_reg[3]  ; bin2bcd:bin2bcd_sec|binary[3]  ; CLOCK_50     ; CLOCK_50    ; 10.000       ; -0.008     ; 1.361      ;
; 8.715  ; timer:t0|h_reg[2]  ; bin2bcd:bin2bcd_hour|binary[2] ; CLOCK_50     ; CLOCK_50    ; 10.000       ; -0.012     ; 1.272      ;
; 8.870  ; timer:t0|h_reg[1]  ; bin2bcd:bin2bcd_hour|binary[1] ; CLOCK_50     ; CLOCK_50    ; 10.000       ; -0.012     ; 1.117      ;
; 8.875  ; timer:t0|s_reg[1]  ; bin2bcd:bin2bcd_sec|binary[1]  ; CLOCK_50     ; CLOCK_50    ; 10.000       ; -0.008     ; 1.116      ;
; 8.903  ; timer:t0|h_reg[3]  ; bin2bcd:bin2bcd_hour|binary[3] ; CLOCK_50     ; CLOCK_50    ; 10.000       ; -0.012     ; 1.084      ;
; 13.849 ; timer:t0|r_reg[12] ; timer:t0|m_reg[0]              ; CLOCK_50     ; CLOCK_50    ; 20.000       ; -0.066     ; 6.084      ;
; 14.010 ; timer:t0|r_reg[13] ; timer:t0|m_reg[0]              ; CLOCK_50     ; CLOCK_50    ; 20.000       ; -0.064     ; 5.925      ;
; 14.022 ; timer:t0|r_reg[3]  ; timer:t0|m_reg[0]              ; CLOCK_50     ; CLOCK_50    ; 20.000       ; -0.066     ; 5.911      ;
; 14.051 ; timer:t0|r_reg[12] ; timer:t0|h_reg[4]              ; CLOCK_50     ; CLOCK_50    ; 20.000       ; -0.084     ; 5.864      ;
; 14.051 ; timer:t0|r_reg[12] ; timer:t0|h_reg[3]              ; CLOCK_50     ; CLOCK_50    ; 20.000       ; -0.084     ; 5.864      ;
; 14.051 ; timer:t0|r_reg[12] ; timer:t0|h_reg[2]              ; CLOCK_50     ; CLOCK_50    ; 20.000       ; -0.084     ; 5.864      ;
; 14.051 ; timer:t0|r_reg[12] ; timer:t0|h_reg[1]              ; CLOCK_50     ; CLOCK_50    ; 20.000       ; -0.084     ; 5.864      ;
; 14.051 ; timer:t0|r_reg[12] ; timer:t0|h_reg[0]              ; CLOCK_50     ; CLOCK_50    ; 20.000       ; -0.084     ; 5.864      ;
; 14.148 ; timer:t0|r_reg[15] ; timer:t0|m_reg[0]              ; CLOCK_50     ; CLOCK_50    ; 20.000       ; -0.064     ; 5.787      ;
; 14.159 ; timer:t0|r_reg[2]  ; timer:t0|m_reg[0]              ; CLOCK_50     ; CLOCK_50    ; 20.000       ; -0.066     ; 5.774      ;
; 14.162 ; timer:t0|r_reg[23] ; timer:t0|h_reg[4]              ; CLOCK_50     ; CLOCK_50    ; 20.000       ; -0.082     ; 5.755      ;
; 14.162 ; timer:t0|r_reg[23] ; timer:t0|h_reg[3]              ; CLOCK_50     ; CLOCK_50    ; 20.000       ; -0.082     ; 5.755      ;
; 14.162 ; timer:t0|r_reg[23] ; timer:t0|h_reg[2]              ; CLOCK_50     ; CLOCK_50    ; 20.000       ; -0.082     ; 5.755      ;
; 14.162 ; timer:t0|r_reg[23] ; timer:t0|h_reg[1]              ; CLOCK_50     ; CLOCK_50    ; 20.000       ; -0.082     ; 5.755      ;
; 14.162 ; timer:t0|r_reg[23] ; timer:t0|h_reg[0]              ; CLOCK_50     ; CLOCK_50    ; 20.000       ; -0.082     ; 5.755      ;
; 14.212 ; timer:t0|r_reg[13] ; timer:t0|h_reg[4]              ; CLOCK_50     ; CLOCK_50    ; 20.000       ; -0.082     ; 5.705      ;
; 14.212 ; timer:t0|r_reg[13] ; timer:t0|h_reg[3]              ; CLOCK_50     ; CLOCK_50    ; 20.000       ; -0.082     ; 5.705      ;
; 14.212 ; timer:t0|r_reg[13] ; timer:t0|h_reg[2]              ; CLOCK_50     ; CLOCK_50    ; 20.000       ; -0.082     ; 5.705      ;
; 14.212 ; timer:t0|r_reg[13] ; timer:t0|h_reg[1]              ; CLOCK_50     ; CLOCK_50    ; 20.000       ; -0.082     ; 5.705      ;
; 14.212 ; timer:t0|r_reg[13] ; timer:t0|h_reg[0]              ; CLOCK_50     ; CLOCK_50    ; 20.000       ; -0.082     ; 5.705      ;
; 14.224 ; timer:t0|r_reg[3]  ; timer:t0|h_reg[4]              ; CLOCK_50     ; CLOCK_50    ; 20.000       ; -0.084     ; 5.691      ;
; 14.224 ; timer:t0|r_reg[3]  ; timer:t0|h_reg[3]              ; CLOCK_50     ; CLOCK_50    ; 20.000       ; -0.084     ; 5.691      ;
; 14.224 ; timer:t0|r_reg[3]  ; timer:t0|h_reg[2]              ; CLOCK_50     ; CLOCK_50    ; 20.000       ; -0.084     ; 5.691      ;
; 14.224 ; timer:t0|r_reg[3]  ; timer:t0|h_reg[1]              ; CLOCK_50     ; CLOCK_50    ; 20.000       ; -0.084     ; 5.691      ;
; 14.224 ; timer:t0|r_reg[3]  ; timer:t0|h_reg[0]              ; CLOCK_50     ; CLOCK_50    ; 20.000       ; -0.084     ; 5.691      ;
; 14.257 ; timer:t0|r_reg[14] ; timer:t0|m_reg[0]              ; CLOCK_50     ; CLOCK_50    ; 20.000       ; -0.064     ; 5.678      ;
; 14.294 ; timer:t0|r_reg[22] ; timer:t0|h_reg[4]              ; CLOCK_50     ; CLOCK_50    ; 20.000       ; -0.082     ; 5.623      ;
; 14.294 ; timer:t0|r_reg[22] ; timer:t0|h_reg[3]              ; CLOCK_50     ; CLOCK_50    ; 20.000       ; -0.082     ; 5.623      ;
; 14.294 ; timer:t0|r_reg[22] ; timer:t0|h_reg[2]              ; CLOCK_50     ; CLOCK_50    ; 20.000       ; -0.082     ; 5.623      ;
; 14.294 ; timer:t0|r_reg[22] ; timer:t0|h_reg[1]              ; CLOCK_50     ; CLOCK_50    ; 20.000       ; -0.082     ; 5.623      ;
; 14.294 ; timer:t0|r_reg[22] ; timer:t0|h_reg[0]              ; CLOCK_50     ; CLOCK_50    ; 20.000       ; -0.082     ; 5.623      ;
; 14.295 ; timer:t0|r_reg[1]  ; timer:t0|m_reg[0]              ; CLOCK_50     ; CLOCK_50    ; 20.000       ; -0.066     ; 5.638      ;
; 14.324 ; timer:t0|r_reg[12] ; timer:t0|m_reg[5]              ; CLOCK_50     ; CLOCK_50    ; 20.000       ; -0.066     ; 5.609      ;
; 14.350 ; timer:t0|r_reg[15] ; timer:t0|h_reg[4]              ; CLOCK_50     ; CLOCK_50    ; 20.000       ; -0.082     ; 5.567      ;
; 14.350 ; timer:t0|r_reg[15] ; timer:t0|h_reg[3]              ; CLOCK_50     ; CLOCK_50    ; 20.000       ; -0.082     ; 5.567      ;
; 14.350 ; timer:t0|r_reg[15] ; timer:t0|h_reg[2]              ; CLOCK_50     ; CLOCK_50    ; 20.000       ; -0.082     ; 5.567      ;
; 14.350 ; timer:t0|r_reg[15] ; timer:t0|h_reg[1]              ; CLOCK_50     ; CLOCK_50    ; 20.000       ; -0.082     ; 5.567      ;
; 14.350 ; timer:t0|r_reg[15] ; timer:t0|h_reg[0]              ; CLOCK_50     ; CLOCK_50    ; 20.000       ; -0.082     ; 5.567      ;
; 14.355 ; timer:t0|r_reg[10] ; timer:t0|m_reg[0]              ; CLOCK_50     ; CLOCK_50    ; 20.000       ; -0.066     ; 5.578      ;
; 14.358 ; timer:t0|r_reg[9]  ; timer:t0|m_reg[0]              ; CLOCK_50     ; CLOCK_50    ; 20.000       ; -0.066     ; 5.575      ;
; 14.361 ; timer:t0|r_reg[2]  ; timer:t0|h_reg[4]              ; CLOCK_50     ; CLOCK_50    ; 20.000       ; -0.084     ; 5.554      ;
; 14.361 ; timer:t0|r_reg[2]  ; timer:t0|h_reg[3]              ; CLOCK_50     ; CLOCK_50    ; 20.000       ; -0.084     ; 5.554      ;
; 14.361 ; timer:t0|r_reg[2]  ; timer:t0|h_reg[2]              ; CLOCK_50     ; CLOCK_50    ; 20.000       ; -0.084     ; 5.554      ;
; 14.361 ; timer:t0|r_reg[2]  ; timer:t0|h_reg[1]              ; CLOCK_50     ; CLOCK_50    ; 20.000       ; -0.084     ; 5.554      ;
; 14.361 ; timer:t0|r_reg[2]  ; timer:t0|h_reg[0]              ; CLOCK_50     ; CLOCK_50    ; 20.000       ; -0.084     ; 5.554      ;
; 14.372 ; timer:t0|r_reg[12] ; timer:t0|m_reg[3]              ; CLOCK_50     ; CLOCK_50    ; 20.000       ; -0.066     ; 5.561      ;
; 14.373 ; timer:t0|r_reg[12] ; timer:t0|m_reg[1]              ; CLOCK_50     ; CLOCK_50    ; 20.000       ; -0.066     ; 5.560      ;
; 14.403 ; timer:t0|r_reg[0]  ; timer:t0|m_reg[0]              ; CLOCK_50     ; CLOCK_50    ; 20.000       ; -0.066     ; 5.530      ;
; 14.430 ; timer:t0|r_reg[20] ; timer:t0|h_reg[4]              ; CLOCK_50     ; CLOCK_50    ; 20.000       ; -0.082     ; 5.487      ;
; 14.430 ; timer:t0|r_reg[20] ; timer:t0|h_reg[3]              ; CLOCK_50     ; CLOCK_50    ; 20.000       ; -0.082     ; 5.487      ;
; 14.430 ; timer:t0|r_reg[20] ; timer:t0|h_reg[2]              ; CLOCK_50     ; CLOCK_50    ; 20.000       ; -0.082     ; 5.487      ;
; 14.430 ; timer:t0|r_reg[20] ; timer:t0|h_reg[1]              ; CLOCK_50     ; CLOCK_50    ; 20.000       ; -0.082     ; 5.487      ;
; 14.430 ; timer:t0|r_reg[20] ; timer:t0|h_reg[0]              ; CLOCK_50     ; CLOCK_50    ; 20.000       ; -0.082     ; 5.487      ;
; 14.459 ; timer:t0|r_reg[14] ; timer:t0|h_reg[4]              ; CLOCK_50     ; CLOCK_50    ; 20.000       ; -0.082     ; 5.458      ;
; 14.459 ; timer:t0|r_reg[14] ; timer:t0|h_reg[3]              ; CLOCK_50     ; CLOCK_50    ; 20.000       ; -0.082     ; 5.458      ;
; 14.459 ; timer:t0|r_reg[14] ; timer:t0|h_reg[2]              ; CLOCK_50     ; CLOCK_50    ; 20.000       ; -0.082     ; 5.458      ;
; 14.459 ; timer:t0|r_reg[14] ; timer:t0|h_reg[1]              ; CLOCK_50     ; CLOCK_50    ; 20.000       ; -0.082     ; 5.458      ;
; 14.459 ; timer:t0|r_reg[14] ; timer:t0|h_reg[0]              ; CLOCK_50     ; CLOCK_50    ; 20.000       ; -0.082     ; 5.458      ;
; 14.464 ; timer:t0|s_reg[0]  ; timer:t0|h_reg[4]              ; CLOCK_50     ; CLOCK_50    ; 20.000       ; -0.089     ; 5.446      ;
; 14.464 ; timer:t0|s_reg[0]  ; timer:t0|h_reg[3]              ; CLOCK_50     ; CLOCK_50    ; 20.000       ; -0.089     ; 5.446      ;
; 14.464 ; timer:t0|s_reg[0]  ; timer:t0|h_reg[2]              ; CLOCK_50     ; CLOCK_50    ; 20.000       ; -0.089     ; 5.446      ;
; 14.464 ; timer:t0|s_reg[0]  ; timer:t0|h_reg[1]              ; CLOCK_50     ; CLOCK_50    ; 20.000       ; -0.089     ; 5.446      ;
; 14.464 ; timer:t0|s_reg[0]  ; timer:t0|h_reg[0]              ; CLOCK_50     ; CLOCK_50    ; 20.000       ; -0.089     ; 5.446      ;
; 14.474 ; timer:t0|r_reg[5]  ; timer:t0|m_reg[0]              ; CLOCK_50     ; CLOCK_50    ; 20.000       ; -0.066     ; 5.459      ;
; 14.480 ; timer:t0|s_reg[1]  ; timer:t0|h_reg[4]              ; CLOCK_50     ; CLOCK_50    ; 20.000       ; -0.089     ; 5.430      ;
; 14.480 ; timer:t0|s_reg[1]  ; timer:t0|h_reg[3]              ; CLOCK_50     ; CLOCK_50    ; 20.000       ; -0.089     ; 5.430      ;
; 14.480 ; timer:t0|s_reg[1]  ; timer:t0|h_reg[2]              ; CLOCK_50     ; CLOCK_50    ; 20.000       ; -0.089     ; 5.430      ;
; 14.480 ; timer:t0|s_reg[1]  ; timer:t0|h_reg[1]              ; CLOCK_50     ; CLOCK_50    ; 20.000       ; -0.089     ; 5.430      ;
; 14.480 ; timer:t0|s_reg[1]  ; timer:t0|h_reg[0]              ; CLOCK_50     ; CLOCK_50    ; 20.000       ; -0.089     ; 5.430      ;
; 14.485 ; timer:t0|r_reg[13] ; timer:t0|m_reg[5]              ; CLOCK_50     ; CLOCK_50    ; 20.000       ; -0.064     ; 5.450      ;
; 14.497 ; timer:t0|r_reg[1]  ; timer:t0|h_reg[4]              ; CLOCK_50     ; CLOCK_50    ; 20.000       ; -0.084     ; 5.418      ;
; 14.497 ; timer:t0|r_reg[1]  ; timer:t0|h_reg[3]              ; CLOCK_50     ; CLOCK_50    ; 20.000       ; -0.084     ; 5.418      ;
; 14.497 ; timer:t0|r_reg[1]  ; timer:t0|h_reg[2]              ; CLOCK_50     ; CLOCK_50    ; 20.000       ; -0.084     ; 5.418      ;
; 14.497 ; timer:t0|r_reg[1]  ; timer:t0|h_reg[1]              ; CLOCK_50     ; CLOCK_50    ; 20.000       ; -0.084     ; 5.418      ;
; 14.497 ; timer:t0|r_reg[1]  ; timer:t0|h_reg[0]              ; CLOCK_50     ; CLOCK_50    ; 20.000       ; -0.084     ; 5.418      ;
; 14.497 ; timer:t0|r_reg[3]  ; timer:t0|m_reg[5]              ; CLOCK_50     ; CLOCK_50    ; 20.000       ; -0.066     ; 5.436      ;
; 14.505 ; timer:t0|r_reg[8]  ; timer:t0|m_reg[0]              ; CLOCK_50     ; CLOCK_50    ; 20.000       ; -0.066     ; 5.428      ;
; 14.533 ; timer:t0|r_reg[13] ; timer:t0|m_reg[3]              ; CLOCK_50     ; CLOCK_50    ; 20.000       ; -0.064     ; 5.402      ;
; 14.534 ; timer:t0|r_reg[13] ; timer:t0|m_reg[1]              ; CLOCK_50     ; CLOCK_50    ; 20.000       ; -0.064     ; 5.401      ;
; 14.536 ; timer:t0|r_reg[10] ; timer:t0|h_reg[4]              ; CLOCK_50     ; CLOCK_50    ; 20.000       ; -0.084     ; 5.379      ;
; 14.536 ; timer:t0|r_reg[10] ; timer:t0|h_reg[3]              ; CLOCK_50     ; CLOCK_50    ; 20.000       ; -0.084     ; 5.379      ;
; 14.536 ; timer:t0|r_reg[10] ; timer:t0|h_reg[2]              ; CLOCK_50     ; CLOCK_50    ; 20.000       ; -0.084     ; 5.379      ;
; 14.536 ; timer:t0|r_reg[10] ; timer:t0|h_reg[1]              ; CLOCK_50     ; CLOCK_50    ; 20.000       ; -0.084     ; 5.379      ;
+--------+--------------------+--------------------------------+--------------+-------------+--------------+------------+------------+


+-------------------------------------------------------------------------------------------------------------------------------------------------------------------------+
; Slow 1200mV 0C Model Hold: 'CLOCK_50'                                                                                                                                   ;
+-------+---------------------------------------------+---------------------------------------------+--------------+-------------+--------------+------------+------------+
; Slack ; From Node                                   ; To Node                                     ; Launch Clock ; Latch Clock ; Relationship ; Clock Skew ; Data Delay ;
+-------+---------------------------------------------+---------------------------------------------+--------------+-------------+--------------+------------+------------+
; 0.354 ; relogio_fsm:inst_fsm|state_reg.idle         ; relogio_fsm:inst_fsm|state_reg.idle         ; CLOCK_50     ; CLOCK_50    ; 0.000        ; 0.072      ; 0.597      ;
; 0.355 ; bin2bcd:bin2bcd_min|bcds[5]                 ; bin2bcd:bin2bcd_min|bcds[5]                 ; CLOCK_50     ; CLOCK_50    ; 0.000        ; 0.071      ; 0.597      ;
; 0.355 ; bin2bcd:bin2bcd_min|bcds[6]                 ; bin2bcd:bin2bcd_min|bcds[6]                 ; CLOCK_50     ; CLOCK_50    ; 0.000        ; 0.071      ; 0.597      ;
; 0.355 ; bin2bcd:bin2bcd_min|bcds[4]                 ; bin2bcd:bin2bcd_min|bcds[4]                 ; CLOCK_50     ; CLOCK_50    ; 0.000        ; 0.071      ; 0.597      ;
; 0.355 ; bin2bcd:bin2bcd_min|bcds[1]                 ; bin2bcd:bin2bcd_min|bcds[1]                 ; CLOCK_50     ; CLOCK_50    ; 0.000        ; 0.071      ; 0.597      ;
; 0.355 ; bin2bcd:bin2bcd_min|bcds[2]                 ; bin2bcd:bin2bcd_min|bcds[2]                 ; CLOCK_50     ; CLOCK_50    ; 0.000        ; 0.071      ; 0.597      ;
; 0.355 ; bin2bcd:bin2bcd_min|bcds[3]                 ; bin2bcd:bin2bcd_min|bcds[3]                 ; CLOCK_50     ; CLOCK_50    ; 0.000        ; 0.071      ; 0.597      ;
; 0.355 ; bin2bcd:bin2bcd_min|bcds[0]                 ; bin2bcd:bin2bcd_min|bcds[0]                 ; CLOCK_50     ; CLOCK_50    ; 0.000        ; 0.071      ; 0.597      ;
; 0.355 ; bin2bcd:bin2bcd_sec|bcds[5]                 ; bin2bcd:bin2bcd_sec|bcds[5]                 ; CLOCK_50     ; CLOCK_50    ; 0.000        ; 0.071      ; 0.597      ;
; 0.355 ; bin2bcd:bin2bcd_sec|bcds[6]                 ; bin2bcd:bin2bcd_sec|bcds[6]                 ; CLOCK_50     ; CLOCK_50    ; 0.000        ; 0.071      ; 0.597      ;
; 0.355 ; bin2bcd:bin2bcd_sec|bcds[4]                 ; bin2bcd:bin2bcd_sec|bcds[4]                 ; CLOCK_50     ; CLOCK_50    ; 0.000        ; 0.071      ; 0.597      ;
; 0.355 ; bin2bcd:bin2bcd_sec|bcds[1]                 ; bin2bcd:bin2bcd_sec|bcds[1]                 ; CLOCK_50     ; CLOCK_50    ; 0.000        ; 0.071      ; 0.597      ;
; 0.355 ; bin2bcd:bin2bcd_sec|bcds[3]                 ; bin2bcd:bin2bcd_sec|bcds[3]                 ; CLOCK_50     ; CLOCK_50    ; 0.000        ; 0.071      ; 0.597      ;
; 0.355 ; bin2bcd:bin2bcd_sec|bcds[2]                 ; bin2bcd:bin2bcd_sec|bcds[2]                 ; CLOCK_50     ; CLOCK_50    ; 0.000        ; 0.071      ; 0.597      ;
; 0.355 ; bin2bcd:bin2bcd_sec|bcds[0]                 ; bin2bcd:bin2bcd_sec|bcds[0]                 ; CLOCK_50     ; CLOCK_50    ; 0.000        ; 0.071      ; 0.597      ;
; 0.355 ; bin2bcd:bin2bcd_min|shift_counter[0]        ; bin2bcd:bin2bcd_min|shift_counter[0]        ; CLOCK_50     ; CLOCK_50    ; 0.000        ; 0.071      ; 0.597      ;
; 0.355 ; bin2bcd:bin2bcd_min|shift_counter[1]        ; bin2bcd:bin2bcd_min|shift_counter[1]        ; CLOCK_50     ; CLOCK_50    ; 0.000        ; 0.071      ; 0.597      ;
; 0.355 ; bin2bcd:bin2bcd_min|shift_counter[2]        ; bin2bcd:bin2bcd_min|shift_counter[2]        ; CLOCK_50     ; CLOCK_50    ; 0.000        ; 0.071      ; 0.597      ;
; 0.356 ; bin2bcd:bin2bcd_hour|bcds[5]                ; bin2bcd:bin2bcd_hour|bcds[5]                ; CLOCK_50     ; CLOCK_50    ; 0.000        ; 0.070      ; 0.597      ;
; 0.356 ; bin2bcd:bin2bcd_hour|bcds[7]                ; bin2bcd:bin2bcd_hour|bcds[7]                ; CLOCK_50     ; CLOCK_50    ; 0.000        ; 0.070      ; 0.597      ;
; 0.356 ; bin2bcd:bin2bcd_hour|bcds[6]                ; bin2bcd:bin2bcd_hour|bcds[6]                ; CLOCK_50     ; CLOCK_50    ; 0.000        ; 0.070      ; 0.597      ;
; 0.356 ; bin2bcd:bin2bcd_hour|bcds[4]                ; bin2bcd:bin2bcd_hour|bcds[4]                ; CLOCK_50     ; CLOCK_50    ; 0.000        ; 0.070      ; 0.597      ;
; 0.356 ; bin2bcd:bin2bcd_hour|bcds[1]                ; bin2bcd:bin2bcd_hour|bcds[1]                ; CLOCK_50     ; CLOCK_50    ; 0.000        ; 0.070      ; 0.597      ;
; 0.356 ; bin2bcd:bin2bcd_hour|bcds[3]                ; bin2bcd:bin2bcd_hour|bcds[3]                ; CLOCK_50     ; CLOCK_50    ; 0.000        ; 0.070      ; 0.597      ;
; 0.356 ; bin2bcd:bin2bcd_hour|bcds[2]                ; bin2bcd:bin2bcd_hour|bcds[2]                ; CLOCK_50     ; CLOCK_50    ; 0.000        ; 0.070      ; 0.597      ;
; 0.356 ; bin2bcd:bin2bcd_hour|bcds[0]                ; bin2bcd:bin2bcd_hour|bcds[0]                ; CLOCK_50     ; CLOCK_50    ; 0.000        ; 0.070      ; 0.597      ;
; 0.356 ; bin2bcd:bin2bcd_hour|shift_counter[0]       ; bin2bcd:bin2bcd_hour|shift_counter[0]       ; CLOCK_50     ; CLOCK_50    ; 0.000        ; 0.070      ; 0.597      ;
; 0.356 ; bin2bcd:bin2bcd_hour|shift_counter[2]       ; bin2bcd:bin2bcd_hour|shift_counter[2]       ; CLOCK_50     ; CLOCK_50    ; 0.000        ; 0.070      ; 0.597      ;
; 0.356 ; bin2bcd:bin2bcd_hour|shift_counter[1]       ; bin2bcd:bin2bcd_hour|shift_counter[1]       ; CLOCK_50     ; CLOCK_50    ; 0.000        ; 0.070      ; 0.597      ;
; 0.397 ; bin2bcd:bin2bcd_min|binary[3]               ; bin2bcd:bin2bcd_min|binary[4]               ; CLOCK_50     ; CLOCK_50    ; 0.000        ; 0.071      ; 0.639      ;
; 0.397 ; bin2bcd:bin2bcd_sec|binary[3]               ; bin2bcd:bin2bcd_sec|binary[4]               ; CLOCK_50     ; CLOCK_50    ; 0.000        ; 0.071      ; 0.639      ;
; 0.398 ; bin2bcd:bin2bcd_min|binary[0]               ; bin2bcd:bin2bcd_min|binary[1]               ; CLOCK_50     ; CLOCK_50    ; 0.000        ; 0.071      ; 0.640      ;
; 0.398 ; bin2bcd:bin2bcd_sec|binary[4]               ; bin2bcd:bin2bcd_sec|binary[5]               ; CLOCK_50     ; CLOCK_50    ; 0.000        ; 0.071      ; 0.640      ;
; 0.398 ; bin2bcd:bin2bcd_sec|binary[5]               ; bin2bcd:bin2bcd_sec|bcds[0]                 ; CLOCK_50     ; CLOCK_50    ; 0.000        ; 0.071      ; 0.640      ;
; 0.399 ; bin2bcd:bin2bcd_min|binary[4]               ; bin2bcd:bin2bcd_min|binary[5]               ; CLOCK_50     ; CLOCK_50    ; 0.000        ; 0.071      ; 0.641      ;
; 0.399 ; bin2bcd:bin2bcd_min|binary[2]               ; bin2bcd:bin2bcd_min|binary[3]               ; CLOCK_50     ; CLOCK_50    ; 0.000        ; 0.071      ; 0.641      ;
; 0.400 ; sync_keys:inst_sync_keys|sync1[0]           ; relogio_fsm:inst_fsm|state_reg.incrementa_s ; CLOCK_50     ; CLOCK_50    ; 0.000        ; 0.072      ; 0.643      ;
; 0.400 ; sync_keys:inst_sync_keys|sync1[0]           ; relogio_fsm:inst_fsm|state_reg.incrementa_m ; CLOCK_50     ; CLOCK_50    ; 0.000        ; 0.072      ; 0.643      ;
; 0.400 ; bin2bcd:bin2bcd_min|binary[1]               ; bin2bcd:bin2bcd_min|binary[2]               ; CLOCK_50     ; CLOCK_50    ; 0.000        ; 0.071      ; 0.642      ;
; 0.401 ; timer:t0|r_reg[25]                          ; timer:t0|r_reg[25]                          ; CLOCK_50     ; CLOCK_50    ; 0.000        ; 0.071      ; 0.643      ;
; 0.411 ; bin2bcd:bin2bcd_min|shift_counter[2]        ; bin2bcd:bin2bcd_min|state.done              ; CLOCK_50     ; CLOCK_50    ; 0.000        ; 0.071      ; 0.653      ;
; 0.424 ; relogio_fsm:inst_fsm|state_reg.ajuste_m     ; relogio_fsm:inst_fsm|state_reg.decrementa_m ; CLOCK_50     ; CLOCK_50    ; 0.000        ; 0.072      ; 0.667      ;
; 0.431 ; relogio_fsm:inst_fsm|state_reg.decrementa_m ; relogio_fsm:inst_fsm|state_reg.ajuste_m     ; CLOCK_50     ; CLOCK_50    ; 0.000        ; 0.072      ; 0.674      ;
; 0.434 ; sync_keys:inst_sync_keys|sync1[1]           ; relogio_fsm:inst_fsm|state_reg.incrementa_h ; CLOCK_50     ; CLOCK_50    ; 0.000        ; 0.072      ; 0.677      ;
; 0.444 ; bin2bcd:bin2bcd_min|state.done              ; bin2bcd:bin2bcd_min|shift_counter[0]        ; CLOCK_50     ; CLOCK_50    ; 0.000        ; 0.071      ; 0.686      ;
; 0.444 ; bin2bcd:bin2bcd_min|state.done              ; bin2bcd:bin2bcd_min|shift_counter[1]        ; CLOCK_50     ; CLOCK_50    ; 0.000        ; 0.071      ; 0.686      ;
; 0.444 ; bin2bcd:bin2bcd_min|state.done              ; bin2bcd:bin2bcd_min|shift_counter[2]        ; CLOCK_50     ; CLOCK_50    ; 0.000        ; 0.071      ; 0.686      ;
; 0.463 ; bin2bcd:bin2bcd_hour|state.shift            ; bin2bcd:bin2bcd_hour|binary[0]              ; CLOCK_50     ; CLOCK_50    ; 0.000        ; 0.070      ; 0.704      ;
; 0.464 ; bin2bcd:bin2bcd_hour|state.shift            ; bin2bcd:bin2bcd_hour|binary[4]              ; CLOCK_50     ; CLOCK_50    ; 0.000        ; 0.070      ; 0.705      ;
; 0.478 ; bin2bcd:bin2bcd_hour|state.shift            ; bin2bcd:bin2bcd_hour|state.done             ; CLOCK_50     ; CLOCK_50    ; 0.000        ; 0.070      ; 0.719      ;
; 0.478 ; bin2bcd:bin2bcd_hour|state.shift            ; bin2bcd:bin2bcd_hour|shift_counter[0]       ; CLOCK_50     ; CLOCK_50    ; 0.000        ; 0.070      ; 0.719      ;
; 0.484 ; bin2bcd:bin2bcd_hour|state.shift            ; bin2bcd:bin2bcd_hour|shift_counter[1]       ; CLOCK_50     ; CLOCK_50    ; 0.000        ; 0.070      ; 0.725      ;
; 0.485 ; bin2bcd:bin2bcd_hour|state.shift            ; bin2bcd:bin2bcd_hour|shift_counter[2]       ; CLOCK_50     ; CLOCK_50    ; 0.000        ; 0.070      ; 0.726      ;
; 0.510 ; bin2bcd:bin2bcd_sec|binary[2]               ; bin2bcd:bin2bcd_sec|binary[3]               ; CLOCK_50     ; CLOCK_50    ; 0.000        ; 0.071      ; 0.752      ;
; 0.523 ; bin2bcd:bin2bcd_hour|binary[0]              ; bin2bcd:bin2bcd_hour|binary[1]              ; CLOCK_50     ; CLOCK_50    ; 0.000        ; 0.070      ; 0.764      ;
; 0.533 ; sync_keys:inst_sync_keys|sync2[1]           ; relogio_fsm:inst_fsm|state_reg.decrementa_s ; CLOCK_50     ; CLOCK_50    ; 0.000        ; 0.072      ; 0.776      ;
; 0.541 ; bin2bcd:bin2bcd_hour|shift_counter[0]       ; bin2bcd:bin2bcd_hour|state.done             ; CLOCK_50     ; CLOCK_50    ; 0.000        ; 0.070      ; 0.782      ;
; 0.547 ; sync_keys:inst_sync_keys|sync0[2]           ; sync_keys:inst_sync_keys|sync0[1]           ; CLOCK_50     ; CLOCK_50    ; 0.000        ; 0.072      ; 0.790      ;
; 0.555 ; sync_keys:inst_sync_keys|sync0[1]           ; sync_keys:inst_sync_keys|sync0[0]           ; CLOCK_50     ; CLOCK_50    ; 0.000        ; 0.072      ; 0.798      ;
; 0.561 ; bin2bcd:bin2bcd_hour|bcds[7]                ; bin2bcd:bin2bcd_hour|bcds_out_reg[7]        ; CLOCK_50     ; CLOCK_50    ; 0.000        ; 0.070      ; 0.802      ;
; 0.562 ; bin2bcd:bin2bcd_hour|binary[0]              ; bin2bcd:bin2bcd_hour|binary[0]              ; CLOCK_50     ; CLOCK_50    ; 0.000        ; 0.070      ; 0.803      ;
; 0.562 ; bin2bcd:bin2bcd_hour|binary[4]              ; bin2bcd:bin2bcd_hour|bcds[0]                ; CLOCK_50     ; CLOCK_50    ; 0.000        ; 0.072      ; 0.805      ;
; 0.563 ; bin2bcd:bin2bcd_min|state.shift             ; bin2bcd:bin2bcd_min|state.done              ; CLOCK_50     ; CLOCK_50    ; 0.000        ; 0.071      ; 0.805      ;
; 0.569 ; sync_keys:inst_sync_keys|sync2[0]           ; relogio_fsm:inst_fsm|state_reg.decrementa_s ; CLOCK_50     ; CLOCK_50    ; 0.000        ; 0.072      ; 0.812      ;
; 0.570 ; bin2bcd:bin2bcd_sec|bcds[5]                 ; bin2bcd:bin2bcd_sec|bcds_out_reg[5]         ; CLOCK_50     ; CLOCK_50    ; 0.000        ; 0.071      ; 0.812      ;
; 0.570 ; bin2bcd:bin2bcd_sec|bcds[7]                 ; bin2bcd:bin2bcd_sec|bcds_out_reg[7]         ; CLOCK_50     ; CLOCK_50    ; 0.000        ; 0.071      ; 0.812      ;
; 0.571 ; sync_keys:inst_sync_keys|sync2[1]           ; sync_keys:inst_sync_keys|sync2[0]           ; CLOCK_50     ; CLOCK_50    ; 0.000        ; 0.072      ; 0.814      ;
; 0.572 ; bin2bcd:bin2bcd_min|bcds[1]                 ; bin2bcd:bin2bcd_min|bcds_out_reg[1]         ; CLOCK_50     ; CLOCK_50    ; 0.000        ; 0.071      ; 0.814      ;
; 0.572 ; bin2bcd:bin2bcd_min|state.start             ; bin2bcd:bin2bcd_min|state.shift             ; CLOCK_50     ; CLOCK_50    ; 0.000        ; 0.070      ; 0.813      ;
; 0.574 ; sync_keys:inst_sync_keys|sync2[0]           ; relogio_fsm:inst_fsm|state_reg.decrementa_h ; CLOCK_50     ; CLOCK_50    ; 0.000        ; 0.072      ; 0.817      ;
; 0.574 ; bin2bcd:bin2bcd_min|bcds[0]                 ; bin2bcd:bin2bcd_min|bcds_out_reg[0]         ; CLOCK_50     ; CLOCK_50    ; 0.000        ; 0.071      ; 0.816      ;
; 0.574 ; bin2bcd:bin2bcd_sec|bcds[6]                 ; bin2bcd:bin2bcd_sec|bcds_out_reg[6]         ; CLOCK_50     ; CLOCK_50    ; 0.000        ; 0.071      ; 0.816      ;
; 0.577 ; bin2bcd:bin2bcd_min|bcds[4]                 ; bin2bcd:bin2bcd_min|bcds_out_reg[4]         ; CLOCK_50     ; CLOCK_50    ; 0.000        ; 0.071      ; 0.819      ;
; 0.577 ; bin2bcd:bin2bcd_sec|bcds[3]                 ; bin2bcd:bin2bcd_sec|bcds_out_reg[3]         ; CLOCK_50     ; CLOCK_50    ; 0.000        ; 0.071      ; 0.819      ;
; 0.579 ; bin2bcd:bin2bcd_min|bcds[3]                 ; bin2bcd:bin2bcd_min|bcds_out_reg[3]         ; CLOCK_50     ; CLOCK_50    ; 0.000        ; 0.071      ; 0.821      ;
; 0.581 ; bin2bcd:bin2bcd_sec|bcds[2]                 ; bin2bcd:bin2bcd_sec|bcds_out_reg[2]         ; CLOCK_50     ; CLOCK_50    ; 0.000        ; 0.071      ; 0.823      ;
; 0.583 ; bin2bcd:bin2bcd_sec|binary[1]               ; bin2bcd:bin2bcd_sec|binary[2]               ; CLOCK_50     ; CLOCK_50    ; 0.000        ; 0.071      ; 0.825      ;
; 0.584 ; bin2bcd:bin2bcd_sec|binary[0]               ; bin2bcd:bin2bcd_sec|binary[1]               ; CLOCK_50     ; CLOCK_50    ; 0.000        ; 0.071      ; 0.826      ;
; 0.584 ; bin2bcd:bin2bcd_hour|binary[3]              ; bin2bcd:bin2bcd_hour|binary[4]              ; CLOCK_50     ; CLOCK_50    ; 0.000        ; 0.070      ; 0.825      ;
; 0.585 ; blink:blink1|r_reg[10]                      ; blink:blink1|r_reg[10]                      ; CLOCK_50     ; CLOCK_50    ; 0.000        ; 0.072      ; 0.828      ;
; 0.586 ; blink:blink1|r_reg[8]                       ; blink:blink1|r_reg[8]                       ; CLOCK_50     ; CLOCK_50    ; 0.000        ; 0.072      ; 0.829      ;
; 0.587 ; blink:blink1|r_reg[9]                       ; blink:blink1|r_reg[9]                       ; CLOCK_50     ; CLOCK_50    ; 0.000        ; 0.072      ; 0.830      ;
; 0.587 ; timer:t0|r_reg[8]                           ; timer:t0|r_reg[8]                           ; CLOCK_50     ; CLOCK_50    ; 0.000        ; 0.071      ; 0.829      ;
; 0.587 ; timer:t0|r_reg[10]                          ; timer:t0|r_reg[10]                          ; CLOCK_50     ; CLOCK_50    ; 0.000        ; 0.071      ; 0.829      ;
; 0.587 ; timer:t0|r_reg[16]                          ; timer:t0|r_reg[16]                          ; CLOCK_50     ; CLOCK_50    ; 0.000        ; 0.071      ; 0.829      ;
; 0.587 ; bin2bcd:bin2bcd_hour|binary[1]              ; bin2bcd:bin2bcd_hour|binary[2]              ; CLOCK_50     ; CLOCK_50    ; 0.000        ; 0.070      ; 0.828      ;
; 0.588 ; timer:t0|r_reg[11]                          ; timer:t0|r_reg[11]                          ; CLOCK_50     ; CLOCK_50    ; 0.000        ; 0.071      ; 0.830      ;
; 0.588 ; timer:t0|r_reg[13]                          ; timer:t0|r_reg[13]                          ; CLOCK_50     ; CLOCK_50    ; 0.000        ; 0.071      ; 0.830      ;
; 0.588 ; bin2bcd:bin2bcd_hour|binary[2]              ; bin2bcd:bin2bcd_hour|binary[3]              ; CLOCK_50     ; CLOCK_50    ; 0.000        ; 0.070      ; 0.829      ;
; 0.589 ; timer:t0|r_reg[2]                           ; timer:t0|r_reg[2]                           ; CLOCK_50     ; CLOCK_50    ; 0.000        ; 0.071      ; 0.831      ;
; 0.589 ; timer:t0|r_reg[9]                           ; timer:t0|r_reg[9]                           ; CLOCK_50     ; CLOCK_50    ; 0.000        ; 0.071      ; 0.831      ;
; 0.589 ; timer:t0|r_reg[15]                          ; timer:t0|r_reg[15]                          ; CLOCK_50     ; CLOCK_50    ; 0.000        ; 0.071      ; 0.831      ;
; 0.589 ; timer:t0|r_reg[18]                          ; timer:t0|r_reg[18]                          ; CLOCK_50     ; CLOCK_50    ; 0.000        ; 0.071      ; 0.831      ;
; 0.590 ; timer:t0|r_reg[1]                           ; timer:t0|r_reg[1]                           ; CLOCK_50     ; CLOCK_50    ; 0.000        ; 0.071      ; 0.832      ;
; 0.590 ; timer:t0|r_reg[7]                           ; timer:t0|r_reg[7]                           ; CLOCK_50     ; CLOCK_50    ; 0.000        ; 0.071      ; 0.832      ;
; 0.590 ; timer:t0|r_reg[14]                          ; timer:t0|r_reg[14]                          ; CLOCK_50     ; CLOCK_50    ; 0.000        ; 0.071      ; 0.832      ;
; 0.590 ; timer:t0|r_reg[17]                          ; timer:t0|r_reg[17]                          ; CLOCK_50     ; CLOCK_50    ; 0.000        ; 0.071      ; 0.832      ;
; 0.591 ; timer:t0|r_reg[21]                          ; timer:t0|r_reg[21]                          ; CLOCK_50     ; CLOCK_50    ; 0.000        ; 0.071      ; 0.833      ;
; 0.592 ; timer:t0|r_reg[6]                           ; timer:t0|r_reg[6]                           ; CLOCK_50     ; CLOCK_50    ; 0.000        ; 0.071      ; 0.834      ;
; 0.593 ; blink:blink1|r_reg[2]                       ; blink:blink1|r_reg[2]                       ; CLOCK_50     ; CLOCK_50    ; 0.000        ; 0.072      ; 0.836      ;
+-------+---------------------------------------------+---------------------------------------------+--------------+-------------+--------------+------------+------------+


----------------------------------------------
; Slow 1200mV 0C Model Metastability Summary ;
----------------------------------------------
The design MTBF is not calculated because there are no specified synchronizers in the design.
Number of Synchronizer Chains Found: 3
Shortest Synchronizer Chain: 2 Registers
Fraction of Chains for which MTBFs Could Not be Calculated: 1.000
Worst Case Available Settling Time: 34.884 ns




+------------------------------------+
; Fast 1200mV 0C Model Setup Summary ;
+----------+-------+-----------------+
; Clock    ; Slack ; End Point TNS   ;
+----------+-------+-----------------+
; CLOCK_50 ; 9.236 ; 0.000           ;
+----------+-------+-----------------+


+-----------------------------------+
; Fast 1200mV 0C Model Hold Summary ;
+----------+-------+----------------+
; Clock    ; Slack ; End Point TNS  ;
+----------+-------+----------------+
; CLOCK_50 ; 0.178 ; 0.000          ;
+----------+-------+----------------+


-----------------------------------------
; Fast 1200mV 0C Model Recovery Summary ;
-----------------------------------------
No paths to report.


----------------------------------------
; Fast 1200mV 0C Model Removal Summary ;
----------------------------------------
No paths to report.


+--------------------------------------------------+
; Fast 1200mV 0C Model Minimum Pulse Width Summary ;
+----------+-------+-------------------------------+
; Clock    ; Slack ; End Point TNS                 ;
+----------+-------+-------------------------------+
; CLOCK_50 ; 9.396 ; 0.000                         ;
+----------+-------+-------------------------------+


+------------------------------------------------------------------------------------------------------------------------------------+
; Fast 1200mV 0C Model Setup: 'CLOCK_50'                                                                                             ;
+--------+--------------------+--------------------------------+--------------+-------------+--------------+------------+------------+
; Slack  ; From Node          ; To Node                        ; Launch Clock ; Latch Clock ; Relationship ; Clock Skew ; Data Delay ;
+--------+--------------------+--------------------------------+--------------+-------------+--------------+------------+------------+
; 9.236  ; timer:t0|s_reg[5]  ; bin2bcd:bin2bcd_sec|binary[5]  ; CLOCK_50     ; CLOCK_50    ; 10.000       ; 0.354      ; 1.105      ;
; 9.407  ; timer:t0|m_reg[3]  ; bin2bcd:bin2bcd_min|binary[3]  ; CLOCK_50     ; CLOCK_50    ; 10.000       ; 0.352      ; 0.932      ;
; 9.408  ; timer:t0|m_reg[4]  ; bin2bcd:bin2bcd_min|binary[4]  ; CLOCK_50     ; CLOCK_50    ; 10.000       ; 0.352      ; 0.931      ;
; 9.410  ; timer:t0|m_reg[2]  ; bin2bcd:bin2bcd_min|binary[2]  ; CLOCK_50     ; CLOCK_50    ; 10.000       ; 0.352      ; 0.929      ;
; 9.425  ; timer:t0|m_reg[5]  ; bin2bcd:bin2bcd_min|binary[5]  ; CLOCK_50     ; CLOCK_50    ; 10.000       ; 0.352      ; 0.914      ;
; 9.552  ; timer:t0|m_reg[0]  ; bin2bcd:bin2bcd_min|binary[0]  ; CLOCK_50     ; CLOCK_50    ; 10.000       ; 0.352      ; 0.787      ;
; 9.561  ; timer:t0|s_reg[0]  ; bin2bcd:bin2bcd_sec|binary[0]  ; CLOCK_50     ; CLOCK_50    ; 10.000       ; 0.354      ; 0.780      ;
; 9.563  ; timer:t0|m_reg[1]  ; bin2bcd:bin2bcd_min|binary[1]  ; CLOCK_50     ; CLOCK_50    ; 10.000       ; 0.352      ; 0.776      ;
; 9.572  ; timer:t0|h_reg[0]  ; bin2bcd:bin2bcd_hour|binary[0] ; CLOCK_50     ; CLOCK_50    ; 10.000       ; 0.348      ; 0.763      ;
; 9.578  ; timer:t0|s_reg[4]  ; bin2bcd:bin2bcd_sec|binary[4]  ; CLOCK_50     ; CLOCK_50    ; 10.000       ; 0.354      ; 0.763      ;
; 9.582  ; timer:t0|h_reg[4]  ; bin2bcd:bin2bcd_hour|binary[4] ; CLOCK_50     ; CLOCK_50    ; 10.000       ; 0.348      ; 0.753      ;
; 9.583  ; timer:t0|s_reg[2]  ; bin2bcd:bin2bcd_sec|binary[2]  ; CLOCK_50     ; CLOCK_50    ; 10.000       ; 0.354      ; 0.758      ;
; 9.593  ; timer:t0|s_reg[3]  ; bin2bcd:bin2bcd_sec|binary[3]  ; CLOCK_50     ; CLOCK_50    ; 10.000       ; 0.354      ; 0.748      ;
; 9.650  ; timer:t0|h_reg[2]  ; bin2bcd:bin2bcd_hour|binary[2] ; CLOCK_50     ; CLOCK_50    ; 10.000       ; 0.348      ; 0.685      ;
; 9.741  ; timer:t0|h_reg[1]  ; bin2bcd:bin2bcd_hour|binary[1] ; CLOCK_50     ; CLOCK_50    ; 10.000       ; 0.348      ; 0.594      ;
; 9.741  ; timer:t0|s_reg[1]  ; bin2bcd:bin2bcd_sec|binary[1]  ; CLOCK_50     ; CLOCK_50    ; 10.000       ; 0.354      ; 0.600      ;
; 9.760  ; timer:t0|h_reg[3]  ; bin2bcd:bin2bcd_hour|binary[3] ; CLOCK_50     ; CLOCK_50    ; 10.000       ; 0.348      ; 0.575      ;
; 16.767 ; timer:t0|r_reg[12] ; timer:t0|m_reg[0]              ; CLOCK_50     ; CLOCK_50    ; 20.000       ; -0.036     ; 3.184      ;
; 16.858 ; timer:t0|r_reg[12] ; timer:t0|h_reg[4]              ; CLOCK_50     ; CLOCK_50    ; 20.000       ; -0.053     ; 3.076      ;
; 16.858 ; timer:t0|r_reg[12] ; timer:t0|h_reg[3]              ; CLOCK_50     ; CLOCK_50    ; 20.000       ; -0.053     ; 3.076      ;
; 16.858 ; timer:t0|r_reg[12] ; timer:t0|h_reg[2]              ; CLOCK_50     ; CLOCK_50    ; 20.000       ; -0.053     ; 3.076      ;
; 16.858 ; timer:t0|r_reg[12] ; timer:t0|h_reg[1]              ; CLOCK_50     ; CLOCK_50    ; 20.000       ; -0.053     ; 3.076      ;
; 16.858 ; timer:t0|r_reg[12] ; timer:t0|h_reg[0]              ; CLOCK_50     ; CLOCK_50    ; 20.000       ; -0.053     ; 3.076      ;
; 16.863 ; timer:t0|r_reg[13] ; timer:t0|m_reg[0]              ; CLOCK_50     ; CLOCK_50    ; 20.000       ; -0.034     ; 3.090      ;
; 16.885 ; timer:t0|r_reg[3]  ; timer:t0|m_reg[0]              ; CLOCK_50     ; CLOCK_50    ; 20.000       ; -0.036     ; 3.066      ;
; 16.909 ; timer:t0|r_reg[23] ; timer:t0|h_reg[4]              ; CLOCK_50     ; CLOCK_50    ; 20.000       ; -0.051     ; 3.027      ;
; 16.909 ; timer:t0|r_reg[23] ; timer:t0|h_reg[3]              ; CLOCK_50     ; CLOCK_50    ; 20.000       ; -0.051     ; 3.027      ;
; 16.909 ; timer:t0|r_reg[23] ; timer:t0|h_reg[2]              ; CLOCK_50     ; CLOCK_50    ; 20.000       ; -0.051     ; 3.027      ;
; 16.909 ; timer:t0|r_reg[23] ; timer:t0|h_reg[1]              ; CLOCK_50     ; CLOCK_50    ; 20.000       ; -0.051     ; 3.027      ;
; 16.909 ; timer:t0|r_reg[23] ; timer:t0|h_reg[0]              ; CLOCK_50     ; CLOCK_50    ; 20.000       ; -0.051     ; 3.027      ;
; 16.935 ; timer:t0|r_reg[15] ; timer:t0|m_reg[0]              ; CLOCK_50     ; CLOCK_50    ; 20.000       ; -0.034     ; 3.018      ;
; 16.954 ; timer:t0|r_reg[13] ; timer:t0|h_reg[4]              ; CLOCK_50     ; CLOCK_50    ; 20.000       ; -0.051     ; 2.982      ;
; 16.954 ; timer:t0|r_reg[13] ; timer:t0|h_reg[3]              ; CLOCK_50     ; CLOCK_50    ; 20.000       ; -0.051     ; 2.982      ;
; 16.954 ; timer:t0|r_reg[13] ; timer:t0|h_reg[2]              ; CLOCK_50     ; CLOCK_50    ; 20.000       ; -0.051     ; 2.982      ;
; 16.954 ; timer:t0|r_reg[13] ; timer:t0|h_reg[1]              ; CLOCK_50     ; CLOCK_50    ; 20.000       ; -0.051     ; 2.982      ;
; 16.954 ; timer:t0|r_reg[13] ; timer:t0|h_reg[0]              ; CLOCK_50     ; CLOCK_50    ; 20.000       ; -0.051     ; 2.982      ;
; 16.960 ; timer:t0|r_reg[2]  ; timer:t0|m_reg[0]              ; CLOCK_50     ; CLOCK_50    ; 20.000       ; -0.036     ; 2.991      ;
; 16.974 ; timer:t0|r_reg[10] ; timer:t0|m_reg[0]              ; CLOCK_50     ; CLOCK_50    ; 20.000       ; -0.036     ; 2.977      ;
; 16.976 ; timer:t0|r_reg[3]  ; timer:t0|h_reg[4]              ; CLOCK_50     ; CLOCK_50    ; 20.000       ; -0.053     ; 2.958      ;
; 16.976 ; timer:t0|r_reg[3]  ; timer:t0|h_reg[3]              ; CLOCK_50     ; CLOCK_50    ; 20.000       ; -0.053     ; 2.958      ;
; 16.976 ; timer:t0|r_reg[3]  ; timer:t0|h_reg[2]              ; CLOCK_50     ; CLOCK_50    ; 20.000       ; -0.053     ; 2.958      ;
; 16.976 ; timer:t0|r_reg[3]  ; timer:t0|h_reg[1]              ; CLOCK_50     ; CLOCK_50    ; 20.000       ; -0.053     ; 2.958      ;
; 16.976 ; timer:t0|r_reg[3]  ; timer:t0|h_reg[0]              ; CLOCK_50     ; CLOCK_50    ; 20.000       ; -0.053     ; 2.958      ;
; 16.980 ; timer:t0|r_reg[9]  ; timer:t0|m_reg[0]              ; CLOCK_50     ; CLOCK_50    ; 20.000       ; -0.036     ; 2.971      ;
; 16.988 ; timer:t0|r_reg[22] ; timer:t0|h_reg[4]              ; CLOCK_50     ; CLOCK_50    ; 20.000       ; -0.051     ; 2.948      ;
; 16.988 ; timer:t0|r_reg[22] ; timer:t0|h_reg[3]              ; CLOCK_50     ; CLOCK_50    ; 20.000       ; -0.051     ; 2.948      ;
; 16.988 ; timer:t0|r_reg[22] ; timer:t0|h_reg[2]              ; CLOCK_50     ; CLOCK_50    ; 20.000       ; -0.051     ; 2.948      ;
; 16.988 ; timer:t0|r_reg[22] ; timer:t0|h_reg[1]              ; CLOCK_50     ; CLOCK_50    ; 20.000       ; -0.051     ; 2.948      ;
; 16.988 ; timer:t0|r_reg[22] ; timer:t0|h_reg[0]              ; CLOCK_50     ; CLOCK_50    ; 20.000       ; -0.051     ; 2.948      ;
; 16.991 ; timer:t0|r_reg[12] ; timer:t0|m_reg[5]              ; CLOCK_50     ; CLOCK_50    ; 20.000       ; -0.036     ; 2.960      ;
; 16.992 ; timer:t0|r_reg[14] ; timer:t0|m_reg[0]              ; CLOCK_50     ; CLOCK_50    ; 20.000       ; -0.034     ; 2.961      ;
; 17.019 ; timer:t0|r_reg[12] ; timer:t0|m_reg[3]              ; CLOCK_50     ; CLOCK_50    ; 20.000       ; -0.036     ; 2.932      ;
; 17.020 ; timer:t0|r_reg[12] ; timer:t0|m_reg[1]              ; CLOCK_50     ; CLOCK_50    ; 20.000       ; -0.036     ; 2.931      ;
; 17.026 ; timer:t0|r_reg[15] ; timer:t0|h_reg[4]              ; CLOCK_50     ; CLOCK_50    ; 20.000       ; -0.051     ; 2.910      ;
; 17.026 ; timer:t0|r_reg[15] ; timer:t0|h_reg[3]              ; CLOCK_50     ; CLOCK_50    ; 20.000       ; -0.051     ; 2.910      ;
; 17.026 ; timer:t0|r_reg[15] ; timer:t0|h_reg[2]              ; CLOCK_50     ; CLOCK_50    ; 20.000       ; -0.051     ; 2.910      ;
; 17.026 ; timer:t0|r_reg[15] ; timer:t0|h_reg[1]              ; CLOCK_50     ; CLOCK_50    ; 20.000       ; -0.051     ; 2.910      ;
; 17.026 ; timer:t0|r_reg[15] ; timer:t0|h_reg[0]              ; CLOCK_50     ; CLOCK_50    ; 20.000       ; -0.051     ; 2.910      ;
; 17.031 ; timer:t0|r_reg[1]  ; timer:t0|m_reg[0]              ; CLOCK_50     ; CLOCK_50    ; 20.000       ; -0.036     ; 2.920      ;
; 17.051 ; timer:t0|r_reg[2]  ; timer:t0|h_reg[4]              ; CLOCK_50     ; CLOCK_50    ; 20.000       ; -0.053     ; 2.883      ;
; 17.051 ; timer:t0|r_reg[2]  ; timer:t0|h_reg[3]              ; CLOCK_50     ; CLOCK_50    ; 20.000       ; -0.053     ; 2.883      ;
; 17.051 ; timer:t0|r_reg[2]  ; timer:t0|h_reg[2]              ; CLOCK_50     ; CLOCK_50    ; 20.000       ; -0.053     ; 2.883      ;
; 17.051 ; timer:t0|r_reg[2]  ; timer:t0|h_reg[1]              ; CLOCK_50     ; CLOCK_50    ; 20.000       ; -0.053     ; 2.883      ;
; 17.051 ; timer:t0|r_reg[2]  ; timer:t0|h_reg[0]              ; CLOCK_50     ; CLOCK_50    ; 20.000       ; -0.053     ; 2.883      ;
; 17.057 ; timer:t0|r_reg[20] ; timer:t0|h_reg[4]              ; CLOCK_50     ; CLOCK_50    ; 20.000       ; -0.051     ; 2.879      ;
; 17.057 ; timer:t0|r_reg[20] ; timer:t0|h_reg[3]              ; CLOCK_50     ; CLOCK_50    ; 20.000       ; -0.051     ; 2.879      ;
; 17.057 ; timer:t0|r_reg[20] ; timer:t0|h_reg[2]              ; CLOCK_50     ; CLOCK_50    ; 20.000       ; -0.051     ; 2.879      ;
; 17.057 ; timer:t0|r_reg[20] ; timer:t0|h_reg[1]              ; CLOCK_50     ; CLOCK_50    ; 20.000       ; -0.051     ; 2.879      ;
; 17.057 ; timer:t0|r_reg[20] ; timer:t0|h_reg[0]              ; CLOCK_50     ; CLOCK_50    ; 20.000       ; -0.051     ; 2.879      ;
; 17.059 ; timer:t0|r_reg[8]  ; timer:t0|m_reg[0]              ; CLOCK_50     ; CLOCK_50    ; 20.000       ; -0.036     ; 2.892      ;
; 17.065 ; timer:t0|r_reg[10] ; timer:t0|h_reg[4]              ; CLOCK_50     ; CLOCK_50    ; 20.000       ; -0.053     ; 2.869      ;
; 17.065 ; timer:t0|r_reg[10] ; timer:t0|h_reg[3]              ; CLOCK_50     ; CLOCK_50    ; 20.000       ; -0.053     ; 2.869      ;
; 17.065 ; timer:t0|r_reg[10] ; timer:t0|h_reg[2]              ; CLOCK_50     ; CLOCK_50    ; 20.000       ; -0.053     ; 2.869      ;
; 17.065 ; timer:t0|r_reg[10] ; timer:t0|h_reg[1]              ; CLOCK_50     ; CLOCK_50    ; 20.000       ; -0.053     ; 2.869      ;
; 17.065 ; timer:t0|r_reg[10] ; timer:t0|h_reg[0]              ; CLOCK_50     ; CLOCK_50    ; 20.000       ; -0.053     ; 2.869      ;
; 17.071 ; timer:t0|r_reg[9]  ; timer:t0|h_reg[4]              ; CLOCK_50     ; CLOCK_50    ; 20.000       ; -0.053     ; 2.863      ;
; 17.071 ; timer:t0|r_reg[9]  ; timer:t0|h_reg[3]              ; CLOCK_50     ; CLOCK_50    ; 20.000       ; -0.053     ; 2.863      ;
; 17.071 ; timer:t0|r_reg[9]  ; timer:t0|h_reg[2]              ; CLOCK_50     ; CLOCK_50    ; 20.000       ; -0.053     ; 2.863      ;
; 17.071 ; timer:t0|r_reg[9]  ; timer:t0|h_reg[1]              ; CLOCK_50     ; CLOCK_50    ; 20.000       ; -0.053     ; 2.863      ;
; 17.071 ; timer:t0|r_reg[9]  ; timer:t0|h_reg[0]              ; CLOCK_50     ; CLOCK_50    ; 20.000       ; -0.053     ; 2.863      ;
; 17.079 ; timer:t0|s_reg[0]  ; timer:t0|h_reg[4]              ; CLOCK_50     ; CLOCK_50    ; 20.000       ; -0.057     ; 2.851      ;
; 17.079 ; timer:t0|s_reg[0]  ; timer:t0|h_reg[3]              ; CLOCK_50     ; CLOCK_50    ; 20.000       ; -0.057     ; 2.851      ;
; 17.079 ; timer:t0|s_reg[0]  ; timer:t0|h_reg[2]              ; CLOCK_50     ; CLOCK_50    ; 20.000       ; -0.057     ; 2.851      ;
; 17.079 ; timer:t0|s_reg[0]  ; timer:t0|h_reg[1]              ; CLOCK_50     ; CLOCK_50    ; 20.000       ; -0.057     ; 2.851      ;
; 17.079 ; timer:t0|s_reg[0]  ; timer:t0|h_reg[0]              ; CLOCK_50     ; CLOCK_50    ; 20.000       ; -0.057     ; 2.851      ;
; 17.083 ; timer:t0|r_reg[14] ; timer:t0|h_reg[4]              ; CLOCK_50     ; CLOCK_50    ; 20.000       ; -0.051     ; 2.853      ;
; 17.083 ; timer:t0|r_reg[14] ; timer:t0|h_reg[3]              ; CLOCK_50     ; CLOCK_50    ; 20.000       ; -0.051     ; 2.853      ;
; 17.083 ; timer:t0|r_reg[14] ; timer:t0|h_reg[2]              ; CLOCK_50     ; CLOCK_50    ; 20.000       ; -0.051     ; 2.853      ;
; 17.083 ; timer:t0|r_reg[14] ; timer:t0|h_reg[1]              ; CLOCK_50     ; CLOCK_50    ; 20.000       ; -0.051     ; 2.853      ;
; 17.083 ; timer:t0|r_reg[14] ; timer:t0|h_reg[0]              ; CLOCK_50     ; CLOCK_50    ; 20.000       ; -0.051     ; 2.853      ;
; 17.086 ; timer:t0|s_reg[1]  ; timer:t0|h_reg[4]              ; CLOCK_50     ; CLOCK_50    ; 20.000       ; -0.057     ; 2.844      ;
; 17.086 ; timer:t0|s_reg[1]  ; timer:t0|h_reg[3]              ; CLOCK_50     ; CLOCK_50    ; 20.000       ; -0.057     ; 2.844      ;
; 17.086 ; timer:t0|s_reg[1]  ; timer:t0|h_reg[2]              ; CLOCK_50     ; CLOCK_50    ; 20.000       ; -0.057     ; 2.844      ;
; 17.086 ; timer:t0|s_reg[1]  ; timer:t0|h_reg[1]              ; CLOCK_50     ; CLOCK_50    ; 20.000       ; -0.057     ; 2.844      ;
; 17.086 ; timer:t0|s_reg[1]  ; timer:t0|h_reg[0]              ; CLOCK_50     ; CLOCK_50    ; 20.000       ; -0.057     ; 2.844      ;
; 17.087 ; timer:t0|r_reg[13] ; timer:t0|m_reg[5]              ; CLOCK_50     ; CLOCK_50    ; 20.000       ; -0.034     ; 2.866      ;
; 17.088 ; timer:t0|r_reg[0]  ; timer:t0|m_reg[0]              ; CLOCK_50     ; CLOCK_50    ; 20.000       ; -0.036     ; 2.863      ;
; 17.109 ; timer:t0|r_reg[3]  ; timer:t0|m_reg[5]              ; CLOCK_50     ; CLOCK_50    ; 20.000       ; -0.036     ; 2.842      ;
; 17.113 ; timer:t0|r_reg[5]  ; timer:t0|m_reg[0]              ; CLOCK_50     ; CLOCK_50    ; 20.000       ; -0.036     ; 2.838      ;
; 17.115 ; timer:t0|r_reg[13] ; timer:t0|m_reg[3]              ; CLOCK_50     ; CLOCK_50    ; 20.000       ; -0.034     ; 2.838      ;
+--------+--------------------+--------------------------------+--------------+-------------+--------------+------------+------------+


+-------------------------------------------------------------------------------------------------------------------------------------------------------------------------+
; Fast 1200mV 0C Model Hold: 'CLOCK_50'                                                                                                                                   ;
+-------+---------------------------------------------+---------------------------------------------+--------------+-------------+--------------+------------+------------+
; Slack ; From Node                                   ; To Node                                     ; Launch Clock ; Latch Clock ; Relationship ; Clock Skew ; Data Delay ;
+-------+---------------------------------------------+---------------------------------------------+--------------+-------------+--------------+------------+------------+
; 0.178 ; bin2bcd:bin2bcd_min|bcds[4]                 ; bin2bcd:bin2bcd_min|bcds[4]                 ; CLOCK_50     ; CLOCK_50    ; 0.000        ; 0.045      ; 0.307      ;
; 0.178 ; bin2bcd:bin2bcd_min|bcds[1]                 ; bin2bcd:bin2bcd_min|bcds[1]                 ; CLOCK_50     ; CLOCK_50    ; 0.000        ; 0.045      ; 0.307      ;
; 0.178 ; bin2bcd:bin2bcd_min|bcds[2]                 ; bin2bcd:bin2bcd_min|bcds[2]                 ; CLOCK_50     ; CLOCK_50    ; 0.000        ; 0.045      ; 0.307      ;
; 0.178 ; bin2bcd:bin2bcd_min|bcds[3]                 ; bin2bcd:bin2bcd_min|bcds[3]                 ; CLOCK_50     ; CLOCK_50    ; 0.000        ; 0.045      ; 0.307      ;
; 0.178 ; bin2bcd:bin2bcd_min|bcds[0]                 ; bin2bcd:bin2bcd_min|bcds[0]                 ; CLOCK_50     ; CLOCK_50    ; 0.000        ; 0.045      ; 0.307      ;
; 0.178 ; bin2bcd:bin2bcd_sec|bcds[5]                 ; bin2bcd:bin2bcd_sec|bcds[5]                 ; CLOCK_50     ; CLOCK_50    ; 0.000        ; 0.045      ; 0.307      ;
; 0.178 ; bin2bcd:bin2bcd_sec|bcds[6]                 ; bin2bcd:bin2bcd_sec|bcds[6]                 ; CLOCK_50     ; CLOCK_50    ; 0.000        ; 0.045      ; 0.307      ;
; 0.178 ; bin2bcd:bin2bcd_sec|bcds[4]                 ; bin2bcd:bin2bcd_sec|bcds[4]                 ; CLOCK_50     ; CLOCK_50    ; 0.000        ; 0.045      ; 0.307      ;
; 0.178 ; bin2bcd:bin2bcd_sec|bcds[1]                 ; bin2bcd:bin2bcd_sec|bcds[1]                 ; CLOCK_50     ; CLOCK_50    ; 0.000        ; 0.045      ; 0.307      ;
; 0.179 ; bin2bcd:bin2bcd_hour|bcds[4]                ; bin2bcd:bin2bcd_hour|bcds[4]                ; CLOCK_50     ; CLOCK_50    ; 0.000        ; 0.044      ; 0.307      ;
; 0.179 ; bin2bcd:bin2bcd_hour|bcds[1]                ; bin2bcd:bin2bcd_hour|bcds[1]                ; CLOCK_50     ; CLOCK_50    ; 0.000        ; 0.044      ; 0.307      ;
; 0.179 ; bin2bcd:bin2bcd_hour|bcds[3]                ; bin2bcd:bin2bcd_hour|bcds[3]                ; CLOCK_50     ; CLOCK_50    ; 0.000        ; 0.044      ; 0.307      ;
; 0.179 ; bin2bcd:bin2bcd_hour|bcds[2]                ; bin2bcd:bin2bcd_hour|bcds[2]                ; CLOCK_50     ; CLOCK_50    ; 0.000        ; 0.044      ; 0.307      ;
; 0.179 ; bin2bcd:bin2bcd_hour|bcds[0]                ; bin2bcd:bin2bcd_hour|bcds[0]                ; CLOCK_50     ; CLOCK_50    ; 0.000        ; 0.044      ; 0.307      ;
; 0.179 ; bin2bcd:bin2bcd_min|bcds[5]                 ; bin2bcd:bin2bcd_min|bcds[5]                 ; CLOCK_50     ; CLOCK_50    ; 0.000        ; 0.044      ; 0.307      ;
; 0.179 ; bin2bcd:bin2bcd_min|bcds[6]                 ; bin2bcd:bin2bcd_min|bcds[6]                 ; CLOCK_50     ; CLOCK_50    ; 0.000        ; 0.044      ; 0.307      ;
; 0.179 ; bin2bcd:bin2bcd_sec|bcds[3]                 ; bin2bcd:bin2bcd_sec|bcds[3]                 ; CLOCK_50     ; CLOCK_50    ; 0.000        ; 0.044      ; 0.307      ;
; 0.179 ; bin2bcd:bin2bcd_sec|bcds[2]                 ; bin2bcd:bin2bcd_sec|bcds[2]                 ; CLOCK_50     ; CLOCK_50    ; 0.000        ; 0.044      ; 0.307      ;
; 0.179 ; bin2bcd:bin2bcd_sec|bcds[0]                 ; bin2bcd:bin2bcd_sec|bcds[0]                 ; CLOCK_50     ; CLOCK_50    ; 0.000        ; 0.044      ; 0.307      ;
; 0.179 ; bin2bcd:bin2bcd_min|shift_counter[0]        ; bin2bcd:bin2bcd_min|shift_counter[0]        ; CLOCK_50     ; CLOCK_50    ; 0.000        ; 0.044      ; 0.307      ;
; 0.179 ; bin2bcd:bin2bcd_min|shift_counter[1]        ; bin2bcd:bin2bcd_min|shift_counter[1]        ; CLOCK_50     ; CLOCK_50    ; 0.000        ; 0.044      ; 0.307      ;
; 0.179 ; bin2bcd:bin2bcd_min|shift_counter[2]        ; bin2bcd:bin2bcd_min|shift_counter[2]        ; CLOCK_50     ; CLOCK_50    ; 0.000        ; 0.044      ; 0.307      ;
; 0.180 ; bin2bcd:bin2bcd_hour|bcds[5]                ; bin2bcd:bin2bcd_hour|bcds[5]                ; CLOCK_50     ; CLOCK_50    ; 0.000        ; 0.043      ; 0.307      ;
; 0.180 ; bin2bcd:bin2bcd_hour|bcds[7]                ; bin2bcd:bin2bcd_hour|bcds[7]                ; CLOCK_50     ; CLOCK_50    ; 0.000        ; 0.043      ; 0.307      ;
; 0.180 ; bin2bcd:bin2bcd_hour|bcds[6]                ; bin2bcd:bin2bcd_hour|bcds[6]                ; CLOCK_50     ; CLOCK_50    ; 0.000        ; 0.043      ; 0.307      ;
; 0.180 ; bin2bcd:bin2bcd_hour|shift_counter[0]       ; bin2bcd:bin2bcd_hour|shift_counter[0]       ; CLOCK_50     ; CLOCK_50    ; 0.000        ; 0.043      ; 0.307      ;
; 0.180 ; bin2bcd:bin2bcd_hour|shift_counter[2]       ; bin2bcd:bin2bcd_hour|shift_counter[2]       ; CLOCK_50     ; CLOCK_50    ; 0.000        ; 0.043      ; 0.307      ;
; 0.180 ; bin2bcd:bin2bcd_hour|shift_counter[1]       ; bin2bcd:bin2bcd_hour|shift_counter[1]       ; CLOCK_50     ; CLOCK_50    ; 0.000        ; 0.043      ; 0.307      ;
; 0.181 ; relogio_fsm:inst_fsm|state_reg.idle         ; relogio_fsm:inst_fsm|state_reg.idle         ; CLOCK_50     ; CLOCK_50    ; 0.000        ; 0.042      ; 0.307      ;
; 0.186 ; bin2bcd:bin2bcd_min|binary[3]               ; bin2bcd:bin2bcd_min|binary[4]               ; CLOCK_50     ; CLOCK_50    ; 0.000        ; 0.044      ; 0.314      ;
; 0.186 ; bin2bcd:bin2bcd_min|binary[0]               ; bin2bcd:bin2bcd_min|binary[1]               ; CLOCK_50     ; CLOCK_50    ; 0.000        ; 0.044      ; 0.314      ;
; 0.186 ; bin2bcd:bin2bcd_sec|binary[3]               ; bin2bcd:bin2bcd_sec|binary[4]               ; CLOCK_50     ; CLOCK_50    ; 0.000        ; 0.044      ; 0.314      ;
; 0.186 ; bin2bcd:bin2bcd_sec|binary[5]               ; bin2bcd:bin2bcd_sec|bcds[0]                 ; CLOCK_50     ; CLOCK_50    ; 0.000        ; 0.044      ; 0.314      ;
; 0.187 ; bin2bcd:bin2bcd_sec|binary[4]               ; bin2bcd:bin2bcd_sec|binary[5]               ; CLOCK_50     ; CLOCK_50    ; 0.000        ; 0.044      ; 0.315      ;
; 0.188 ; bin2bcd:bin2bcd_min|binary[4]               ; bin2bcd:bin2bcd_min|binary[5]               ; CLOCK_50     ; CLOCK_50    ; 0.000        ; 0.044      ; 0.316      ;
; 0.188 ; bin2bcd:bin2bcd_min|binary[2]               ; bin2bcd:bin2bcd_min|binary[3]               ; CLOCK_50     ; CLOCK_50    ; 0.000        ; 0.044      ; 0.316      ;
; 0.189 ; bin2bcd:bin2bcd_min|binary[1]               ; bin2bcd:bin2bcd_min|binary[2]               ; CLOCK_50     ; CLOCK_50    ; 0.000        ; 0.044      ; 0.317      ;
; 0.193 ; bin2bcd:bin2bcd_min|shift_counter[2]        ; bin2bcd:bin2bcd_min|state.done              ; CLOCK_50     ; CLOCK_50    ; 0.000        ; 0.044      ; 0.321      ;
; 0.200 ; timer:t0|r_reg[25]                          ; timer:t0|r_reg[25]                          ; CLOCK_50     ; CLOCK_50    ; 0.000        ; 0.041      ; 0.325      ;
; 0.204 ; sync_keys:inst_sync_keys|sync1[0]           ; relogio_fsm:inst_fsm|state_reg.incrementa_s ; CLOCK_50     ; CLOCK_50    ; 0.000        ; 0.042      ; 0.330      ;
; 0.204 ; sync_keys:inst_sync_keys|sync1[0]           ; relogio_fsm:inst_fsm|state_reg.incrementa_m ; CLOCK_50     ; CLOCK_50    ; 0.000        ; 0.042      ; 0.330      ;
; 0.204 ; relogio_fsm:inst_fsm|state_reg.ajuste_m     ; relogio_fsm:inst_fsm|state_reg.decrementa_m ; CLOCK_50     ; CLOCK_50    ; 0.000        ; 0.042      ; 0.330      ;
; 0.209 ; relogio_fsm:inst_fsm|state_reg.decrementa_m ; relogio_fsm:inst_fsm|state_reg.ajuste_m     ; CLOCK_50     ; CLOCK_50    ; 0.000        ; 0.042      ; 0.335      ;
; 0.210 ; sync_keys:inst_sync_keys|sync1[1]           ; relogio_fsm:inst_fsm|state_reg.incrementa_h ; CLOCK_50     ; CLOCK_50    ; 0.000        ; 0.042      ; 0.336      ;
; 0.212 ; bin2bcd:bin2bcd_min|state.done              ; bin2bcd:bin2bcd_min|shift_counter[2]        ; CLOCK_50     ; CLOCK_50    ; 0.000        ; 0.044      ; 0.340      ;
; 0.213 ; bin2bcd:bin2bcd_min|state.done              ; bin2bcd:bin2bcd_min|shift_counter[0]        ; CLOCK_50     ; CLOCK_50    ; 0.000        ; 0.044      ; 0.341      ;
; 0.213 ; bin2bcd:bin2bcd_min|state.done              ; bin2bcd:bin2bcd_min|shift_counter[1]        ; CLOCK_50     ; CLOCK_50    ; 0.000        ; 0.044      ; 0.341      ;
; 0.233 ; bin2bcd:bin2bcd_hour|state.shift            ; bin2bcd:bin2bcd_hour|state.done             ; CLOCK_50     ; CLOCK_50    ; 0.000        ; 0.043      ; 0.360      ;
; 0.233 ; bin2bcd:bin2bcd_hour|state.shift            ; bin2bcd:bin2bcd_hour|shift_counter[0]       ; CLOCK_50     ; CLOCK_50    ; 0.000        ; 0.043      ; 0.360      ;
; 0.234 ; bin2bcd:bin2bcd_hour|state.shift            ; bin2bcd:bin2bcd_hour|binary[0]              ; CLOCK_50     ; CLOCK_50    ; 0.000        ; 0.043      ; 0.361      ;
; 0.236 ; bin2bcd:bin2bcd_hour|state.shift            ; bin2bcd:bin2bcd_hour|binary[4]              ; CLOCK_50     ; CLOCK_50    ; 0.000        ; 0.043      ; 0.363      ;
; 0.239 ; bin2bcd:bin2bcd_hour|state.shift            ; bin2bcd:bin2bcd_hour|shift_counter[2]       ; CLOCK_50     ; CLOCK_50    ; 0.000        ; 0.043      ; 0.366      ;
; 0.239 ; bin2bcd:bin2bcd_hour|state.shift            ; bin2bcd:bin2bcd_hour|shift_counter[1]       ; CLOCK_50     ; CLOCK_50    ; 0.000        ; 0.043      ; 0.366      ;
; 0.247 ; bin2bcd:bin2bcd_sec|binary[2]               ; bin2bcd:bin2bcd_sec|binary[3]               ; CLOCK_50     ; CLOCK_50    ; 0.000        ; 0.044      ; 0.375      ;
; 0.256 ; bin2bcd:bin2bcd_hour|binary[0]              ; bin2bcd:bin2bcd_hour|binary[1]              ; CLOCK_50     ; CLOCK_50    ; 0.000        ; 0.043      ; 0.383      ;
; 0.260 ; sync_keys:inst_sync_keys|sync0[2]           ; sync_keys:inst_sync_keys|sync0[1]           ; CLOCK_50     ; CLOCK_50    ; 0.000        ; 0.042      ; 0.386      ;
; 0.260 ; bin2bcd:bin2bcd_hour|binary[4]              ; bin2bcd:bin2bcd_hour|bcds[0]                ; CLOCK_50     ; CLOCK_50    ; 0.000        ; 0.045      ; 0.389      ;
; 0.264 ; sync_keys:inst_sync_keys|sync2[1]           ; relogio_fsm:inst_fsm|state_reg.decrementa_s ; CLOCK_50     ; CLOCK_50    ; 0.000        ; 0.042      ; 0.390      ;
; 0.265 ; bin2bcd:bin2bcd_hour|shift_counter[0]       ; bin2bcd:bin2bcd_hour|state.done             ; CLOCK_50     ; CLOCK_50    ; 0.000        ; 0.043      ; 0.392      ;
; 0.266 ; sync_keys:inst_sync_keys|sync0[1]           ; sync_keys:inst_sync_keys|sync0[0]           ; CLOCK_50     ; CLOCK_50    ; 0.000        ; 0.042      ; 0.392      ;
; 0.267 ; bin2bcd:bin2bcd_hour|bcds[7]                ; bin2bcd:bin2bcd_hour|bcds_out_reg[7]        ; CLOCK_50     ; CLOCK_50    ; 0.000        ; 0.043      ; 0.394      ;
; 0.268 ; bin2bcd:bin2bcd_hour|binary[0]              ; bin2bcd:bin2bcd_hour|binary[0]              ; CLOCK_50     ; CLOCK_50    ; 0.000        ; 0.043      ; 0.395      ;
; 0.270 ; bin2bcd:bin2bcd_min|state.start             ; bin2bcd:bin2bcd_min|state.shift             ; CLOCK_50     ; CLOCK_50    ; 0.000        ; 0.044      ; 0.398      ;
; 0.271 ; bin2bcd:bin2bcd_sec|bcds[7]                 ; bin2bcd:bin2bcd_sec|bcds_out_reg[7]         ; CLOCK_50     ; CLOCK_50    ; 0.000        ; 0.045      ; 0.400      ;
; 0.272 ; bin2bcd:bin2bcd_min|bcds[1]                 ; bin2bcd:bin2bcd_min|bcds_out_reg[1]         ; CLOCK_50     ; CLOCK_50    ; 0.000        ; 0.045      ; 0.401      ;
; 0.273 ; bin2bcd:bin2bcd_sec|bcds[5]                 ; bin2bcd:bin2bcd_sec|bcds_out_reg[5]         ; CLOCK_50     ; CLOCK_50    ; 0.000        ; 0.045      ; 0.402      ;
; 0.274 ; sync_keys:inst_sync_keys|sync2[0]           ; relogio_fsm:inst_fsm|state_reg.decrementa_s ; CLOCK_50     ; CLOCK_50    ; 0.000        ; 0.042      ; 0.400      ;
; 0.274 ; bin2bcd:bin2bcd_min|bcds[0]                 ; bin2bcd:bin2bcd_min|bcds_out_reg[0]         ; CLOCK_50     ; CLOCK_50    ; 0.000        ; 0.045      ; 0.403      ;
; 0.274 ; bin2bcd:bin2bcd_sec|bcds[6]                 ; bin2bcd:bin2bcd_sec|bcds_out_reg[6]         ; CLOCK_50     ; CLOCK_50    ; 0.000        ; 0.045      ; 0.403      ;
; 0.276 ; bin2bcd:bin2bcd_min|bcds[4]                 ; bin2bcd:bin2bcd_min|bcds_out_reg[4]         ; CLOCK_50     ; CLOCK_50    ; 0.000        ; 0.045      ; 0.405      ;
; 0.277 ; sync_keys:inst_sync_keys|sync2[1]           ; sync_keys:inst_sync_keys|sync2[0]           ; CLOCK_50     ; CLOCK_50    ; 0.000        ; 0.042      ; 0.403      ;
; 0.278 ; sync_keys:inst_sync_keys|sync2[0]           ; relogio_fsm:inst_fsm|state_reg.decrementa_h ; CLOCK_50     ; CLOCK_50    ; 0.000        ; 0.042      ; 0.404      ;
; 0.278 ; bin2bcd:bin2bcd_sec|bcds[3]                 ; bin2bcd:bin2bcd_sec|bcds_out_reg[3]         ; CLOCK_50     ; CLOCK_50    ; 0.000        ; 0.044      ; 0.406      ;
; 0.279 ; bin2bcd:bin2bcd_min|bcds[3]                 ; bin2bcd:bin2bcd_min|bcds_out_reg[3]         ; CLOCK_50     ; CLOCK_50    ; 0.000        ; 0.045      ; 0.408      ;
; 0.279 ; bin2bcd:bin2bcd_min|state.shift             ; bin2bcd:bin2bcd_min|state.done              ; CLOCK_50     ; CLOCK_50    ; 0.000        ; 0.044      ; 0.407      ;
; 0.281 ; bin2bcd:bin2bcd_sec|bcds[2]                 ; bin2bcd:bin2bcd_sec|bcds_out_reg[2]         ; CLOCK_50     ; CLOCK_50    ; 0.000        ; 0.044      ; 0.409      ;
; 0.286 ; bin2bcd:bin2bcd_sec|binary[1]               ; bin2bcd:bin2bcd_sec|binary[2]               ; CLOCK_50     ; CLOCK_50    ; 0.000        ; 0.044      ; 0.414      ;
; 0.287 ; bin2bcd:bin2bcd_sec|binary[0]               ; bin2bcd:bin2bcd_sec|binary[1]               ; CLOCK_50     ; CLOCK_50    ; 0.000        ; 0.044      ; 0.415      ;
; 0.287 ; bin2bcd:bin2bcd_hour|binary[3]              ; bin2bcd:bin2bcd_hour|binary[4]              ; CLOCK_50     ; CLOCK_50    ; 0.000        ; 0.043      ; 0.414      ;
; 0.288 ; bin2bcd:bin2bcd_hour|binary[1]              ; bin2bcd:bin2bcd_hour|binary[2]              ; CLOCK_50     ; CLOCK_50    ; 0.000        ; 0.043      ; 0.415      ;
; 0.289 ; bin2bcd:bin2bcd_hour|binary[2]              ; bin2bcd:bin2bcd_hour|binary[3]              ; CLOCK_50     ; CLOCK_50    ; 0.000        ; 0.043      ; 0.416      ;
; 0.292 ; blink:blink1|r_reg[10]                      ; blink:blink1|r_reg[10]                      ; CLOCK_50     ; CLOCK_50    ; 0.000        ; 0.042      ; 0.418      ;
; 0.292 ; blink:blink1|r_reg[9]                       ; blink:blink1|r_reg[9]                       ; CLOCK_50     ; CLOCK_50    ; 0.000        ; 0.042      ; 0.418      ;
; 0.292 ; timer:t0|r_reg[11]                          ; timer:t0|r_reg[11]                          ; CLOCK_50     ; CLOCK_50    ; 0.000        ; 0.041      ; 0.417      ;
; 0.292 ; timer:t0|r_reg[13]                          ; timer:t0|r_reg[13]                          ; CLOCK_50     ; CLOCK_50    ; 0.000        ; 0.041      ; 0.417      ;
; 0.293 ; blink:blink1|r_reg[8]                       ; blink:blink1|r_reg[8]                       ; CLOCK_50     ; CLOCK_50    ; 0.000        ; 0.042      ; 0.419      ;
; 0.293 ; timer:t0|r_reg[7]                           ; timer:t0|r_reg[7]                           ; CLOCK_50     ; CLOCK_50    ; 0.000        ; 0.041      ; 0.418      ;
; 0.293 ; timer:t0|r_reg[9]                           ; timer:t0|r_reg[9]                           ; CLOCK_50     ; CLOCK_50    ; 0.000        ; 0.041      ; 0.418      ;
; 0.293 ; timer:t0|r_reg[10]                          ; timer:t0|r_reg[10]                          ; CLOCK_50     ; CLOCK_50    ; 0.000        ; 0.041      ; 0.418      ;
; 0.293 ; timer:t0|r_reg[14]                          ; timer:t0|r_reg[14]                          ; CLOCK_50     ; CLOCK_50    ; 0.000        ; 0.041      ; 0.418      ;
; 0.293 ; timer:t0|r_reg[15]                          ; timer:t0|r_reg[15]                          ; CLOCK_50     ; CLOCK_50    ; 0.000        ; 0.041      ; 0.418      ;
; 0.293 ; timer:t0|r_reg[16]                          ; timer:t0|r_reg[16]                          ; CLOCK_50     ; CLOCK_50    ; 0.000        ; 0.041      ; 0.418      ;
; 0.294 ; timer:t0|r_reg[8]                           ; timer:t0|r_reg[8]                           ; CLOCK_50     ; CLOCK_50    ; 0.000        ; 0.041      ; 0.419      ;
; 0.294 ; timer:t0|r_reg[17]                          ; timer:t0|r_reg[17]                          ; CLOCK_50     ; CLOCK_50    ; 0.000        ; 0.041      ; 0.419      ;
; 0.294 ; timer:t0|r_reg[18]                          ; timer:t0|r_reg[18]                          ; CLOCK_50     ; CLOCK_50    ; 0.000        ; 0.041      ; 0.419      ;
; 0.294 ; timer:t0|r_reg[21]                          ; timer:t0|r_reg[21]                          ; CLOCK_50     ; CLOCK_50    ; 0.000        ; 0.041      ; 0.419      ;
; 0.295 ; timer:t0|r_reg[1]                           ; timer:t0|r_reg[1]                           ; CLOCK_50     ; CLOCK_50    ; 0.000        ; 0.041      ; 0.420      ;
; 0.295 ; timer:t0|r_reg[2]                           ; timer:t0|r_reg[2]                           ; CLOCK_50     ; CLOCK_50    ; 0.000        ; 0.041      ; 0.420      ;
; 0.295 ; timer:t0|r_reg[4]                           ; timer:t0|r_reg[4]                           ; CLOCK_50     ; CLOCK_50    ; 0.000        ; 0.041      ; 0.420      ;
; 0.295 ; timer:t0|r_reg[6]                           ; timer:t0|r_reg[6]                           ; CLOCK_50     ; CLOCK_50    ; 0.000        ; 0.041      ; 0.420      ;
+-------+---------------------------------------------+---------------------------------------------+--------------+-------------+--------------+------------+------------+


----------------------------------------------
; Fast 1200mV 0C Model Metastability Summary ;
----------------------------------------------
The design MTBF is not calculated because there are no specified synchronizers in the design.
Number of Synchronizer Chains Found: 3
Shortest Synchronizer Chain: 2 Registers
Fraction of Chains for which MTBFs Could Not be Calculated: 1.000
Worst Case Available Settling Time: 37.247 ns




+-----------------------------------------------------------------------------+
; Multicorner Timing Analysis Summary                                         ;
+------------------+-------+-------+----------+---------+---------------------+
; Clock            ; Setup ; Hold  ; Recovery ; Removal ; Minimum Pulse Width ;
+------------------+-------+-------+----------+---------+---------------------+
; Worst-case Slack ; 7.854 ; 0.178 ; N/A      ; N/A     ; 9.396               ;
;  CLOCK_50        ; 7.854 ; 0.178 ; N/A      ; N/A     ; 9.396               ;
; Design-wide TNS  ; 0.0   ; 0.0   ; 0.0      ; 0.0     ; 0.0                 ;
;  CLOCK_50        ; 0.000 ; 0.000 ; N/A      ; N/A     ; 0.000               ;
+------------------+-------+-------+----------+---------+---------------------+


+------------------------------------------------------------------------------------------------------------------------------------------------------------------------------------------------------------------------------------------------------------------------------------------------------------------------------------------------------------------------------------------------------------------+
; Board Trace Model Assignments                                                                                                                                                                                                                                                                                                                                                                                    ;
+---------------+--------------+-------------------+-------------------------+-------------------------+---------------+---------------------+----------------+------------------+--------+------------------+------------------------+------------------------+--------------+---------------+-----------------+-------+---------------------+--------------------+---------------+-----------------+-------------+
; Pin           ; I/O Standard ; Near Tline Length ; Near Tline L per Length ; Near Tline C per Length ; Near Series R ; Near Differential R ; Near Pull-up R ; Near Pull-down R ; Near C ; Far Tline Length ; Far Tline L per Length ; Far Tline C per Length ; Far Series R ; Far Pull-up R ; Far Pull-down R ; Far C ; Termination Voltage ; Far Differential R ; EBD File Name ; EBD Signal Name ; EBD Far-end ;
+---------------+--------------+-------------------+-------------------------+-------------------------+---------------+---------------------+----------------+------------------+--------+------------------+------------------------+------------------------+--------------+---------------+-----------------+-------+---------------------+--------------------+---------------+-----------------+-------------+
; HEX0[0]       ; 2.5 V        ; 0 in              ; 0 H/in                  ; 0 F/in                  ; short         ; -                   ; open           ; open             ; open   ; 0 in             ; 0 H/in                 ; 0 F/in                 ; short        ; open          ; open            ; open  ; 0 V                 ; -                  ; n/a           ; n/a             ; n/a         ;
; HEX0[1]       ; 2.5 V        ; 0 in              ; 0 H/in                  ; 0 F/in                  ; short         ; -                   ; open           ; open             ; open   ; 0 in             ; 0 H/in                 ; 0 F/in                 ; short        ; open          ; open            ; open  ; 0 V                 ; -                  ; n/a           ; n/a             ; n/a         ;
; HEX0[2]       ; 2.5 V        ; 0 in              ; 0 H/in                  ; 0 F/in                  ; short         ; -                   ; open           ; open             ; open   ; 0 in             ; 0 H/in                 ; 0 F/in                 ; short        ; open          ; open            ; open  ; 0 V                 ; -                  ; n/a           ; n/a             ; n/a         ;
; HEX0[3]       ; 2.5 V        ; 0 in              ; 0 H/in                  ; 0 F/in                  ; short         ; -                   ; open           ; open             ; open   ; 0 in             ; 0 H/in                 ; 0 F/in                 ; short        ; open          ; open            ; open  ; 0 V                 ; -                  ; n/a           ; n/a             ; n/a         ;
; HEX0[4]       ; 2.5 V        ; 0 in              ; 0 H/in                  ; 0 F/in                  ; short         ; -                   ; open           ; open             ; open   ; 0 in             ; 0 H/in                 ; 0 F/in                 ; short        ; open          ; open            ; open  ; 0 V                 ; -                  ; n/a           ; n/a             ; n/a         ;
; HEX0[5]       ; 2.5 V        ; 0 in              ; 0 H/in                  ; 0 F/in                  ; short         ; -                   ; open           ; open             ; open   ; 0 in             ; 0 H/in                 ; 0 F/in                 ; short        ; open          ; open            ; open  ; 0 V                 ; -                  ; n/a           ; n/a             ; n/a         ;
; HEX0[6]       ; 2.5 V        ; 0 in              ; 0 H/in                  ; 0 F/in                  ; short         ; -                   ; open           ; open             ; open   ; 0 in             ; 0 H/in                 ; 0 F/in                 ; short        ; open          ; open            ; open  ; 0 V                 ; -                  ; n/a           ; n/a             ; n/a         ;
; HEX1[0]       ; 2.5 V        ; 0 in              ; 0 H/in                  ; 0 F/in                  ; short         ; -                   ; open           ; open             ; open   ; 0 in             ; 0 H/in                 ; 0 F/in                 ; short        ; open          ; open            ; open  ; 0 V                 ; -                  ; n/a           ; n/a             ; n/a         ;
; HEX1[1]       ; 2.5 V        ; 0 in              ; 0 H/in                  ; 0 F/in                  ; short         ; -                   ; open           ; open             ; open   ; 0 in             ; 0 H/in                 ; 0 F/in                 ; short        ; open          ; open            ; open  ; 0 V                 ; -                  ; n/a           ; n/a             ; n/a         ;
; HEX1[2]       ; 2.5 V        ; 0 in              ; 0 H/in                  ; 0 F/in                  ; short         ; -                   ; open           ; open             ; open   ; 0 in             ; 0 H/in                 ; 0 F/in                 ; short        ; open          ; open            ; open  ; 0 V                 ; -                  ; n/a           ; n/a             ; n/a         ;
; HEX1[3]       ; 2.5 V        ; 0 in              ; 0 H/in                  ; 0 F/in                  ; short         ; -                   ; open           ; open             ; open   ; 0 in             ; 0 H/in                 ; 0 F/in                 ; short        ; open          ; open            ; open  ; 0 V                 ; -                  ; n/a           ; n/a             ; n/a         ;
; HEX1[4]       ; 2.5 V        ; 0 in              ; 0 H/in                  ; 0 F/in                  ; short         ; -                   ; open           ; open             ; open   ; 0 in             ; 0 H/in                 ; 0 F/in                 ; short        ; open          ; open            ; open  ; 0 V                 ; -                  ; n/a           ; n/a             ; n/a         ;
; HEX1[5]       ; 2.5 V        ; 0 in              ; 0 H/in                  ; 0 F/in                  ; short         ; -                   ; open           ; open             ; open   ; 0 in             ; 0 H/in                 ; 0 F/in                 ; short        ; open          ; open            ; open  ; 0 V                 ; -                  ; n/a           ; n/a             ; n/a         ;
; HEX1[6]       ; 2.5 V        ; 0 in              ; 0 H/in                  ; 0 F/in                  ; short         ; -                   ; open           ; open             ; open   ; 0 in             ; 0 H/in                 ; 0 F/in                 ; short        ; open          ; open            ; open  ; 0 V                 ; -                  ; n/a           ; n/a             ; n/a         ;
; HEX2[0]       ; 2.5 V        ; 0 in              ; 0 H/in                  ; 0 F/in                  ; short         ; -                   ; open           ; open             ; open   ; 0 in             ; 0 H/in                 ; 0 F/in                 ; short        ; open          ; open            ; open  ; 0 V                 ; -                  ; n/a           ; n/a             ; n/a         ;
; HEX2[1]       ; 2.5 V        ; 0 in              ; 0 H/in                  ; 0 F/in                  ; short         ; -                   ; open           ; open             ; open   ; 0 in             ; 0 H/in                 ; 0 F/in                 ; short        ; open          ; open            ; open  ; 0 V                 ; -                  ; n/a           ; n/a             ; n/a         ;
; HEX2[2]       ; 2.5 V        ; 0 in              ; 0 H/in                  ; 0 F/in                  ; short         ; -                   ; open           ; open             ; open   ; 0 in             ; 0 H/in                 ; 0 F/in                 ; short        ; open          ; open            ; open  ; 0 V                 ; -                  ; n/a           ; n/a             ; n/a         ;
; HEX2[3]       ; 2.5 V        ; 0 in              ; 0 H/in                  ; 0 F/in                  ; short         ; -                   ; open           ; open             ; open   ; 0 in             ; 0 H/in                 ; 0 F/in                 ; short        ; open          ; open            ; open  ; 0 V                 ; -                  ; n/a           ; n/a             ; n/a         ;
; HEX2[4]       ; 2.5 V        ; 0 in              ; 0 H/in                  ; 0 F/in                  ; short         ; -                   ; open           ; open             ; open   ; 0 in             ; 0 H/in                 ; 0 F/in                 ; short        ; open          ; open            ; open  ; 0 V                 ; -                  ; n/a           ; n/a             ; n/a         ;
; HEX2[5]       ; 2.5 V        ; 0 in              ; 0 H/in                  ; 0 F/in                  ; short         ; -                   ; open           ; open             ; open   ; 0 in             ; 0 H/in                 ; 0 F/in                 ; short        ; open          ; open            ; open  ; 0 V                 ; -                  ; n/a           ; n/a             ; n/a         ;
; HEX2[6]       ; 2.5 V        ; 0 in              ; 0 H/in                  ; 0 F/in                  ; short         ; -                   ; open           ; open             ; open   ; 0 in             ; 0 H/in                 ; 0 F/in                 ; short        ; open          ; open            ; open  ; 0 V                 ; -                  ; n/a           ; n/a             ; n/a         ;
; HEX3[0]       ; 2.5 V        ; 0 in              ; 0 H/in                  ; 0 F/in                  ; short         ; -                   ; open           ; open             ; open   ; 0 in             ; 0 H/in                 ; 0 F/in                 ; short        ; open          ; open            ; open  ; 0 V                 ; -                  ; n/a           ; n/a             ; n/a         ;
; HEX3[1]       ; 2.5 V        ; 0 in              ; 0 H/in                  ; 0 F/in                  ; short         ; -                   ; open           ; open             ; open   ; 0 in             ; 0 H/in                 ; 0 F/in                 ; short        ; open          ; open            ; open  ; 0 V                 ; -                  ; n/a           ; n/a             ; n/a         ;
; HEX3[2]       ; 2.5 V        ; 0 in              ; 0 H/in                  ; 0 F/in                  ; short         ; -                   ; open           ; open             ; open   ; 0 in             ; 0 H/in                 ; 0 F/in                 ; short        ; open          ; open            ; open  ; 0 V                 ; -                  ; n/a           ; n/a             ; n/a         ;
; HEX3[3]       ; 2.5 V        ; 0 in              ; 0 H/in                  ; 0 F/in                  ; short         ; -                   ; open           ; open             ; open   ; 0 in             ; 0 H/in                 ; 0 F/in                 ; short        ; open          ; open            ; open  ; 0 V                 ; -                  ; n/a           ; n/a             ; n/a         ;
; HEX3[4]       ; 2.5 V        ; 0 in              ; 0 H/in                  ; 0 F/in                  ; short         ; -                   ; open           ; open             ; open   ; 0 in             ; 0 H/in                 ; 0 F/in                 ; short        ; open          ; open            ; open  ; 0 V                 ; -                  ; n/a           ; n/a             ; n/a         ;
; HEX3[5]       ; 2.5 V        ; 0 in              ; 0 H/in                  ; 0 F/in                  ; short         ; -                   ; open           ; open             ; open   ; 0 in             ; 0 H/in                 ; 0 F/in                 ; short        ; open          ; open            ; open  ; 0 V                 ; -                  ; n/a           ; n/a             ; n/a         ;
; HEX3[6]       ; 2.5 V        ; 0 in              ; 0 H/in                  ; 0 F/in                  ; short         ; -                   ; open           ; open             ; open   ; 0 in             ; 0 H/in                 ; 0 F/in                 ; short        ; open          ; open            ; open  ; 0 V                 ; -                  ; n/a           ; n/a             ; n/a         ;
; HEX4[0]       ; 2.5 V        ; 0 in              ; 0 H/in                  ; 0 F/in                  ; short         ; -                   ; open           ; open             ; open   ; 0 in             ; 0 H/in                 ; 0 F/in                 ; short        ; open          ; open            ; open  ; 0 V                 ; -                  ; n/a           ; n/a             ; n/a         ;
; HEX4[1]       ; 2.5 V        ; 0 in              ; 0 H/in                  ; 0 F/in                  ; short         ; -                   ; open           ; open             ; open   ; 0 in             ; 0 H/in                 ; 0 F/in                 ; short        ; open          ; open            ; open  ; 0 V                 ; -                  ; n/a           ; n/a             ; n/a         ;
; HEX4[2]       ; 2.5 V        ; 0 in              ; 0 H/in                  ; 0 F/in                  ; short         ; -                   ; open           ; open             ; open   ; 0 in             ; 0 H/in                 ; 0 F/in                 ; short        ; open          ; open            ; open  ; 0 V                 ; -                  ; n/a           ; n/a             ; n/a         ;
; HEX4[3]       ; 2.5 V        ; 0 in              ; 0 H/in                  ; 0 F/in                  ; short         ; -                   ; open           ; open             ; open   ; 0 in             ; 0 H/in                 ; 0 F/in                 ; short        ; open          ; open            ; open  ; 0 V                 ; -                  ; n/a           ; n/a             ; n/a         ;
; HEX4[4]       ; 2.5 V        ; 0 in              ; 0 H/in                  ; 0 F/in                  ; short         ; -                   ; open           ; open             ; open   ; 0 in             ; 0 H/in                 ; 0 F/in                 ; short        ; open          ; open            ; open  ; 0 V                 ; -                  ; n/a           ; n/a             ; n/a         ;
; HEX4[5]       ; 2.5 V        ; 0 in              ; 0 H/in                  ; 0 F/in                  ; short         ; -                   ; open           ; open             ; open   ; 0 in             ; 0 H/in                 ; 0 F/in                 ; short        ; open          ; open            ; open  ; 0 V                 ; -                  ; n/a           ; n/a             ; n/a         ;
; HEX4[6]       ; 2.5 V        ; 0 in              ; 0 H/in                  ; 0 F/in                  ; short         ; -                   ; open           ; open             ; open   ; 0 in             ; 0 H/in                 ; 0 F/in                 ; short        ; open          ; open            ; open  ; 0 V                 ; -                  ; n/a           ; n/a             ; n/a         ;
; HEX5[0]       ; 2.5 V        ; 0 in              ; 0 H/in                  ; 0 F/in                  ; short         ; -                   ; open           ; open             ; open   ; 0 in             ; 0 H/in                 ; 0 F/in                 ; short        ; open          ; open            ; open  ; 0 V                 ; -                  ; n/a           ; n/a             ; n/a         ;
; HEX5[1]       ; 2.5 V        ; 0 in              ; 0 H/in                  ; 0 F/in                  ; short         ; -                   ; open           ; open             ; open   ; 0 in             ; 0 H/in                 ; 0 F/in                 ; short        ; open          ; open            ; open  ; 0 V                 ; -                  ; n/a           ; n/a             ; n/a         ;
; HEX5[2]       ; 2.5 V        ; 0 in              ; 0 H/in                  ; 0 F/in                  ; short         ; -                   ; open           ; open             ; open   ; 0 in             ; 0 H/in                 ; 0 F/in                 ; short        ; open          ; open            ; open  ; 0 V                 ; -                  ; n/a           ; n/a             ; n/a         ;
; HEX5[3]       ; 2.5 V        ; 0 in              ; 0 H/in                  ; 0 F/in                  ; short         ; -                   ; open           ; open             ; open   ; 0 in             ; 0 H/in                 ; 0 F/in                 ; short        ; open          ; open            ; open  ; 0 V                 ; -                  ; n/a           ; n/a             ; n/a         ;
; HEX5[4]       ; 2.5 V        ; 0 in              ; 0 H/in                  ; 0 F/in                  ; short         ; -                   ; open           ; open             ; open   ; 0 in             ; 0 H/in                 ; 0 F/in                 ; short        ; open          ; open            ; open  ; 0 V                 ; -                  ; n/a           ; n/a             ; n/a         ;
; HEX5[5]       ; 2.5 V        ; 0 in              ; 0 H/in                  ; 0 F/in                  ; short         ; -                   ; open           ; open             ; open   ; 0 in             ; 0 H/in                 ; 0 F/in                 ; short        ; open          ; open            ; open  ; 0 V                 ; -                  ; n/a           ; n/a             ; n/a         ;
; HEX5[6]       ; 2.5 V        ; 0 in              ; 0 H/in                  ; 0 F/in                  ; short         ; -                   ; open           ; open             ; open   ; 0 in             ; 0 H/in                 ; 0 F/in                 ; short        ; open          ; open            ; open  ; 0 V                 ; -                  ; n/a           ; n/a             ; n/a         ;
; ~ALTERA_DCLK~ ; 2.5 V        ; 0 in              ; 0 H/in                  ; 0 F/in                  ; short         ; -                   ; open           ; open             ; open   ; 0 in             ; 0 H/in                 ; 0 F/in                 ; short        ; open          ; open            ; open  ; 0 V                 ; -                  ; n/a           ; n/a             ; n/a         ;
; ~ALTERA_nCEO~ ; 2.5 V        ; 0 in              ; 0 H/in                  ; 0 F/in                  ; short         ; -                   ; open           ; open             ; open   ; 0 in             ; 0 H/in                 ; 0 F/in                 ; short        ; open          ; open            ; open  ; 0 V                 ; -                  ; n/a           ; n/a             ; n/a         ;
+---------------+--------------+-------------------+-------------------------+-------------------------+---------------+---------------------+----------------+------------------+--------+------------------+------------------------+------------------------+--------------+---------------+-----------------+-------+---------------------+--------------------+---------------+-----------------+-------------+


+----------------------------------------------------------------------------+
; Input Transition Times                                                     ;
+-------------------------+--------------+-----------------+-----------------+
; Pin                     ; I/O Standard ; 10-90 Rise Time ; 90-10 Fall Time ;
+-------------------------+--------------+-----------------+-----------------+
; CLOCK_50                ; 2.5 V        ; 2000 ps         ; 2000 ps         ;
; KEY[0]                  ; 2.5 V        ; 2000 ps         ; 2000 ps         ;
; KEY[2]                  ; 2.5 V        ; 2000 ps         ; 2000 ps         ;
; KEY[3]                  ; 2.5 V        ; 2000 ps         ; 2000 ps         ;
; KEY[1]                  ; 2.5 V        ; 2000 ps         ; 2000 ps         ;
; ~ALTERA_ASDO_DATA1~     ; 2.5 V        ; 2000 ps         ; 2000 ps         ;
; ~ALTERA_FLASH_nCE_nCSO~ ; 2.5 V        ; 2000 ps         ; 2000 ps         ;
; ~ALTERA_DATA0~          ; 2.5 V        ; 2000 ps         ; 2000 ps         ;
+-------------------------+--------------+-----------------+-----------------+


+--------------------------------------------------------------------------------------------------------------------------------------------------------------------------------------------------------------------------------------------------------------------------------------------------------------------------------------------------------------------------------------------------------------------------------------------------------------------------------------------------------------------------------------------------------------------------------------------------------------------------------------------------------------------------------------------+
; Signal Integrity Metrics (Slow 1200mv 0c Model)                                                                                                                                                                                                                                                                                                                                                                                                                                                                                                                                                                                                                                            ;
+---------------+--------------+---------------------+---------------------+------------------------------+------------------------------+---------------------+---------------------+--------------------------------------+--------------------------------------+-----------------------------+-----------------------------+----------------------------+----------------------------+-----------------------------+-----------------------------+--------------------+--------------------+-------------------------------------+-------------------------------------+----------------------------+----------------------------+---------------------------+---------------------------+
; Pin           ; I/O Standard ; Board Delay on Rise ; Board Delay on Fall ; Steady State Voh at FPGA Pin ; Steady State Vol at FPGA Pin ; Voh Max at FPGA Pin ; Vol Min at FPGA Pin ; Ringback Voltage on Rise at FPGA Pin ; Ringback Voltage on Fall at FPGA Pin ; 10-90 Rise Time at FPGA Pin ; 90-10 Fall Time at FPGA Pin ; Monotonic Rise at FPGA Pin ; Monotonic Fall at FPGA Pin ; Steady State Voh at Far-end ; Steady State Vol at Far-end ; Voh Max at Far-end ; Vol Min at Far-end ; Ringback Voltage on Rise at Far-end ; Ringback Voltage on Fall at Far-end ; 10-90 Rise Time at Far-end ; 90-10 Fall Time at Far-end ; Monotonic Rise at Far-end ; Monotonic Fall at Far-end ;
+---------------+--------------+---------------------+---------------------+------------------------------+------------------------------+---------------------+---------------------+--------------------------------------+--------------------------------------+-----------------------------+-----------------------------+----------------------------+----------------------------+-----------------------------+-----------------------------+--------------------+--------------------+-------------------------------------+-------------------------------------+----------------------------+----------------------------+---------------------------+---------------------------+
; HEX0[0]       ; 2.5 V        ; 0 s                 ; 0 s                 ; 2.32 V                       ; 4.49e-09 V                   ; 2.38 V              ; -0.00552 V          ; 0.096 V                              ; 0.019 V                              ; 4.18e-10 s                  ; 3.59e-10 s                  ; No                         ; Yes                        ; 2.32 V                      ; 4.49e-09 V                  ; 2.38 V             ; -0.00552 V         ; 0.096 V                             ; 0.019 V                             ; 4.18e-10 s                 ; 3.59e-10 s                 ; No                        ; Yes                       ;
; HEX0[1]       ; 2.5 V        ; 0 s                 ; 0 s                 ; 2.32 V                       ; 4.49e-09 V                   ; 2.33 V              ; -0.00467 V          ; 0.226 V                              ; 0.087 V                              ; 2.91e-09 s                  ; 2.74e-09 s                  ; Yes                        ; Yes                        ; 2.32 V                      ; 4.49e-09 V                  ; 2.33 V             ; -0.00467 V         ; 0.226 V                             ; 0.087 V                             ; 2.91e-09 s                 ; 2.74e-09 s                 ; Yes                       ; Yes                       ;
; HEX0[2]       ; 2.5 V        ; 0 s                 ; 0 s                 ; 2.32 V                       ; 4.49e-09 V                   ; 2.38 V              ; -0.00552 V          ; 0.096 V                              ; 0.019 V                              ; 4.18e-10 s                  ; 3.59e-10 s                  ; No                         ; Yes                        ; 2.32 V                      ; 4.49e-09 V                  ; 2.38 V             ; -0.00552 V         ; 0.096 V                             ; 0.019 V                             ; 4.18e-10 s                 ; 3.59e-10 s                 ; No                        ; Yes                       ;
; HEX0[3]       ; 2.5 V        ; 0 s                 ; 0 s                 ; 2.32 V                       ; 3.07e-09 V                   ; 2.38 V              ; -0.0144 V           ; 0.227 V                              ; 0.024 V                              ; 3.14e-10 s                  ; 3.39e-10 s                  ; Yes                        ; Yes                        ; 2.32 V                      ; 3.07e-09 V                  ; 2.38 V             ; -0.0144 V          ; 0.227 V                             ; 0.024 V                             ; 3.14e-10 s                 ; 3.39e-10 s                 ; Yes                       ; Yes                       ;
; HEX0[4]       ; 2.5 V        ; 0 s                 ; 0 s                 ; 2.32 V                       ; 3.07e-09 V                   ; 2.38 V              ; -0.0144 V           ; 0.227 V                              ; 0.024 V                              ; 3.14e-10 s                  ; 3.39e-10 s                  ; Yes                        ; Yes                        ; 2.32 V                      ; 3.07e-09 V                  ; 2.38 V             ; -0.0144 V          ; 0.227 V                             ; 0.024 V                             ; 3.14e-10 s                 ; 3.39e-10 s                 ; Yes                       ; Yes                       ;
; HEX0[5]       ; 2.5 V        ; 0 s                 ; 0 s                 ; 2.32 V                       ; 3.07e-09 V                   ; 2.33 V              ; -0.00496 V          ; 0.223 V                              ; 0.086 V                              ; 2.9e-09 s                   ; 2.73e-09 s                  ; Yes                        ; Yes                        ; 2.32 V                      ; 3.07e-09 V                  ; 2.33 V             ; -0.00496 V         ; 0.223 V                             ; 0.086 V                             ; 2.9e-09 s                  ; 2.73e-09 s                 ; Yes                       ; Yes                       ;
; HEX0[6]       ; 2.5 V        ; 0 s                 ; 0 s                 ; 2.32 V                       ; 3.07e-09 V                   ; 2.38 V              ; -0.0144 V           ; 0.227 V                              ; 0.024 V                              ; 3.14e-10 s                  ; 3.39e-10 s                  ; Yes                        ; Yes                        ; 2.32 V                      ; 3.07e-09 V                  ; 2.38 V             ; -0.0144 V          ; 0.227 V                             ; 0.024 V                             ; 3.14e-10 s                 ; 3.39e-10 s                 ; Yes                       ; Yes                       ;
; HEX1[0]       ; 2.5 V        ; 0 s                 ; 0 s                 ; 2.32 V                       ; 3.07e-09 V                   ; 2.38 V              ; -0.0144 V           ; 0.227 V                              ; 0.024 V                              ; 3.14e-10 s                  ; 3.39e-10 s                  ; Yes                        ; Yes                        ; 2.32 V                      ; 3.07e-09 V                  ; 2.38 V             ; -0.0144 V          ; 0.227 V                             ; 0.024 V                             ; 3.14e-10 s                 ; 3.39e-10 s                 ; Yes                       ; Yes                       ;
; HEX1[1]       ; 2.5 V        ; 0 s                 ; 0 s                 ; 2.32 V                       ; 3.07e-09 V                   ; 2.37 V              ; -0.00994 V          ; 0.186 V                              ; 0.028 V                              ; 4.98e-10 s                  ; 4.96e-10 s                  ; Yes                        ; Yes                        ; 2.32 V                      ; 3.07e-09 V                  ; 2.37 V             ; -0.00994 V         ; 0.186 V                             ; 0.028 V                             ; 4.98e-10 s                 ; 4.96e-10 s                 ; Yes                       ; Yes                       ;
; HEX1[2]       ; 2.5 V        ; 0 s                 ; 0 s                 ; 2.32 V                       ; 3.07e-09 V                   ; 2.37 V              ; -0.00994 V          ; 0.186 V                              ; 0.028 V                              ; 4.98e-10 s                  ; 4.96e-10 s                  ; Yes                        ; Yes                        ; 2.32 V                      ; 3.07e-09 V                  ; 2.37 V             ; -0.00994 V         ; 0.186 V                             ; 0.028 V                             ; 4.98e-10 s                 ; 4.96e-10 s                 ; Yes                       ; Yes                       ;
; HEX1[3]       ; 2.5 V        ; 0 s                 ; 0 s                 ; 2.32 V                       ; 3.07e-09 V                   ; 2.37 V              ; -0.00994 V          ; 0.186 V                              ; 0.028 V                              ; 4.98e-10 s                  ; 4.96e-10 s                  ; Yes                        ; Yes                        ; 2.32 V                      ; 3.07e-09 V                  ; 2.37 V             ; -0.00994 V         ; 0.186 V                             ; 0.028 V                             ; 4.98e-10 s                 ; 4.96e-10 s                 ; Yes                       ; Yes                       ;
; HEX1[4]       ; 2.5 V        ; 0 s                 ; 0 s                 ; 2.32 V                       ; 3.07e-09 V                   ; 2.37 V              ; -0.00994 V          ; 0.186 V                              ; 0.028 V                              ; 4.98e-10 s                  ; 4.96e-10 s                  ; Yes                        ; Yes                        ; 2.32 V                      ; 3.07e-09 V                  ; 2.37 V             ; -0.00994 V         ; 0.186 V                             ; 0.028 V                             ; 4.98e-10 s                 ; 4.96e-10 s                 ; Yes                       ; Yes                       ;
; HEX1[5]       ; 2.5 V        ; 0 s                 ; 0 s                 ; 2.32 V                       ; 3.07e-09 V                   ; 2.33 V              ; -0.00496 V          ; 0.223 V                              ; 0.086 V                              ; 2.9e-09 s                   ; 2.73e-09 s                  ; Yes                        ; Yes                        ; 2.32 V                      ; 3.07e-09 V                  ; 2.33 V             ; -0.00496 V         ; 0.223 V                             ; 0.086 V                             ; 2.9e-09 s                  ; 2.73e-09 s                 ; Yes                       ; Yes                       ;
; HEX1[6]       ; 2.5 V        ; 0 s                 ; 0 s                 ; 2.32 V                       ; 3.07e-09 V                   ; 2.33 V              ; -0.00496 V          ; 0.223 V                              ; 0.086 V                              ; 2.9e-09 s                   ; 2.73e-09 s                  ; Yes                        ; Yes                        ; 2.32 V                      ; 3.07e-09 V                  ; 2.33 V             ; -0.00496 V         ; 0.223 V                             ; 0.086 V                             ; 2.9e-09 s                  ; 2.73e-09 s                 ; Yes                       ; Yes                       ;
; HEX2[0]       ; 2.5 V        ; 0 s                 ; 0 s                 ; 2.32 V                       ; 3.07e-09 V                   ; 2.37 V              ; -0.00994 V          ; 0.186 V                              ; 0.028 V                              ; 4.98e-10 s                  ; 4.96e-10 s                  ; Yes                        ; Yes                        ; 2.32 V                      ; 3.07e-09 V                  ; 2.37 V             ; -0.00994 V         ; 0.186 V                             ; 0.028 V                             ; 4.98e-10 s                 ; 4.96e-10 s                 ; Yes                       ; Yes                       ;
; HEX2[1]       ; 2.5 V        ; 0 s                 ; 0 s                 ; 2.32 V                       ; 3.07e-09 V                   ; 2.37 V              ; -0.00994 V          ; 0.186 V                              ; 0.028 V                              ; 4.98e-10 s                  ; 4.96e-10 s                  ; Yes                        ; Yes                        ; 2.32 V                      ; 3.07e-09 V                  ; 2.37 V             ; -0.00994 V         ; 0.186 V                             ; 0.028 V                             ; 4.98e-10 s                 ; 4.96e-10 s                 ; Yes                       ; Yes                       ;
; HEX2[2]       ; 2.5 V        ; 0 s                 ; 0 s                 ; 2.32 V                       ; 3.07e-09 V                   ; 2.37 V              ; -0.00994 V          ; 0.186 V                              ; 0.028 V                              ; 4.98e-10 s                  ; 4.96e-10 s                  ; Yes                        ; Yes                        ; 2.32 V                      ; 3.07e-09 V                  ; 2.37 V             ; -0.00994 V         ; 0.186 V                             ; 0.028 V                             ; 4.98e-10 s                 ; 4.96e-10 s                 ; Yes                       ; Yes                       ;
; HEX2[3]       ; 2.5 V        ; 0 s                 ; 0 s                 ; 2.32 V                       ; 3.07e-09 V                   ; 2.37 V              ; -0.00994 V          ; 0.186 V                              ; 0.028 V                              ; 4.98e-10 s                  ; 4.96e-10 s                  ; Yes                        ; Yes                        ; 2.32 V                      ; 3.07e-09 V                  ; 2.37 V             ; -0.00994 V         ; 0.186 V                             ; 0.028 V                             ; 4.98e-10 s                 ; 4.96e-10 s                 ; Yes                       ; Yes                       ;
; HEX2[4]       ; 2.5 V        ; 0 s                 ; 0 s                 ; 2.32 V                       ; 3.07e-09 V                   ; 2.37 V              ; -0.00994 V          ; 0.186 V                              ; 0.028 V                              ; 4.98e-10 s                  ; 4.96e-10 s                  ; Yes                        ; Yes                        ; 2.32 V                      ; 3.07e-09 V                  ; 2.37 V             ; -0.00994 V         ; 0.186 V                             ; 0.028 V                             ; 4.98e-10 s                 ; 4.96e-10 s                 ; Yes                       ; Yes                       ;
; HEX2[5]       ; 2.5 V        ; 0 s                 ; 0 s                 ; 2.32 V                       ; 3.07e-09 V                   ; 2.37 V              ; -0.00994 V          ; 0.186 V                              ; 0.028 V                              ; 4.98e-10 s                  ; 4.96e-10 s                  ; Yes                        ; Yes                        ; 2.32 V                      ; 3.07e-09 V                  ; 2.37 V             ; -0.00994 V         ; 0.186 V                             ; 0.028 V                             ; 4.98e-10 s                 ; 4.96e-10 s                 ; Yes                       ; Yes                       ;
; HEX2[6]       ; 2.5 V        ; 0 s                 ; 0 s                 ; 2.32 V                       ; 3.07e-09 V                   ; 2.37 V              ; -0.00994 V          ; 0.186 V                              ; 0.028 V                              ; 4.98e-10 s                  ; 4.96e-10 s                  ; Yes                        ; Yes                        ; 2.32 V                      ; 3.07e-09 V                  ; 2.37 V             ; -0.00994 V         ; 0.186 V                             ; 0.028 V                             ; 4.98e-10 s                 ; 4.96e-10 s                 ; Yes                       ; Yes                       ;
; HEX3[0]       ; 2.5 V        ; 0 s                 ; 0 s                 ; 2.32 V                       ; 3.07e-09 V                   ; 2.37 V              ; -0.00994 V          ; 0.186 V                              ; 0.028 V                              ; 4.98e-10 s                  ; 4.96e-10 s                  ; Yes                        ; Yes                        ; 2.32 V                      ; 3.07e-09 V                  ; 2.37 V             ; -0.00994 V         ; 0.186 V                             ; 0.028 V                             ; 4.98e-10 s                 ; 4.96e-10 s                 ; Yes                       ; Yes                       ;
; HEX3[1]       ; 2.5 V        ; 0 s                 ; 0 s                 ; 2.32 V                       ; 3.07e-09 V                   ; 2.38 V              ; -0.0144 V           ; 0.227 V                              ; 0.024 V                              ; 3.14e-10 s                  ; 3.39e-10 s                  ; Yes                        ; Yes                        ; 2.32 V                      ; 3.07e-09 V                  ; 2.38 V             ; -0.0144 V          ; 0.227 V                             ; 0.024 V                             ; 3.14e-10 s                 ; 3.39e-10 s                 ; Yes                       ; Yes                       ;
; HEX3[2]       ; 2.5 V        ; 0 s                 ; 0 s                 ; 2.32 V                       ; 4.49e-09 V                   ; 2.33 V              ; -0.00467 V          ; 0.226 V                              ; 0.087 V                              ; 2.91e-09 s                  ; 2.74e-09 s                  ; Yes                        ; Yes                        ; 2.32 V                      ; 4.49e-09 V                  ; 2.33 V             ; -0.00467 V         ; 0.226 V                             ; 0.087 V                             ; 2.91e-09 s                 ; 2.74e-09 s                 ; Yes                       ; Yes                       ;
; HEX3[3]       ; 2.5 V        ; 0 s                 ; 0 s                 ; 2.32 V                       ; 4.49e-09 V                   ; 2.38 V              ; -0.00552 V          ; 0.096 V                              ; 0.019 V                              ; 4.18e-10 s                  ; 3.59e-10 s                  ; No                         ; Yes                        ; 2.32 V                      ; 4.49e-09 V                  ; 2.38 V             ; -0.00552 V         ; 0.096 V                             ; 0.019 V                             ; 4.18e-10 s                 ; 3.59e-10 s                 ; No                        ; Yes                       ;
; HEX3[4]       ; 2.5 V        ; 0 s                 ; 0 s                 ; 2.32 V                       ; 4.49e-09 V                   ; 2.38 V              ; -0.00552 V          ; 0.096 V                              ; 0.019 V                              ; 4.18e-10 s                  ; 3.59e-10 s                  ; No                         ; Yes                        ; 2.32 V                      ; 4.49e-09 V                  ; 2.38 V             ; -0.00552 V         ; 0.096 V                             ; 0.019 V                             ; 4.18e-10 s                 ; 3.59e-10 s                 ; No                        ; Yes                       ;
; HEX3[5]       ; 2.5 V        ; 0 s                 ; 0 s                 ; 2.32 V                       ; 4.49e-09 V                   ; 2.38 V              ; -0.00552 V          ; 0.096 V                              ; 0.019 V                              ; 4.18e-10 s                  ; 3.59e-10 s                  ; No                         ; Yes                        ; 2.32 V                      ; 4.49e-09 V                  ; 2.38 V             ; -0.00552 V         ; 0.096 V                             ; 0.019 V                             ; 4.18e-10 s                 ; 3.59e-10 s                 ; No                        ; Yes                       ;
; HEX3[6]       ; 2.5 V        ; 0 s                 ; 0 s                 ; 2.32 V                       ; 4.49e-09 V                   ; 2.38 V              ; -0.00552 V          ; 0.096 V                              ; 0.019 V                              ; 4.18e-10 s                  ; 3.59e-10 s                  ; No                         ; Yes                        ; 2.32 V                      ; 4.49e-09 V                  ; 2.38 V             ; -0.00552 V         ; 0.096 V                             ; 0.019 V                             ; 4.18e-10 s                 ; 3.59e-10 s                 ; No                        ; Yes                       ;
; HEX4[0]       ; 2.5 V        ; 0 s                 ; 0 s                 ; 2.32 V                       ; 4.49e-09 V                   ; 2.38 V              ; -0.00552 V          ; 0.096 V                              ; 0.019 V                              ; 4.18e-10 s                  ; 3.59e-10 s                  ; No                         ; Yes                        ; 2.32 V                      ; 4.49e-09 V                  ; 2.38 V             ; -0.00552 V         ; 0.096 V                             ; 0.019 V                             ; 4.18e-10 s                 ; 3.59e-10 s                 ; No                        ; Yes                       ;
; HEX4[1]       ; 2.5 V        ; 0 s                 ; 0 s                 ; 2.32 V                       ; 4.49e-09 V                   ; 2.38 V              ; -0.00552 V          ; 0.096 V                              ; 0.019 V                              ; 4.18e-10 s                  ; 3.59e-10 s                  ; No                         ; Yes                        ; 2.32 V                      ; 4.49e-09 V                  ; 2.38 V             ; -0.00552 V         ; 0.096 V                             ; 0.019 V                             ; 4.18e-10 s                 ; 3.59e-10 s                 ; No                        ; Yes                       ;
; HEX4[2]       ; 2.5 V        ; 0 s                 ; 0 s                 ; 2.32 V                       ; 4.49e-09 V                   ; 2.38 V              ; -0.00552 V          ; 0.096 V                              ; 0.019 V                              ; 4.18e-10 s                  ; 3.59e-10 s                  ; No                         ; Yes                        ; 2.32 V                      ; 4.49e-09 V                  ; 2.38 V             ; -0.00552 V         ; 0.096 V                             ; 0.019 V                             ; 4.18e-10 s                 ; 3.59e-10 s                 ; No                        ; Yes                       ;
; HEX4[3]       ; 2.5 V        ; 0 s                 ; 0 s                 ; 2.32 V                       ; 4.49e-09 V                   ; 2.38 V              ; -0.00552 V          ; 0.096 V                              ; 0.019 V                              ; 4.18e-10 s                  ; 3.59e-10 s                  ; No                         ; Yes                        ; 2.32 V                      ; 4.49e-09 V                  ; 2.38 V             ; -0.00552 V         ; 0.096 V                             ; 0.019 V                             ; 4.18e-10 s                 ; 3.59e-10 s                 ; No                        ; Yes                       ;
; HEX4[4]       ; 2.5 V        ; 0 s                 ; 0 s                 ; 2.32 V                       ; 4.49e-09 V                   ; 2.38 V              ; -0.00552 V          ; 0.096 V                              ; 0.019 V                              ; 4.18e-10 s                  ; 3.59e-10 s                  ; No                         ; Yes                        ; 2.32 V                      ; 4.49e-09 V                  ; 2.38 V             ; -0.00552 V         ; 0.096 V                             ; 0.019 V                             ; 4.18e-10 s                 ; 3.59e-10 s                 ; No                        ; Yes                       ;
; HEX4[5]       ; 2.5 V        ; 0 s                 ; 0 s                 ; 2.32 V                       ; 4.49e-09 V                   ; 2.38 V              ; -0.00552 V          ; 0.096 V                              ; 0.019 V                              ; 4.18e-10 s                  ; 3.59e-10 s                  ; No                         ; Yes                        ; 2.32 V                      ; 4.49e-09 V                  ; 2.38 V             ; -0.00552 V         ; 0.096 V                             ; 0.019 V                             ; 4.18e-10 s                 ; 3.59e-10 s                 ; No                        ; Yes                       ;
; HEX4[6]       ; 2.5 V        ; 0 s                 ; 0 s                 ; 2.32 V                       ; 4.49e-09 V                   ; 2.38 V              ; -0.00552 V          ; 0.096 V                              ; 0.019 V                              ; 4.18e-10 s                  ; 3.59e-10 s                  ; No                         ; Yes                        ; 2.32 V                      ; 4.49e-09 V                  ; 2.38 V             ; -0.00552 V         ; 0.096 V                             ; 0.019 V                             ; 4.18e-10 s                 ; 3.59e-10 s                 ; No                        ; Yes                       ;
; HEX5[0]       ; 2.5 V        ; 0 s                 ; 0 s                 ; 2.32 V                       ; 4.49e-09 V                   ; 2.38 V              ; -0.00552 V          ; 0.096 V                              ; 0.019 V                              ; 4.18e-10 s                  ; 3.59e-10 s                  ; No                         ; Yes                        ; 2.32 V                      ; 4.49e-09 V                  ; 2.38 V             ; -0.00552 V         ; 0.096 V                             ; 0.019 V                             ; 4.18e-10 s                 ; 3.59e-10 s                 ; No                        ; Yes                       ;
; HEX5[1]       ; 2.5 V        ; 0 s                 ; 0 s                 ; 2.32 V                       ; 4.49e-09 V                   ; 2.33 V              ; -0.00467 V          ; 0.226 V                              ; 0.087 V                              ; 2.91e-09 s                  ; 2.74e-09 s                  ; Yes                        ; Yes                        ; 2.32 V                      ; 4.49e-09 V                  ; 2.33 V             ; -0.00467 V         ; 0.226 V                             ; 0.087 V                             ; 2.91e-09 s                 ; 2.74e-09 s                 ; Yes                       ; Yes                       ;
; HEX5[2]       ; 2.5 V        ; 0 s                 ; 0 s                 ; 2.32 V                       ; 4.49e-09 V                   ; 2.38 V              ; -0.00552 V          ; 0.096 V                              ; 0.019 V                              ; 4.18e-10 s                  ; 3.59e-10 s                  ; No                         ; Yes                        ; 2.32 V                      ; 4.49e-09 V                  ; 2.38 V             ; -0.00552 V         ; 0.096 V                             ; 0.019 V                             ; 4.18e-10 s                 ; 3.59e-10 s                 ; No                        ; Yes                       ;
; HEX5[3]       ; 2.5 V        ; 0 s                 ; 0 s                 ; 2.32 V                       ; 4.49e-09 V                   ; 2.38 V              ; -0.00552 V          ; 0.096 V                              ; 0.019 V                              ; 4.18e-10 s                  ; 3.59e-10 s                  ; No                         ; Yes                        ; 2.32 V                      ; 4.49e-09 V                  ; 2.38 V             ; -0.00552 V         ; 0.096 V                             ; 0.019 V                             ; 4.18e-10 s                 ; 3.59e-10 s                 ; No                        ; Yes                       ;
; HEX5[4]       ; 2.5 V        ; 0 s                 ; 0 s                 ; 2.32 V                       ; 4.49e-09 V                   ; 2.38 V              ; -0.00552 V          ; 0.096 V                              ; 0.019 V                              ; 4.18e-10 s                  ; 3.59e-10 s                  ; No                         ; Yes                        ; 2.32 V                      ; 4.49e-09 V                  ; 2.38 V             ; -0.00552 V         ; 0.096 V                             ; 0.019 V                             ; 4.18e-10 s                 ; 3.59e-10 s                 ; No                        ; Yes                       ;
; HEX5[5]       ; 2.5 V        ; 0 s                 ; 0 s                 ; 2.32 V                       ; 4.49e-09 V                   ; 2.38 V              ; -0.00552 V          ; 0.096 V                              ; 0.019 V                              ; 4.18e-10 s                  ; 3.59e-10 s                  ; No                         ; Yes                        ; 2.32 V                      ; 4.49e-09 V                  ; 2.38 V             ; -0.00552 V         ; 0.096 V                             ; 0.019 V                             ; 4.18e-10 s                 ; 3.59e-10 s                 ; No                        ; Yes                       ;
; HEX5[6]       ; 2.5 V        ; 0 s                 ; 0 s                 ; 2.32 V                       ; 4.49e-09 V                   ; 2.38 V              ; -0.00552 V          ; 0.096 V                              ; 0.019 V                              ; 4.18e-10 s                  ; 3.59e-10 s                  ; No                         ; Yes                        ; 2.32 V                      ; 4.49e-09 V                  ; 2.38 V             ; -0.00552 V         ; 0.096 V                             ; 0.019 V                             ; 4.18e-10 s                 ; 3.59e-10 s                 ; No                        ; Yes                       ;
; ~ALTERA_DCLK~ ; 2.5 V        ; 0 s                 ; 0 s                 ; 2.32 V                       ; 2.67e-09 V                   ; 2.38 V              ; -0.0485 V           ; 0.167 V                              ; 0.096 V                              ; 2.95e-10 s                  ; 2.73e-10 s                  ; Yes                        ; Yes                        ; 2.32 V                      ; 2.67e-09 V                  ; 2.38 V             ; -0.0485 V          ; 0.167 V                             ; 0.096 V                             ; 2.95e-10 s                 ; 2.73e-10 s                 ; Yes                       ; Yes                       ;
; ~ALTERA_nCEO~ ; 2.5 V        ; 0 s                 ; 0 s                 ; 2.32 V                       ; 4.18e-09 V                   ; 2.38 V              ; -0.00483 V          ; 0.152 V                              ; 0.012 V                              ; 4.81e-10 s                  ; 6.29e-10 s                  ; Yes                        ; Yes                        ; 2.32 V                      ; 4.18e-09 V                  ; 2.38 V             ; -0.00483 V         ; 0.152 V                             ; 0.012 V                             ; 4.81e-10 s                 ; 6.29e-10 s                 ; Yes                       ; Yes                       ;
+---------------+--------------+---------------------+---------------------+------------------------------+------------------------------+---------------------+---------------------+--------------------------------------+--------------------------------------+-----------------------------+-----------------------------+----------------------------+----------------------------+-----------------------------+-----------------------------+--------------------+--------------------+-------------------------------------+-------------------------------------+----------------------------+----------------------------+---------------------------+---------------------------+


+--------------------------------------------------------------------------------------------------------------------------------------------------------------------------------------------------------------------------------------------------------------------------------------------------------------------------------------------------------------------------------------------------------------------------------------------------------------------------------------------------------------------------------------------------------------------------------------------------------------------------------------------------------------------------------------------+
; Signal Integrity Metrics (Slow 1200mv 85c Model)                                                                                                                                                                                                                                                                                                                                                                                                                                                                                                                                                                                                                                           ;
+---------------+--------------+---------------------+---------------------+------------------------------+------------------------------+---------------------+---------------------+--------------------------------------+--------------------------------------+-----------------------------+-----------------------------+----------------------------+----------------------------+-----------------------------+-----------------------------+--------------------+--------------------+-------------------------------------+-------------------------------------+----------------------------+----------------------------+---------------------------+---------------------------+
; Pin           ; I/O Standard ; Board Delay on Rise ; Board Delay on Fall ; Steady State Voh at FPGA Pin ; Steady State Vol at FPGA Pin ; Voh Max at FPGA Pin ; Vol Min at FPGA Pin ; Ringback Voltage on Rise at FPGA Pin ; Ringback Voltage on Fall at FPGA Pin ; 10-90 Rise Time at FPGA Pin ; 90-10 Fall Time at FPGA Pin ; Monotonic Rise at FPGA Pin ; Monotonic Fall at FPGA Pin ; Steady State Voh at Far-end ; Steady State Vol at Far-end ; Voh Max at Far-end ; Vol Min at Far-end ; Ringback Voltage on Rise at Far-end ; Ringback Voltage on Fall at Far-end ; 10-90 Rise Time at Far-end ; 90-10 Fall Time at Far-end ; Monotonic Rise at Far-end ; Monotonic Fall at Far-end ;
+---------------+--------------+---------------------+---------------------+------------------------------+------------------------------+---------------------+---------------------+--------------------------------------+--------------------------------------+-----------------------------+-----------------------------+----------------------------+----------------------------+-----------------------------+-----------------------------+--------------------+--------------------+-------------------------------------+-------------------------------------+----------------------------+----------------------------+---------------------------+---------------------------+
; HEX0[0]       ; 2.5 V        ; 0 s                 ; 0 s                 ; 2.32 V                       ; 6.92e-07 V                   ; 2.35 V              ; -0.00996 V          ; 0.121 V                              ; 0.03 V                               ; 4.64e-10 s                  ; 4.47e-10 s                  ; Yes                        ; Yes                        ; 2.32 V                      ; 6.92e-07 V                  ; 2.35 V             ; -0.00996 V         ; 0.121 V                             ; 0.03 V                              ; 4.64e-10 s                 ; 4.47e-10 s                 ; Yes                       ; Yes                       ;
; HEX0[1]       ; 2.5 V        ; 0 s                 ; 0 s                 ; 2.32 V                       ; 6.92e-07 V                   ; 2.33 V              ; -0.00265 V          ; 0.133 V                              ; 0.056 V                              ; 3.55e-09 s                  ; 3.31e-09 s                  ; Yes                        ; Yes                        ; 2.32 V                      ; 6.92e-07 V                  ; 2.33 V             ; -0.00265 V         ; 0.133 V                             ; 0.056 V                             ; 3.55e-09 s                 ; 3.31e-09 s                 ; Yes                       ; Yes                       ;
; HEX0[2]       ; 2.5 V        ; 0 s                 ; 0 s                 ; 2.32 V                       ; 6.92e-07 V                   ; 2.35 V              ; -0.00996 V          ; 0.121 V                              ; 0.03 V                               ; 4.64e-10 s                  ; 4.47e-10 s                  ; Yes                        ; Yes                        ; 2.32 V                      ; 6.92e-07 V                  ; 2.35 V             ; -0.00996 V         ; 0.121 V                             ; 0.03 V                              ; 4.64e-10 s                 ; 4.47e-10 s                 ; Yes                       ; Yes                       ;
; HEX0[3]       ; 2.5 V        ; 0 s                 ; 0 s                 ; 2.32 V                       ; 4.67e-07 V                   ; 2.36 V              ; -0.00552 V          ; 0.11 V                               ; 0.007 V                              ; 4.54e-10 s                  ; 4.35e-10 s                  ; Yes                        ; Yes                        ; 2.32 V                      ; 4.67e-07 V                  ; 2.36 V             ; -0.00552 V         ; 0.11 V                              ; 0.007 V                             ; 4.54e-10 s                 ; 4.35e-10 s                 ; Yes                       ; Yes                       ;
; HEX0[4]       ; 2.5 V        ; 0 s                 ; 0 s                 ; 2.32 V                       ; 4.67e-07 V                   ; 2.36 V              ; -0.00552 V          ; 0.11 V                               ; 0.007 V                              ; 4.54e-10 s                  ; 4.35e-10 s                  ; Yes                        ; Yes                        ; 2.32 V                      ; 4.67e-07 V                  ; 2.36 V             ; -0.00552 V         ; 0.11 V                              ; 0.007 V                             ; 4.54e-10 s                 ; 4.35e-10 s                 ; Yes                       ; Yes                       ;
; HEX0[5]       ; 2.5 V        ; 0 s                 ; 0 s                 ; 2.32 V                       ; 4.67e-07 V                   ; 2.33 V              ; -0.00269 V          ; 0.13 V                               ; 0.055 V                              ; 3.54e-09 s                  ; 3.29e-09 s                  ; Yes                        ; Yes                        ; 2.32 V                      ; 4.67e-07 V                  ; 2.33 V             ; -0.00269 V         ; 0.13 V                              ; 0.055 V                             ; 3.54e-09 s                 ; 3.29e-09 s                 ; Yes                       ; Yes                       ;
; HEX0[6]       ; 2.5 V        ; 0 s                 ; 0 s                 ; 2.32 V                       ; 4.67e-07 V                   ; 2.36 V              ; -0.00552 V          ; 0.11 V                               ; 0.007 V                              ; 4.54e-10 s                  ; 4.35e-10 s                  ; Yes                        ; Yes                        ; 2.32 V                      ; 4.67e-07 V                  ; 2.36 V             ; -0.00552 V         ; 0.11 V                              ; 0.007 V                             ; 4.54e-10 s                 ; 4.35e-10 s                 ; Yes                       ; Yes                       ;
; HEX1[0]       ; 2.5 V        ; 0 s                 ; 0 s                 ; 2.32 V                       ; 4.67e-07 V                   ; 2.36 V              ; -0.00552 V          ; 0.11 V                               ; 0.007 V                              ; 4.54e-10 s                  ; 4.35e-10 s                  ; Yes                        ; Yes                        ; 2.32 V                      ; 4.67e-07 V                  ; 2.36 V             ; -0.00552 V         ; 0.11 V                              ; 0.007 V                             ; 4.54e-10 s                 ; 4.35e-10 s                 ; Yes                       ; Yes                       ;
; HEX1[1]       ; 2.5 V        ; 0 s                 ; 0 s                 ; 2.32 V                       ; 4.67e-07 V                   ; 2.35 V              ; -0.00942 V          ; 0.116 V                              ; 0.033 V                              ; 6.66e-10 s                  ; 6.27e-10 s                  ; Yes                        ; Yes                        ; 2.32 V                      ; 4.67e-07 V                  ; 2.35 V             ; -0.00942 V         ; 0.116 V                             ; 0.033 V                             ; 6.66e-10 s                 ; 6.27e-10 s                 ; Yes                       ; Yes                       ;
; HEX1[2]       ; 2.5 V        ; 0 s                 ; 0 s                 ; 2.32 V                       ; 4.67e-07 V                   ; 2.35 V              ; -0.00942 V          ; 0.116 V                              ; 0.033 V                              ; 6.66e-10 s                  ; 6.27e-10 s                  ; Yes                        ; Yes                        ; 2.32 V                      ; 4.67e-07 V                  ; 2.35 V             ; -0.00942 V         ; 0.116 V                             ; 0.033 V                             ; 6.66e-10 s                 ; 6.27e-10 s                 ; Yes                       ; Yes                       ;
; HEX1[3]       ; 2.5 V        ; 0 s                 ; 0 s                 ; 2.32 V                       ; 4.67e-07 V                   ; 2.35 V              ; -0.00942 V          ; 0.116 V                              ; 0.033 V                              ; 6.66e-10 s                  ; 6.27e-10 s                  ; Yes                        ; Yes                        ; 2.32 V                      ; 4.67e-07 V                  ; 2.35 V             ; -0.00942 V         ; 0.116 V                             ; 0.033 V                             ; 6.66e-10 s                 ; 6.27e-10 s                 ; Yes                       ; Yes                       ;
; HEX1[4]       ; 2.5 V        ; 0 s                 ; 0 s                 ; 2.32 V                       ; 4.67e-07 V                   ; 2.35 V              ; -0.00942 V          ; 0.116 V                              ; 0.033 V                              ; 6.66e-10 s                  ; 6.27e-10 s                  ; Yes                        ; Yes                        ; 2.32 V                      ; 4.67e-07 V                  ; 2.35 V             ; -0.00942 V         ; 0.116 V                             ; 0.033 V                             ; 6.66e-10 s                 ; 6.27e-10 s                 ; Yes                       ; Yes                       ;
; HEX1[5]       ; 2.5 V        ; 0 s                 ; 0 s                 ; 2.32 V                       ; 4.67e-07 V                   ; 2.33 V              ; -0.00269 V          ; 0.13 V                               ; 0.055 V                              ; 3.54e-09 s                  ; 3.29e-09 s                  ; Yes                        ; Yes                        ; 2.32 V                      ; 4.67e-07 V                  ; 2.33 V             ; -0.00269 V         ; 0.13 V                              ; 0.055 V                             ; 3.54e-09 s                 ; 3.29e-09 s                 ; Yes                       ; Yes                       ;
; HEX1[6]       ; 2.5 V        ; 0 s                 ; 0 s                 ; 2.32 V                       ; 4.67e-07 V                   ; 2.33 V              ; -0.00269 V          ; 0.13 V                               ; 0.055 V                              ; 3.54e-09 s                  ; 3.29e-09 s                  ; Yes                        ; Yes                        ; 2.32 V                      ; 4.67e-07 V                  ; 2.33 V             ; -0.00269 V         ; 0.13 V                              ; 0.055 V                             ; 3.54e-09 s                 ; 3.29e-09 s                 ; Yes                       ; Yes                       ;
; HEX2[0]       ; 2.5 V        ; 0 s                 ; 0 s                 ; 2.32 V                       ; 4.67e-07 V                   ; 2.35 V              ; -0.00942 V          ; 0.116 V                              ; 0.033 V                              ; 6.66e-10 s                  ; 6.27e-10 s                  ; Yes                        ; Yes                        ; 2.32 V                      ; 4.67e-07 V                  ; 2.35 V             ; -0.00942 V         ; 0.116 V                             ; 0.033 V                             ; 6.66e-10 s                 ; 6.27e-10 s                 ; Yes                       ; Yes                       ;
; HEX2[1]       ; 2.5 V        ; 0 s                 ; 0 s                 ; 2.32 V                       ; 4.67e-07 V                   ; 2.35 V              ; -0.00942 V          ; 0.116 V                              ; 0.033 V                              ; 6.66e-10 s                  ; 6.27e-10 s                  ; Yes                        ; Yes                        ; 2.32 V                      ; 4.67e-07 V                  ; 2.35 V             ; -0.00942 V         ; 0.116 V                             ; 0.033 V                             ; 6.66e-10 s                 ; 6.27e-10 s                 ; Yes                       ; Yes                       ;
; HEX2[2]       ; 2.5 V        ; 0 s                 ; 0 s                 ; 2.32 V                       ; 4.67e-07 V                   ; 2.35 V              ; -0.00942 V          ; 0.116 V                              ; 0.033 V                              ; 6.66e-10 s                  ; 6.27e-10 s                  ; Yes                        ; Yes                        ; 2.32 V                      ; 4.67e-07 V                  ; 2.35 V             ; -0.00942 V         ; 0.116 V                             ; 0.033 V                             ; 6.66e-10 s                 ; 6.27e-10 s                 ; Yes                       ; Yes                       ;
; HEX2[3]       ; 2.5 V        ; 0 s                 ; 0 s                 ; 2.32 V                       ; 4.67e-07 V                   ; 2.35 V              ; -0.00942 V          ; 0.116 V                              ; 0.033 V                              ; 6.66e-10 s                  ; 6.27e-10 s                  ; Yes                        ; Yes                        ; 2.32 V                      ; 4.67e-07 V                  ; 2.35 V             ; -0.00942 V         ; 0.116 V                             ; 0.033 V                             ; 6.66e-10 s                 ; 6.27e-10 s                 ; Yes                       ; Yes                       ;
; HEX2[4]       ; 2.5 V        ; 0 s                 ; 0 s                 ; 2.32 V                       ; 4.67e-07 V                   ; 2.35 V              ; -0.00942 V          ; 0.116 V                              ; 0.033 V                              ; 6.66e-10 s                  ; 6.27e-10 s                  ; Yes                        ; Yes                        ; 2.32 V                      ; 4.67e-07 V                  ; 2.35 V             ; -0.00942 V         ; 0.116 V                             ; 0.033 V                             ; 6.66e-10 s                 ; 6.27e-10 s                 ; Yes                       ; Yes                       ;
; HEX2[5]       ; 2.5 V        ; 0 s                 ; 0 s                 ; 2.32 V                       ; 4.67e-07 V                   ; 2.35 V              ; -0.00942 V          ; 0.116 V                              ; 0.033 V                              ; 6.66e-10 s                  ; 6.27e-10 s                  ; Yes                        ; Yes                        ; 2.32 V                      ; 4.67e-07 V                  ; 2.35 V             ; -0.00942 V         ; 0.116 V                             ; 0.033 V                             ; 6.66e-10 s                 ; 6.27e-10 s                 ; Yes                       ; Yes                       ;
; HEX2[6]       ; 2.5 V        ; 0 s                 ; 0 s                 ; 2.32 V                       ; 4.67e-07 V                   ; 2.35 V              ; -0.00942 V          ; 0.116 V                              ; 0.033 V                              ; 6.66e-10 s                  ; 6.27e-10 s                  ; Yes                        ; Yes                        ; 2.32 V                      ; 4.67e-07 V                  ; 2.35 V             ; -0.00942 V         ; 0.116 V                             ; 0.033 V                             ; 6.66e-10 s                 ; 6.27e-10 s                 ; Yes                       ; Yes                       ;
; HEX3[0]       ; 2.5 V        ; 0 s                 ; 0 s                 ; 2.32 V                       ; 4.67e-07 V                   ; 2.35 V              ; -0.00942 V          ; 0.116 V                              ; 0.033 V                              ; 6.66e-10 s                  ; 6.27e-10 s                  ; Yes                        ; Yes                        ; 2.32 V                      ; 4.67e-07 V                  ; 2.35 V             ; -0.00942 V         ; 0.116 V                             ; 0.033 V                             ; 6.66e-10 s                 ; 6.27e-10 s                 ; Yes                       ; Yes                       ;
; HEX3[1]       ; 2.5 V        ; 0 s                 ; 0 s                 ; 2.32 V                       ; 4.67e-07 V                   ; 2.36 V              ; -0.00552 V          ; 0.11 V                               ; 0.007 V                              ; 4.54e-10 s                  ; 4.35e-10 s                  ; Yes                        ; Yes                        ; 2.32 V                      ; 4.67e-07 V                  ; 2.36 V             ; -0.00552 V         ; 0.11 V                              ; 0.007 V                             ; 4.54e-10 s                 ; 4.35e-10 s                 ; Yes                       ; Yes                       ;
; HEX3[2]       ; 2.5 V        ; 0 s                 ; 0 s                 ; 2.32 V                       ; 6.92e-07 V                   ; 2.33 V              ; -0.00265 V          ; 0.133 V                              ; 0.056 V                              ; 3.55e-09 s                  ; 3.31e-09 s                  ; Yes                        ; Yes                        ; 2.32 V                      ; 6.92e-07 V                  ; 2.33 V             ; -0.00265 V         ; 0.133 V                             ; 0.056 V                             ; 3.55e-09 s                 ; 3.31e-09 s                 ; Yes                       ; Yes                       ;
; HEX3[3]       ; 2.5 V        ; 0 s                 ; 0 s                 ; 2.32 V                       ; 6.92e-07 V                   ; 2.35 V              ; -0.00996 V          ; 0.121 V                              ; 0.03 V                               ; 4.64e-10 s                  ; 4.47e-10 s                  ; Yes                        ; Yes                        ; 2.32 V                      ; 6.92e-07 V                  ; 2.35 V             ; -0.00996 V         ; 0.121 V                             ; 0.03 V                              ; 4.64e-10 s                 ; 4.47e-10 s                 ; Yes                       ; Yes                       ;
; HEX3[4]       ; 2.5 V        ; 0 s                 ; 0 s                 ; 2.32 V                       ; 6.92e-07 V                   ; 2.35 V              ; -0.00996 V          ; 0.121 V                              ; 0.03 V                               ; 4.64e-10 s                  ; 4.47e-10 s                  ; Yes                        ; Yes                        ; 2.32 V                      ; 6.92e-07 V                  ; 2.35 V             ; -0.00996 V         ; 0.121 V                             ; 0.03 V                              ; 4.64e-10 s                 ; 4.47e-10 s                 ; Yes                       ; Yes                       ;
; HEX3[5]       ; 2.5 V        ; 0 s                 ; 0 s                 ; 2.32 V                       ; 6.92e-07 V                   ; 2.35 V              ; -0.00996 V          ; 0.121 V                              ; 0.03 V                               ; 4.64e-10 s                  ; 4.47e-10 s                  ; Yes                        ; Yes                        ; 2.32 V                      ; 6.92e-07 V                  ; 2.35 V             ; -0.00996 V         ; 0.121 V                             ; 0.03 V                              ; 4.64e-10 s                 ; 4.47e-10 s                 ; Yes                       ; Yes                       ;
; HEX3[6]       ; 2.5 V        ; 0 s                 ; 0 s                 ; 2.32 V                       ; 6.92e-07 V                   ; 2.35 V              ; -0.00996 V          ; 0.121 V                              ; 0.03 V                               ; 4.64e-10 s                  ; 4.47e-10 s                  ; Yes                        ; Yes                        ; 2.32 V                      ; 6.92e-07 V                  ; 2.35 V             ; -0.00996 V         ; 0.121 V                             ; 0.03 V                              ; 4.64e-10 s                 ; 4.47e-10 s                 ; Yes                       ; Yes                       ;
; HEX4[0]       ; 2.5 V        ; 0 s                 ; 0 s                 ; 2.32 V                       ; 6.92e-07 V                   ; 2.35 V              ; -0.00996 V          ; 0.121 V                              ; 0.03 V                               ; 4.64e-10 s                  ; 4.47e-10 s                  ; Yes                        ; Yes                        ; 2.32 V                      ; 6.92e-07 V                  ; 2.35 V             ; -0.00996 V         ; 0.121 V                             ; 0.03 V                              ; 4.64e-10 s                 ; 4.47e-10 s                 ; Yes                       ; Yes                       ;
; HEX4[1]       ; 2.5 V        ; 0 s                 ; 0 s                 ; 2.32 V                       ; 6.92e-07 V                   ; 2.35 V              ; -0.00996 V          ; 0.121 V                              ; 0.03 V                               ; 4.64e-10 s                  ; 4.47e-10 s                  ; Yes                        ; Yes                        ; 2.32 V                      ; 6.92e-07 V                  ; 2.35 V             ; -0.00996 V         ; 0.121 V                             ; 0.03 V                              ; 4.64e-10 s                 ; 4.47e-10 s                 ; Yes                       ; Yes                       ;
; HEX4[2]       ; 2.5 V        ; 0 s                 ; 0 s                 ; 2.32 V                       ; 6.92e-07 V                   ; 2.35 V              ; -0.00996 V          ; 0.121 V                              ; 0.03 V                               ; 4.64e-10 s                  ; 4.47e-10 s                  ; Yes                        ; Yes                        ; 2.32 V                      ; 6.92e-07 V                  ; 2.35 V             ; -0.00996 V         ; 0.121 V                             ; 0.03 V                              ; 4.64e-10 s                 ; 4.47e-10 s                 ; Yes                       ; Yes                       ;
; HEX4[3]       ; 2.5 V        ; 0 s                 ; 0 s                 ; 2.32 V                       ; 6.92e-07 V                   ; 2.35 V              ; -0.00996 V          ; 0.121 V                              ; 0.03 V                               ; 4.64e-10 s                  ; 4.47e-10 s                  ; Yes                        ; Yes                        ; 2.32 V                      ; 6.92e-07 V                  ; 2.35 V             ; -0.00996 V         ; 0.121 V                             ; 0.03 V                              ; 4.64e-10 s                 ; 4.47e-10 s                 ; Yes                       ; Yes                       ;
; HEX4[4]       ; 2.5 V        ; 0 s                 ; 0 s                 ; 2.32 V                       ; 6.92e-07 V                   ; 2.35 V              ; -0.00996 V          ; 0.121 V                              ; 0.03 V                               ; 4.64e-10 s                  ; 4.47e-10 s                  ; Yes                        ; Yes                        ; 2.32 V                      ; 6.92e-07 V                  ; 2.35 V             ; -0.00996 V         ; 0.121 V                             ; 0.03 V                              ; 4.64e-10 s                 ; 4.47e-10 s                 ; Yes                       ; Yes                       ;
; HEX4[5]       ; 2.5 V        ; 0 s                 ; 0 s                 ; 2.32 V                       ; 6.92e-07 V                   ; 2.35 V              ; -0.00996 V          ; 0.121 V                              ; 0.03 V                               ; 4.64e-10 s                  ; 4.47e-10 s                  ; Yes                        ; Yes                        ; 2.32 V                      ; 6.92e-07 V                  ; 2.35 V             ; -0.00996 V         ; 0.121 V                             ; 0.03 V                              ; 4.64e-10 s                 ; 4.47e-10 s                 ; Yes                       ; Yes                       ;
; HEX4[6]       ; 2.5 V        ; 0 s                 ; 0 s                 ; 2.32 V                       ; 6.92e-07 V                   ; 2.35 V              ; -0.00996 V          ; 0.121 V                              ; 0.03 V                               ; 4.64e-10 s                  ; 4.47e-10 s                  ; Yes                        ; Yes                        ; 2.32 V                      ; 6.92e-07 V                  ; 2.35 V             ; -0.00996 V         ; 0.121 V                             ; 0.03 V                              ; 4.64e-10 s                 ; 4.47e-10 s                 ; Yes                       ; Yes                       ;
; HEX5[0]       ; 2.5 V        ; 0 s                 ; 0 s                 ; 2.32 V                       ; 6.92e-07 V                   ; 2.35 V              ; -0.00996 V          ; 0.121 V                              ; 0.03 V                               ; 4.64e-10 s                  ; 4.47e-10 s                  ; Yes                        ; Yes                        ; 2.32 V                      ; 6.92e-07 V                  ; 2.35 V             ; -0.00996 V         ; 0.121 V                             ; 0.03 V                              ; 4.64e-10 s                 ; 4.47e-10 s                 ; Yes                       ; Yes                       ;
; HEX5[1]       ; 2.5 V        ; 0 s                 ; 0 s                 ; 2.32 V                       ; 6.92e-07 V                   ; 2.33 V              ; -0.00265 V          ; 0.133 V                              ; 0.056 V                              ; 3.55e-09 s                  ; 3.31e-09 s                  ; Yes                        ; Yes                        ; 2.32 V                      ; 6.92e-07 V                  ; 2.33 V             ; -0.00265 V         ; 0.133 V                             ; 0.056 V                             ; 3.55e-09 s                 ; 3.31e-09 s                 ; Yes                       ; Yes                       ;
; HEX5[2]       ; 2.5 V        ; 0 s                 ; 0 s                 ; 2.32 V                       ; 6.92e-07 V                   ; 2.35 V              ; -0.00996 V          ; 0.121 V                              ; 0.03 V                               ; 4.64e-10 s                  ; 4.47e-10 s                  ; Yes                        ; Yes                        ; 2.32 V                      ; 6.92e-07 V                  ; 2.35 V             ; -0.00996 V         ; 0.121 V                             ; 0.03 V                              ; 4.64e-10 s                 ; 4.47e-10 s                 ; Yes                       ; Yes                       ;
; HEX5[3]       ; 2.5 V        ; 0 s                 ; 0 s                 ; 2.32 V                       ; 6.92e-07 V                   ; 2.35 V              ; -0.00996 V          ; 0.121 V                              ; 0.03 V                               ; 4.64e-10 s                  ; 4.47e-10 s                  ; Yes                        ; Yes                        ; 2.32 V                      ; 6.92e-07 V                  ; 2.35 V             ; -0.00996 V         ; 0.121 V                             ; 0.03 V                              ; 4.64e-10 s                 ; 4.47e-10 s                 ; Yes                       ; Yes                       ;
; HEX5[4]       ; 2.5 V        ; 0 s                 ; 0 s                 ; 2.32 V                       ; 6.92e-07 V                   ; 2.35 V              ; -0.00996 V          ; 0.121 V                              ; 0.03 V                               ; 4.64e-10 s                  ; 4.47e-10 s                  ; Yes                        ; Yes                        ; 2.32 V                      ; 6.92e-07 V                  ; 2.35 V             ; -0.00996 V         ; 0.121 V                             ; 0.03 V                              ; 4.64e-10 s                 ; 4.47e-10 s                 ; Yes                       ; Yes                       ;
; HEX5[5]       ; 2.5 V        ; 0 s                 ; 0 s                 ; 2.32 V                       ; 6.92e-07 V                   ; 2.35 V              ; -0.00996 V          ; 0.121 V                              ; 0.03 V                               ; 4.64e-10 s                  ; 4.47e-10 s                  ; Yes                        ; Yes                        ; 2.32 V                      ; 6.92e-07 V                  ; 2.35 V             ; -0.00996 V         ; 0.121 V                             ; 0.03 V                              ; 4.64e-10 s                 ; 4.47e-10 s                 ; Yes                       ; Yes                       ;
; HEX5[6]       ; 2.5 V        ; 0 s                 ; 0 s                 ; 2.32 V                       ; 6.92e-07 V                   ; 2.35 V              ; -0.00996 V          ; 0.121 V                              ; 0.03 V                               ; 4.64e-10 s                  ; 4.47e-10 s                  ; Yes                        ; Yes                        ; 2.32 V                      ; 6.92e-07 V                  ; 2.35 V             ; -0.00996 V         ; 0.121 V                             ; 0.03 V                              ; 4.64e-10 s                 ; 4.47e-10 s                 ; Yes                       ; Yes                       ;
; ~ALTERA_DCLK~ ; 2.5 V        ; 0 s                 ; 0 s                 ; 2.32 V                       ; 3.75e-07 V                   ; 2.35 V              ; -0.0109 V           ; 0.084 V                              ; 0.027 V                              ; 4.31e-10 s                  ; 3.61e-10 s                  ; Yes                        ; Yes                        ; 2.32 V                      ; 3.75e-07 V                  ; 2.35 V             ; -0.0109 V          ; 0.084 V                             ; 0.027 V                             ; 4.31e-10 s                 ; 3.61e-10 s                 ; Yes                       ; Yes                       ;
; ~ALTERA_nCEO~ ; 2.5 V        ; 0 s                 ; 0 s                 ; 2.32 V                       ; 6.15e-07 V                   ; 2.35 V              ; -0.00712 V          ; 0.093 V                              ; 0.02 V                               ; 6.21e-10 s                  ; 7.9e-10 s                   ; Yes                        ; Yes                        ; 2.32 V                      ; 6.15e-07 V                  ; 2.35 V             ; -0.00712 V         ; 0.093 V                             ; 0.02 V                              ; 6.21e-10 s                 ; 7.9e-10 s                  ; Yes                       ; Yes                       ;
+---------------+--------------+---------------------+---------------------+------------------------------+------------------------------+---------------------+---------------------+--------------------------------------+--------------------------------------+-----------------------------+-----------------------------+----------------------------+----------------------------+-----------------------------+-----------------------------+--------------------+--------------------+-------------------------------------+-------------------------------------+----------------------------+----------------------------+---------------------------+---------------------------+


+--------------------------------------------------------------------------------------------------------------------------------------------------------------------------------------------------------------------------------------------------------------------------------------------------------------------------------------------------------------------------------------------------------------------------------------------------------------------------------------------------------------------------------------------------------------------------------------------------------------------------------------------------------------------------------------------+
; Signal Integrity Metrics (Fast 1200mv 0c Model)                                                                                                                                                                                                                                                                                                                                                                                                                                                                                                                                                                                                                                            ;
+---------------+--------------+---------------------+---------------------+------------------------------+------------------------------+---------------------+---------------------+--------------------------------------+--------------------------------------+-----------------------------+-----------------------------+----------------------------+----------------------------+-----------------------------+-----------------------------+--------------------+--------------------+-------------------------------------+-------------------------------------+----------------------------+----------------------------+---------------------------+---------------------------+
; Pin           ; I/O Standard ; Board Delay on Rise ; Board Delay on Fall ; Steady State Voh at FPGA Pin ; Steady State Vol at FPGA Pin ; Voh Max at FPGA Pin ; Vol Min at FPGA Pin ; Ringback Voltage on Rise at FPGA Pin ; Ringback Voltage on Fall at FPGA Pin ; 10-90 Rise Time at FPGA Pin ; 90-10 Fall Time at FPGA Pin ; Monotonic Rise at FPGA Pin ; Monotonic Fall at FPGA Pin ; Steady State Voh at Far-end ; Steady State Vol at Far-end ; Voh Max at Far-end ; Vol Min at Far-end ; Ringback Voltage on Rise at Far-end ; Ringback Voltage on Fall at Far-end ; 10-90 Rise Time at Far-end ; 90-10 Fall Time at Far-end ; Monotonic Rise at Far-end ; Monotonic Fall at Far-end ;
+---------------+--------------+---------------------+---------------------+------------------------------+------------------------------+---------------------+---------------------+--------------------------------------+--------------------------------------+-----------------------------+-----------------------------+----------------------------+----------------------------+-----------------------------+-----------------------------+--------------------+--------------------+-------------------------------------+-------------------------------------+----------------------------+----------------------------+---------------------------+---------------------------+
; HEX0[0]       ; 2.5 V        ; 0 s                 ; 0 s                 ; 2.62 V                       ; 4.05e-08 V                   ; 2.72 V              ; -0.0349 V           ; 0.173 V                              ; 0.1 V                                ; 2.72e-10 s                  ; 2.69e-10 s                  ; Yes                        ; Yes                        ; 2.62 V                      ; 4.05e-08 V                  ; 2.72 V             ; -0.0349 V          ; 0.173 V                             ; 0.1 V                               ; 2.72e-10 s                 ; 2.69e-10 s                 ; Yes                       ; Yes                       ;
; HEX0[1]       ; 2.5 V        ; 0 s                 ; 0 s                 ; 2.62 V                       ; 4.05e-08 V                   ; 2.64 V              ; -0.0113 V           ; 0.208 V                              ; 0.179 V                              ; 2.38e-09 s                  ; 2.23e-09 s                  ; No                         ; Yes                        ; 2.62 V                      ; 4.05e-08 V                  ; 2.64 V             ; -0.0113 V          ; 0.208 V                             ; 0.179 V                             ; 2.38e-09 s                 ; 2.23e-09 s                 ; No                        ; Yes                       ;
; HEX0[2]       ; 2.5 V        ; 0 s                 ; 0 s                 ; 2.62 V                       ; 4.05e-08 V                   ; 2.72 V              ; -0.0349 V           ; 0.173 V                              ; 0.1 V                                ; 2.72e-10 s                  ; 2.69e-10 s                  ; Yes                        ; Yes                        ; 2.62 V                      ; 4.05e-08 V                  ; 2.72 V             ; -0.0349 V          ; 0.173 V                             ; 0.1 V                               ; 2.72e-10 s                 ; 2.69e-10 s                 ; Yes                       ; Yes                       ;
; HEX0[3]       ; 2.5 V        ; 0 s                 ; 0 s                 ; 2.62 V                       ; 2.74e-08 V                   ; 2.73 V              ; -0.0384 V           ; 0.169 V                              ; 0.089 V                              ; 2.7e-10 s                   ; 2.62e-10 s                  ; Yes                        ; Yes                        ; 2.62 V                      ; 2.74e-08 V                  ; 2.73 V             ; -0.0384 V          ; 0.169 V                             ; 0.089 V                             ; 2.7e-10 s                  ; 2.62e-10 s                 ; Yes                       ; Yes                       ;
; HEX0[4]       ; 2.5 V        ; 0 s                 ; 0 s                 ; 2.62 V                       ; 2.74e-08 V                   ; 2.73 V              ; -0.0384 V           ; 0.169 V                              ; 0.089 V                              ; 2.7e-10 s                   ; 2.62e-10 s                  ; Yes                        ; Yes                        ; 2.62 V                      ; 2.74e-08 V                  ; 2.73 V             ; -0.0384 V          ; 0.169 V                             ; 0.089 V                             ; 2.7e-10 s                  ; 2.62e-10 s                 ; Yes                       ; Yes                       ;
; HEX0[5]       ; 2.5 V        ; 0 s                 ; 0 s                 ; 2.62 V                       ; 2.74e-08 V                   ; 2.64 V              ; -0.0117 V           ; 0.202 V                              ; 0.176 V                              ; 2.38e-09 s                  ; 2.22e-09 s                  ; No                         ; Yes                        ; 2.62 V                      ; 2.74e-08 V                  ; 2.64 V             ; -0.0117 V          ; 0.202 V                             ; 0.176 V                             ; 2.38e-09 s                 ; 2.22e-09 s                 ; No                        ; Yes                       ;
; HEX0[6]       ; 2.5 V        ; 0 s                 ; 0 s                 ; 2.62 V                       ; 2.74e-08 V                   ; 2.73 V              ; -0.0384 V           ; 0.169 V                              ; 0.089 V                              ; 2.7e-10 s                   ; 2.62e-10 s                  ; Yes                        ; Yes                        ; 2.62 V                      ; 2.74e-08 V                  ; 2.73 V             ; -0.0384 V          ; 0.169 V                             ; 0.089 V                             ; 2.7e-10 s                  ; 2.62e-10 s                 ; Yes                       ; Yes                       ;
; HEX1[0]       ; 2.5 V        ; 0 s                 ; 0 s                 ; 2.62 V                       ; 2.74e-08 V                   ; 2.73 V              ; -0.0384 V           ; 0.169 V                              ; 0.089 V                              ; 2.7e-10 s                   ; 2.62e-10 s                  ; Yes                        ; Yes                        ; 2.62 V                      ; 2.74e-08 V                  ; 2.73 V             ; -0.0384 V          ; 0.169 V                             ; 0.089 V                             ; 2.7e-10 s                  ; 2.62e-10 s                 ; Yes                       ; Yes                       ;
; HEX1[1]       ; 2.5 V        ; 0 s                 ; 0 s                 ; 2.62 V                       ; 2.74e-08 V                   ; 2.71 V              ; -0.0317 V           ; 0.148 V                              ; 0.064 V                              ; 4.51e-10 s                  ; 4.15e-10 s                  ; No                         ; Yes                        ; 2.62 V                      ; 2.74e-08 V                  ; 2.71 V             ; -0.0317 V          ; 0.148 V                             ; 0.064 V                             ; 4.51e-10 s                 ; 4.15e-10 s                 ; No                        ; Yes                       ;
; HEX1[2]       ; 2.5 V        ; 0 s                 ; 0 s                 ; 2.62 V                       ; 2.74e-08 V                   ; 2.71 V              ; -0.0317 V           ; 0.148 V                              ; 0.064 V                              ; 4.51e-10 s                  ; 4.15e-10 s                  ; No                         ; Yes                        ; 2.62 V                      ; 2.74e-08 V                  ; 2.71 V             ; -0.0317 V          ; 0.148 V                             ; 0.064 V                             ; 4.51e-10 s                 ; 4.15e-10 s                 ; No                        ; Yes                       ;
; HEX1[3]       ; 2.5 V        ; 0 s                 ; 0 s                 ; 2.62 V                       ; 2.74e-08 V                   ; 2.71 V              ; -0.0317 V           ; 0.148 V                              ; 0.064 V                              ; 4.51e-10 s                  ; 4.15e-10 s                  ; No                         ; Yes                        ; 2.62 V                      ; 2.74e-08 V                  ; 2.71 V             ; -0.0317 V          ; 0.148 V                             ; 0.064 V                             ; 4.51e-10 s                 ; 4.15e-10 s                 ; No                        ; Yes                       ;
; HEX1[4]       ; 2.5 V        ; 0 s                 ; 0 s                 ; 2.62 V                       ; 2.74e-08 V                   ; 2.71 V              ; -0.0317 V           ; 0.148 V                              ; 0.064 V                              ; 4.51e-10 s                  ; 4.15e-10 s                  ; No                         ; Yes                        ; 2.62 V                      ; 2.74e-08 V                  ; 2.71 V             ; -0.0317 V          ; 0.148 V                             ; 0.064 V                             ; 4.51e-10 s                 ; 4.15e-10 s                 ; No                        ; Yes                       ;
; HEX1[5]       ; 2.5 V        ; 0 s                 ; 0 s                 ; 2.62 V                       ; 2.74e-08 V                   ; 2.64 V              ; -0.0117 V           ; 0.202 V                              ; 0.176 V                              ; 2.38e-09 s                  ; 2.22e-09 s                  ; No                         ; Yes                        ; 2.62 V                      ; 2.74e-08 V                  ; 2.64 V             ; -0.0117 V          ; 0.202 V                             ; 0.176 V                             ; 2.38e-09 s                 ; 2.22e-09 s                 ; No                        ; Yes                       ;
; HEX1[6]       ; 2.5 V        ; 0 s                 ; 0 s                 ; 2.62 V                       ; 2.74e-08 V                   ; 2.64 V              ; -0.0117 V           ; 0.202 V                              ; 0.176 V                              ; 2.38e-09 s                  ; 2.22e-09 s                  ; No                         ; Yes                        ; 2.62 V                      ; 2.74e-08 V                  ; 2.64 V             ; -0.0117 V          ; 0.202 V                             ; 0.176 V                             ; 2.38e-09 s                 ; 2.22e-09 s                 ; No                        ; Yes                       ;
; HEX2[0]       ; 2.5 V        ; 0 s                 ; 0 s                 ; 2.62 V                       ; 2.74e-08 V                   ; 2.71 V              ; -0.0317 V           ; 0.148 V                              ; 0.064 V                              ; 4.51e-10 s                  ; 4.15e-10 s                  ; No                         ; Yes                        ; 2.62 V                      ; 2.74e-08 V                  ; 2.71 V             ; -0.0317 V          ; 0.148 V                             ; 0.064 V                             ; 4.51e-10 s                 ; 4.15e-10 s                 ; No                        ; Yes                       ;
; HEX2[1]       ; 2.5 V        ; 0 s                 ; 0 s                 ; 2.62 V                       ; 2.74e-08 V                   ; 2.71 V              ; -0.0317 V           ; 0.148 V                              ; 0.064 V                              ; 4.51e-10 s                  ; 4.15e-10 s                  ; No                         ; Yes                        ; 2.62 V                      ; 2.74e-08 V                  ; 2.71 V             ; -0.0317 V          ; 0.148 V                             ; 0.064 V                             ; 4.51e-10 s                 ; 4.15e-10 s                 ; No                        ; Yes                       ;
; HEX2[2]       ; 2.5 V        ; 0 s                 ; 0 s                 ; 2.62 V                       ; 2.74e-08 V                   ; 2.71 V              ; -0.0317 V           ; 0.148 V                              ; 0.064 V                              ; 4.51e-10 s                  ; 4.15e-10 s                  ; No                         ; Yes                        ; 2.62 V                      ; 2.74e-08 V                  ; 2.71 V             ; -0.0317 V          ; 0.148 V                             ; 0.064 V                             ; 4.51e-10 s                 ; 4.15e-10 s                 ; No                        ; Yes                       ;
; HEX2[3]       ; 2.5 V        ; 0 s                 ; 0 s                 ; 2.62 V                       ; 2.74e-08 V                   ; 2.71 V              ; -0.0317 V           ; 0.148 V                              ; 0.064 V                              ; 4.51e-10 s                  ; 4.15e-10 s                  ; No                         ; Yes                        ; 2.62 V                      ; 2.74e-08 V                  ; 2.71 V             ; -0.0317 V          ; 0.148 V                             ; 0.064 V                             ; 4.51e-10 s                 ; 4.15e-10 s                 ; No                        ; Yes                       ;
; HEX2[4]       ; 2.5 V        ; 0 s                 ; 0 s                 ; 2.62 V                       ; 2.74e-08 V                   ; 2.71 V              ; -0.0317 V           ; 0.148 V                              ; 0.064 V                              ; 4.51e-10 s                  ; 4.15e-10 s                  ; No                         ; Yes                        ; 2.62 V                      ; 2.74e-08 V                  ; 2.71 V             ; -0.0317 V          ; 0.148 V                             ; 0.064 V                             ; 4.51e-10 s                 ; 4.15e-10 s                 ; No                        ; Yes                       ;
; HEX2[5]       ; 2.5 V        ; 0 s                 ; 0 s                 ; 2.62 V                       ; 2.74e-08 V                   ; 2.71 V              ; -0.0317 V           ; 0.148 V                              ; 0.064 V                              ; 4.51e-10 s                  ; 4.15e-10 s                  ; No                         ; Yes                        ; 2.62 V                      ; 2.74e-08 V                  ; 2.71 V             ; -0.0317 V          ; 0.148 V                             ; 0.064 V                             ; 4.51e-10 s                 ; 4.15e-10 s                 ; No                        ; Yes                       ;
; HEX2[6]       ; 2.5 V        ; 0 s                 ; 0 s                 ; 2.62 V                       ; 2.74e-08 V                   ; 2.71 V              ; -0.0317 V           ; 0.148 V                              ; 0.064 V                              ; 4.51e-10 s                  ; 4.15e-10 s                  ; No                         ; Yes                        ; 2.62 V                      ; 2.74e-08 V                  ; 2.71 V             ; -0.0317 V          ; 0.148 V                             ; 0.064 V                             ; 4.51e-10 s                 ; 4.15e-10 s                 ; No                        ; Yes                       ;
; HEX3[0]       ; 2.5 V        ; 0 s                 ; 0 s                 ; 2.62 V                       ; 2.74e-08 V                   ; 2.71 V              ; -0.0317 V           ; 0.148 V                              ; 0.064 V                              ; 4.51e-10 s                  ; 4.15e-10 s                  ; No                         ; Yes                        ; 2.62 V                      ; 2.74e-08 V                  ; 2.71 V             ; -0.0317 V          ; 0.148 V                             ; 0.064 V                             ; 4.51e-10 s                 ; 4.15e-10 s                 ; No                        ; Yes                       ;
; HEX3[1]       ; 2.5 V        ; 0 s                 ; 0 s                 ; 2.62 V                       ; 2.74e-08 V                   ; 2.73 V              ; -0.0384 V           ; 0.169 V                              ; 0.089 V                              ; 2.7e-10 s                   ; 2.62e-10 s                  ; Yes                        ; Yes                        ; 2.62 V                      ; 2.74e-08 V                  ; 2.73 V             ; -0.0384 V          ; 0.169 V                             ; 0.089 V                             ; 2.7e-10 s                  ; 2.62e-10 s                 ; Yes                       ; Yes                       ;
; HEX3[2]       ; 2.5 V        ; 0 s                 ; 0 s                 ; 2.62 V                       ; 4.05e-08 V                   ; 2.64 V              ; -0.0113 V           ; 0.208 V                              ; 0.179 V                              ; 2.38e-09 s                  ; 2.23e-09 s                  ; No                         ; Yes                        ; 2.62 V                      ; 4.05e-08 V                  ; 2.64 V             ; -0.0113 V          ; 0.208 V                             ; 0.179 V                             ; 2.38e-09 s                 ; 2.23e-09 s                 ; No                        ; Yes                       ;
; HEX3[3]       ; 2.5 V        ; 0 s                 ; 0 s                 ; 2.62 V                       ; 4.05e-08 V                   ; 2.72 V              ; -0.0349 V           ; 0.173 V                              ; 0.1 V                                ; 2.72e-10 s                  ; 2.69e-10 s                  ; Yes                        ; Yes                        ; 2.62 V                      ; 4.05e-08 V                  ; 2.72 V             ; -0.0349 V          ; 0.173 V                             ; 0.1 V                               ; 2.72e-10 s                 ; 2.69e-10 s                 ; Yes                       ; Yes                       ;
; HEX3[4]       ; 2.5 V        ; 0 s                 ; 0 s                 ; 2.62 V                       ; 4.05e-08 V                   ; 2.72 V              ; -0.0349 V           ; 0.173 V                              ; 0.1 V                                ; 2.72e-10 s                  ; 2.69e-10 s                  ; Yes                        ; Yes                        ; 2.62 V                      ; 4.05e-08 V                  ; 2.72 V             ; -0.0349 V          ; 0.173 V                             ; 0.1 V                               ; 2.72e-10 s                 ; 2.69e-10 s                 ; Yes                       ; Yes                       ;
; HEX3[5]       ; 2.5 V        ; 0 s                 ; 0 s                 ; 2.62 V                       ; 4.05e-08 V                   ; 2.72 V              ; -0.0349 V           ; 0.173 V                              ; 0.1 V                                ; 2.72e-10 s                  ; 2.69e-10 s                  ; Yes                        ; Yes                        ; 2.62 V                      ; 4.05e-08 V                  ; 2.72 V             ; -0.0349 V          ; 0.173 V                             ; 0.1 V                               ; 2.72e-10 s                 ; 2.69e-10 s                 ; Yes                       ; Yes                       ;
; HEX3[6]       ; 2.5 V        ; 0 s                 ; 0 s                 ; 2.62 V                       ; 4.05e-08 V                   ; 2.72 V              ; -0.0349 V           ; 0.173 V                              ; 0.1 V                                ; 2.72e-10 s                  ; 2.69e-10 s                  ; Yes                        ; Yes                        ; 2.62 V                      ; 4.05e-08 V                  ; 2.72 V             ; -0.0349 V          ; 0.173 V                             ; 0.1 V                               ; 2.72e-10 s                 ; 2.69e-10 s                 ; Yes                       ; Yes                       ;
; HEX4[0]       ; 2.5 V        ; 0 s                 ; 0 s                 ; 2.62 V                       ; 4.05e-08 V                   ; 2.72 V              ; -0.0349 V           ; 0.173 V                              ; 0.1 V                                ; 2.72e-10 s                  ; 2.69e-10 s                  ; Yes                        ; Yes                        ; 2.62 V                      ; 4.05e-08 V                  ; 2.72 V             ; -0.0349 V          ; 0.173 V                             ; 0.1 V                               ; 2.72e-10 s                 ; 2.69e-10 s                 ; Yes                       ; Yes                       ;
; HEX4[1]       ; 2.5 V        ; 0 s                 ; 0 s                 ; 2.62 V                       ; 4.05e-08 V                   ; 2.72 V              ; -0.0349 V           ; 0.173 V                              ; 0.1 V                                ; 2.72e-10 s                  ; 2.69e-10 s                  ; Yes                        ; Yes                        ; 2.62 V                      ; 4.05e-08 V                  ; 2.72 V             ; -0.0349 V          ; 0.173 V                             ; 0.1 V                               ; 2.72e-10 s                 ; 2.69e-10 s                 ; Yes                       ; Yes                       ;
; HEX4[2]       ; 2.5 V        ; 0 s                 ; 0 s                 ; 2.62 V                       ; 4.05e-08 V                   ; 2.72 V              ; -0.0349 V           ; 0.173 V                              ; 0.1 V                                ; 2.72e-10 s                  ; 2.69e-10 s                  ; Yes                        ; Yes                        ; 2.62 V                      ; 4.05e-08 V                  ; 2.72 V             ; -0.0349 V          ; 0.173 V                             ; 0.1 V                               ; 2.72e-10 s                 ; 2.69e-10 s                 ; Yes                       ; Yes                       ;
; HEX4[3]       ; 2.5 V        ; 0 s                 ; 0 s                 ; 2.62 V                       ; 4.05e-08 V                   ; 2.72 V              ; -0.0349 V           ; 0.173 V                              ; 0.1 V                                ; 2.72e-10 s                  ; 2.69e-10 s                  ; Yes                        ; Yes                        ; 2.62 V                      ; 4.05e-08 V                  ; 2.72 V             ; -0.0349 V          ; 0.173 V                             ; 0.1 V                               ; 2.72e-10 s                 ; 2.69e-10 s                 ; Yes                       ; Yes                       ;
; HEX4[4]       ; 2.5 V        ; 0 s                 ; 0 s                 ; 2.62 V                       ; 4.05e-08 V                   ; 2.72 V              ; -0.0349 V           ; 0.173 V                              ; 0.1 V                                ; 2.72e-10 s                  ; 2.69e-10 s                  ; Yes                        ; Yes                        ; 2.62 V                      ; 4.05e-08 V                  ; 2.72 V             ; -0.0349 V          ; 0.173 V                             ; 0.1 V                               ; 2.72e-10 s                 ; 2.69e-10 s                 ; Yes                       ; Yes                       ;
; HEX4[5]       ; 2.5 V        ; 0 s                 ; 0 s                 ; 2.62 V                       ; 4.05e-08 V                   ; 2.72 V              ; -0.0349 V           ; 0.173 V                              ; 0.1 V                                ; 2.72e-10 s                  ; 2.69e-10 s                  ; Yes                        ; Yes                        ; 2.62 V                      ; 4.05e-08 V                  ; 2.72 V             ; -0.0349 V          ; 0.173 V                             ; 0.1 V                               ; 2.72e-10 s                 ; 2.69e-10 s                 ; Yes                       ; Yes                       ;
; HEX4[6]       ; 2.5 V        ; 0 s                 ; 0 s                 ; 2.62 V                       ; 4.05e-08 V                   ; 2.72 V              ; -0.0349 V           ; 0.173 V                              ; 0.1 V                                ; 2.72e-10 s                  ; 2.69e-10 s                  ; Yes                        ; Yes                        ; 2.62 V                      ; 4.05e-08 V                  ; 2.72 V             ; -0.0349 V          ; 0.173 V                             ; 0.1 V                               ; 2.72e-10 s                 ; 2.69e-10 s                 ; Yes                       ; Yes                       ;
; HEX5[0]       ; 2.5 V        ; 0 s                 ; 0 s                 ; 2.62 V                       ; 4.05e-08 V                   ; 2.72 V              ; -0.0349 V           ; 0.173 V                              ; 0.1 V                                ; 2.72e-10 s                  ; 2.69e-10 s                  ; Yes                        ; Yes                        ; 2.62 V                      ; 4.05e-08 V                  ; 2.72 V             ; -0.0349 V          ; 0.173 V                             ; 0.1 V                               ; 2.72e-10 s                 ; 2.69e-10 s                 ; Yes                       ; Yes                       ;
; HEX5[1]       ; 2.5 V        ; 0 s                 ; 0 s                 ; 2.62 V                       ; 4.05e-08 V                   ; 2.64 V              ; -0.0113 V           ; 0.208 V                              ; 0.179 V                              ; 2.38e-09 s                  ; 2.23e-09 s                  ; No                         ; Yes                        ; 2.62 V                      ; 4.05e-08 V                  ; 2.64 V             ; -0.0113 V          ; 0.208 V                             ; 0.179 V                             ; 2.38e-09 s                 ; 2.23e-09 s                 ; No                        ; Yes                       ;
; HEX5[2]       ; 2.5 V        ; 0 s                 ; 0 s                 ; 2.62 V                       ; 4.05e-08 V                   ; 2.72 V              ; -0.0349 V           ; 0.173 V                              ; 0.1 V                                ; 2.72e-10 s                  ; 2.69e-10 s                  ; Yes                        ; Yes                        ; 2.62 V                      ; 4.05e-08 V                  ; 2.72 V             ; -0.0349 V          ; 0.173 V                             ; 0.1 V                               ; 2.72e-10 s                 ; 2.69e-10 s                 ; Yes                       ; Yes                       ;
; HEX5[3]       ; 2.5 V        ; 0 s                 ; 0 s                 ; 2.62 V                       ; 4.05e-08 V                   ; 2.72 V              ; -0.0349 V           ; 0.173 V                              ; 0.1 V                                ; 2.72e-10 s                  ; 2.69e-10 s                  ; Yes                        ; Yes                        ; 2.62 V                      ; 4.05e-08 V                  ; 2.72 V             ; -0.0349 V          ; 0.173 V                             ; 0.1 V                               ; 2.72e-10 s                 ; 2.69e-10 s                 ; Yes                       ; Yes                       ;
; HEX5[4]       ; 2.5 V        ; 0 s                 ; 0 s                 ; 2.62 V                       ; 4.05e-08 V                   ; 2.72 V              ; -0.0349 V           ; 0.173 V                              ; 0.1 V                                ; 2.72e-10 s                  ; 2.69e-10 s                  ; Yes                        ; Yes                        ; 2.62 V                      ; 4.05e-08 V                  ; 2.72 V             ; -0.0349 V          ; 0.173 V                             ; 0.1 V                               ; 2.72e-10 s                 ; 2.69e-10 s                 ; Yes                       ; Yes                       ;
; HEX5[5]       ; 2.5 V        ; 0 s                 ; 0 s                 ; 2.62 V                       ; 4.05e-08 V                   ; 2.72 V              ; -0.0349 V           ; 0.173 V                              ; 0.1 V                                ; 2.72e-10 s                  ; 2.69e-10 s                  ; Yes                        ; Yes                        ; 2.62 V                      ; 4.05e-08 V                  ; 2.72 V             ; -0.0349 V          ; 0.173 V                             ; 0.1 V                               ; 2.72e-10 s                 ; 2.69e-10 s                 ; Yes                       ; Yes                       ;
; HEX5[6]       ; 2.5 V        ; 0 s                 ; 0 s                 ; 2.62 V                       ; 4.05e-08 V                   ; 2.72 V              ; -0.0349 V           ; 0.173 V                              ; 0.1 V                                ; 2.72e-10 s                  ; 2.69e-10 s                  ; Yes                        ; Yes                        ; 2.62 V                      ; 4.05e-08 V                  ; 2.72 V             ; -0.0349 V          ; 0.173 V                             ; 0.1 V                               ; 2.72e-10 s                 ; 2.69e-10 s                 ; Yes                       ; Yes                       ;
; ~ALTERA_DCLK~ ; 2.5 V        ; 0 s                 ; 0 s                 ; 2.62 V                       ; 2.22e-08 V                   ; 2.74 V              ; -0.06 V             ; 0.158 V                              ; 0.08 V                               ; 2.68e-10 s                  ; 2.19e-10 s                  ; Yes                        ; Yes                        ; 2.62 V                      ; 2.22e-08 V                  ; 2.74 V             ; -0.06 V            ; 0.158 V                             ; 0.08 V                              ; 2.68e-10 s                 ; 2.19e-10 s                 ; Yes                       ; Yes                       ;
; ~ALTERA_nCEO~ ; 2.5 V        ; 0 s                 ; 0 s                 ; 2.62 V                       ; 3.54e-08 V                   ; 2.7 V               ; -0.00943 V          ; 0.276 V                              ; 0.035 V                              ; 3.19e-10 s                  ; 4.99e-10 s                  ; No                         ; Yes                        ; 2.62 V                      ; 3.54e-08 V                  ; 2.7 V              ; -0.00943 V         ; 0.276 V                             ; 0.035 V                             ; 3.19e-10 s                 ; 4.99e-10 s                 ; No                        ; Yes                       ;
+---------------+--------------+---------------------+---------------------+------------------------------+------------------------------+---------------------+---------------------+--------------------------------------+--------------------------------------+-----------------------------+-----------------------------+----------------------------+----------------------------+-----------------------------+-----------------------------+--------------------+--------------------+-------------------------------------+-------------------------------------+----------------------------+----------------------------+---------------------------+---------------------------+


+-------------------------------------------------------------------+
; Setup Transfers                                                   ;
+------------+----------+----------+----------+----------+----------+
; From Clock ; To Clock ; RR Paths ; FR Paths ; RF Paths ; FF Paths ;
+------------+----------+----------+----------+----------+----------+
; CLOCK_50   ; CLOCK_50 ; 3568     ; 0        ; 17       ; 554      ;
+------------+----------+----------+----------+----------+----------+
Entries labeled "false path" only account for clock-to-clock false paths and not path-based false paths. As a result, actual path counts may be lower than reported.


+-------------------------------------------------------------------+
; Hold Transfers                                                    ;
+------------+----------+----------+----------+----------+----------+
; From Clock ; To Clock ; RR Paths ; FR Paths ; RF Paths ; FF Paths ;
+------------+----------+----------+----------+----------+----------+
; CLOCK_50   ; CLOCK_50 ; 3568     ; 0        ; 17       ; 554      ;
+------------+----------+----------+----------+----------+----------+
Entries labeled "false path" only account for clock-to-clock false paths and not path-based false paths. As a result, actual path counts may be lower than reported.


---------------
; Report TCCS ;
---------------
No dedicated SERDES Transmitter circuitry present in device or used in design


---------------
; Report RSKM ;
---------------
No non-DPA dedicated SERDES Receiver circuitry present in device or used in design


+------------------------------------------------+
; Unconstrained Paths Summary                    ;
+---------------------------------+-------+------+
; Property                        ; Setup ; Hold ;
+---------------------------------+-------+------+
; Illegal Clocks                  ; 0     ; 0    ;
; Unconstrained Clocks            ; 0     ; 0    ;
; Unconstrained Input Ports       ; 4     ; 4    ;
; Unconstrained Input Port Paths  ; 168   ; 168  ;
; Unconstrained Output Ports      ; 42    ; 42   ;
; Unconstrained Output Port Paths ; 1638  ; 1638 ;
+---------------------------------+-------+------+


+------------------------------------------+
; Clock Status Summary                     ;
+----------+----------+------+-------------+
; Target   ; Clock    ; Type ; Status      ;
+----------+----------+------+-------------+
; CLOCK_50 ; CLOCK_50 ; Base ; Constrained ;
+----------+----------+------+-------------+


+---------------------------------------------------------------------------------------------------+
; Unconstrained Input Ports                                                                         ;
+------------+--------------------------------------------------------------------------------------+
; Input Port ; Comment                                                                              ;
+------------+--------------------------------------------------------------------------------------+
; KEY[0]     ; No input delay, min/max delays, false-path exceptions, or max skew assignments found ;
; KEY[1]     ; No input delay, min/max delays, false-path exceptions, or max skew assignments found ;
; KEY[2]     ; No input delay, min/max delays, false-path exceptions, or max skew assignments found ;
; KEY[3]     ; No input delay, min/max delays, false-path exceptions, or max skew assignments found ;
+------------+--------------------------------------------------------------------------------------+


+-----------------------------------------------------------------------------------------------------+
; Unconstrained Output Ports                                                                          ;
+-------------+---------------------------------------------------------------------------------------+
; Output Port ; Comment                                                                               ;
+-------------+---------------------------------------------------------------------------------------+
; HEX0[0]     ; No output delay, min/max delays, false-path exceptions, or max skew assignments found ;
; HEX0[1]     ; No output delay, min/max delays, false-path exceptions, or max skew assignments found ;
; HEX0[2]     ; No output delay, min/max delays, false-path exceptions, or max skew assignments found ;
; HEX0[3]     ; No output delay, min/max delays, false-path exceptions, or max skew assignments found ;
; HEX0[4]     ; No output delay, min/max delays, false-path exceptions, or max skew assignments found ;
; HEX0[5]     ; No output delay, min/max delays, false-path exceptions, or max skew assignments found ;
; HEX0[6]     ; No output delay, min/max delays, false-path exceptions, or max skew assignments found ;
; HEX1[0]     ; No output delay, min/max delays, false-path exceptions, or max skew assignments found ;
; HEX1[1]     ; No output delay, min/max delays, false-path exceptions, or max skew assignments found ;
; HEX1[2]     ; No output delay, min/max delays, false-path exceptions, or max skew assignments found ;
; HEX1[3]     ; No output delay, min/max delays, false-path exceptions, or max skew assignments found ;
; HEX1[4]     ; No output delay, min/max delays, false-path exceptions, or max skew assignments found ;
; HEX1[5]     ; No output delay, min/max delays, false-path exceptions, or max skew assignments found ;
; HEX1[6]     ; No output delay, min/max delays, false-path exceptions, or max skew assignments found ;
; HEX2[0]     ; No output delay, min/max delays, false-path exceptions, or max skew assignments found ;
; HEX2[1]     ; No output delay, min/max delays, false-path exceptions, or max skew assignments found ;
; HEX2[2]     ; No output delay, min/max delays, false-path exceptions, or max skew assignments found ;
; HEX2[3]     ; No output delay, min/max delays, false-path exceptions, or max skew assignments found ;
; HEX2[4]     ; No output delay, min/max delays, false-path exceptions, or max skew assignments found ;
; HEX2[5]     ; No output delay, min/max delays, false-path exceptions, or max skew assignments found ;
; HEX2[6]     ; No output delay, min/max delays, false-path exceptions, or max skew assignments found ;
; HEX3[0]     ; No output delay, min/max delays, false-path exceptions, or max skew assignments found ;
; HEX3[1]     ; No output delay, min/max delays, false-path exceptions, or max skew assignments found ;
; HEX3[2]     ; No output delay, min/max delays, false-path exceptions, or max skew assignments found ;
; HEX3[3]     ; No output delay, min/max delays, false-path exceptions, or max skew assignments found ;
; HEX3[4]     ; No output delay, min/max delays, false-path exceptions, or max skew assignments found ;
; HEX3[5]     ; No output delay, min/max delays, false-path exceptions, or max skew assignments found ;
; HEX3[6]     ; No output delay, min/max delays, false-path exceptions, or max skew assignments found ;
; HEX4[0]     ; No output delay, min/max delays, false-path exceptions, or max skew assignments found ;
; HEX4[1]     ; No output delay, min/max delays, false-path exceptions, or max skew assignments found ;
; HEX4[2]     ; No output delay, min/max delays, false-path exceptions, or max skew assignments found ;
; HEX4[3]     ; No output delay, min/max delays, false-path exceptions, or max skew assignments found ;
; HEX4[4]     ; No output delay, min/max delays, false-path exceptions, or max skew assignments found ;
; HEX4[5]     ; No output delay, min/max delays, false-path exceptions, or max skew assignments found ;
; HEX4[6]     ; No output delay, min/max delays, false-path exceptions, or max skew assignments found ;
; HEX5[0]     ; No output delay, min/max delays, false-path exceptions, or max skew assignments found ;
; HEX5[1]     ; No output delay, min/max delays, false-path exceptions, or max skew assignments found ;
; HEX5[2]     ; No output delay, min/max delays, false-path exceptions, or max skew assignments found ;
; HEX5[3]     ; No output delay, min/max delays, false-path exceptions, or max skew assignments found ;
; HEX5[4]     ; No output delay, min/max delays, false-path exceptions, or max skew assignments found ;
; HEX5[5]     ; No output delay, min/max delays, false-path exceptions, or max skew assignments found ;
; HEX5[6]     ; No output delay, min/max delays, false-path exceptions, or max skew assignments found ;
+-------------+---------------------------------------------------------------------------------------+


+---------------------------------------------------------------------------------------------------+
; Unconstrained Input Ports                                                                         ;
+------------+--------------------------------------------------------------------------------------+
; Input Port ; Comment                                                                              ;
+------------+--------------------------------------------------------------------------------------+
; KEY[0]     ; No input delay, min/max delays, false-path exceptions, or max skew assignments found ;
; KEY[1]     ; No input delay, min/max delays, false-path exceptions, or max skew assignments found ;
; KEY[2]     ; No input delay, min/max delays, false-path exceptions, or max skew assignments found ;
; KEY[3]     ; No input delay, min/max delays, false-path exceptions, or max skew assignments found ;
+------------+--------------------------------------------------------------------------------------+


+-----------------------------------------------------------------------------------------------------+
; Unconstrained Output Ports                                                                          ;
+-------------+---------------------------------------------------------------------------------------+
; Output Port ; Comment                                                                               ;
+-------------+---------------------------------------------------------------------------------------+
; HEX0[0]     ; No output delay, min/max delays, false-path exceptions, or max skew assignments found ;
; HEX0[1]     ; No output delay, min/max delays, false-path exceptions, or max skew assignments found ;
; HEX0[2]     ; No output delay, min/max delays, false-path exceptions, or max skew assignments found ;
; HEX0[3]     ; No output delay, min/max delays, false-path exceptions, or max skew assignments found ;
; HEX0[4]     ; No output delay, min/max delays, false-path exceptions, or max skew assignments found ;
; HEX0[5]     ; No output delay, min/max delays, false-path exceptions, or max skew assignments found ;
; HEX0[6]     ; No output delay, min/max delays, false-path exceptions, or max skew assignments found ;
; HEX1[0]     ; No output delay, min/max delays, false-path exceptions, or max skew assignments found ;
; HEX1[1]     ; No output delay, min/max delays, false-path exceptions, or max skew assignments found ;
; HEX1[2]     ; No output delay, min/max delays, false-path exceptions, or max skew assignments found ;
; HEX1[3]     ; No output delay, min/max delays, false-path exceptions, or max skew assignments found ;
; HEX1[4]     ; No output delay, min/max delays, false-path exceptions, or max skew assignments found ;
; HEX1[5]     ; No output delay, min/max delays, false-path exceptions, or max skew assignments found ;
; HEX1[6]     ; No output delay, min/max delays, false-path exceptions, or max skew assignments found ;
; HEX2[0]     ; No output delay, min/max delays, false-path exceptions, or max skew assignments found ;
; HEX2[1]     ; No output delay, min/max delays, false-path exceptions, or max skew assignments found ;
; HEX2[2]     ; No output delay, min/max delays, false-path exceptions, or max skew assignments found ;
; HEX2[3]     ; No output delay, min/max delays, false-path exceptions, or max skew assignments found ;
; HEX2[4]     ; No output delay, min/max delays, false-path exceptions, or max skew assignments found ;
; HEX2[5]     ; No output delay, min/max delays, false-path exceptions, or max skew assignments found ;
; HEX2[6]     ; No output delay, min/max delays, false-path exceptions, or max skew assignments found ;
; HEX3[0]     ; No output delay, min/max delays, false-path exceptions, or max skew assignments found ;
; HEX3[1]     ; No output delay, min/max delays, false-path exceptions, or max skew assignments found ;
; HEX3[2]     ; No output delay, min/max delays, false-path exceptions, or max skew assignments found ;
; HEX3[3]     ; No output delay, min/max delays, false-path exceptions, or max skew assignments found ;
; HEX3[4]     ; No output delay, min/max delays, false-path exceptions, or max skew assignments found ;
; HEX3[5]     ; No output delay, min/max delays, false-path exceptions, or max skew assignments found ;
; HEX3[6]     ; No output delay, min/max delays, false-path exceptions, or max skew assignments found ;
; HEX4[0]     ; No output delay, min/max delays, false-path exceptions, or max skew assignments found ;
; HEX4[1]     ; No output delay, min/max delays, false-path exceptions, or max skew assignments found ;
; HEX4[2]     ; No output delay, min/max delays, false-path exceptions, or max skew assignments found ;
; HEX4[3]     ; No output delay, min/max delays, false-path exceptions, or max skew assignments found ;
; HEX4[4]     ; No output delay, min/max delays, false-path exceptions, or max skew assignments found ;
; HEX4[5]     ; No output delay, min/max delays, false-path exceptions, or max skew assignments found ;
; HEX4[6]     ; No output delay, min/max delays, false-path exceptions, or max skew assignments found ;
; HEX5[0]     ; No output delay, min/max delays, false-path exceptions, or max skew assignments found ;
; HEX5[1]     ; No output delay, min/max delays, false-path exceptions, or max skew assignments found ;
; HEX5[2]     ; No output delay, min/max delays, false-path exceptions, or max skew assignments found ;
; HEX5[3]     ; No output delay, min/max delays, false-path exceptions, or max skew assignments found ;
; HEX5[4]     ; No output delay, min/max delays, false-path exceptions, or max skew assignments found ;
; HEX5[5]     ; No output delay, min/max delays, false-path exceptions, or max skew assignments found ;
; HEX5[6]     ; No output delay, min/max delays, false-path exceptions, or max skew assignments found ;
+-------------+---------------------------------------------------------------------------------------+


+--------------------------+
; Timing Analyzer Messages ;
+--------------------------+
Info: *******************************************************************
Info: Running Quartus Prime Timing Analyzer
    Info: Version 20.1.1 Build 720 11/11/2020 SJ Standard Edition
    Info: Processing started: Tue Jun 16 09:04:21 2026
Info: Command: quartus_sta timer -c timer
Info: qsta_default_script.tcl version: #1
Info (20030): Parallel compilation is enabled and will use 12 of the 12 processors detected
Info (21077): Low junction temperature is 0 degrees C
Info (21077): High junction temperature is 85 degrees C
Info (332104): Reading SDC File: 'SDC.sdc'
Info (332151): Clock uncertainty is not calculated until you update the timing netlist.
Info (332123): Deriving Clock Uncertainty. Please refer to report_sdc in the Timing Analyzer to see clock uncertainties.
Info: Found TIMING_ANALYZER_REPORT_SCRIPT_INCLUDE_DEFAULT_ANALYSIS = ON
Info: Analyzing Slow 1200mV 85C Model
Info (332146): Worst-case setup slack is 7.854
    Info (332119):     Slack       End Point TNS Clock 
    Info (332119): ========= =================== =====================
    Info (332119):     7.854               0.000 CLOCK_50 
Info (332146): Worst-case hold slack is 0.402
    Info (332119):     Slack       End Point TNS Clock 
    Info (332119): ========= =================== =====================
    Info (332119):     0.402               0.000 CLOCK_50 
Info (332140): No Recovery paths to report
Info (332140): No Removal paths to report
Info (332146): Worst-case minimum pulse width slack is 9.703
    Info (332119):     Slack       End Point TNS Clock 
    Info (332119): ========= =================== =====================
    Info (332119):     9.703               0.000 CLOCK_50 
Warning (18330): Ignoring Synchronizer Identification setting Off, and using Auto instead.
Info (332114): Report Metastability: Found 3 synchronizer chains.
    Info (332114): The design MTBF is not calculated because there are no specified synchronizers in the design.
    Info (332114): Number of Synchronizer Chains Found: 3
    Info (332114): Shortest Synchronizer Chain: 2 Registers
    Info (332114): Fraction of Chains for which MTBFs Could Not be Calculated: 1.000
    Info (332114): Worst Case Available Settling Time: 34.511 ns
    Info (332114): 
Info: Analyzing Slow 1200mV 0C Model
Info (334003): Started post-fitting delay annotation
Info (334004): Delay annotation completed successfully
Info (332123): Deriving Clock Uncertainty. Please refer to report_sdc in the Timing Analyzer to see clock uncertainties.
Info (332146): Worst-case setup slack is 8.041
    Info (332119):     Slack       End Point TNS Clock 
    Info (332119): ========= =================== =====================
    Info (332119):     8.041               0.000 CLOCK_50 
Info (332146): Worst-case hold slack is 0.354
    Info (332119):     Slack       End Point TNS Clock 
    Info (332119): ========= =================== =====================
    Info (332119):     0.354               0.000 CLOCK_50 
Info (332140): No Recovery paths to report
Info (332140): No Removal paths to report
Info (332146): Worst-case minimum pulse width slack is 9.735
    Info (332119):     Slack       End Point TNS Clock 
    Info (332119): ========= =================== =====================
    Info (332119):     9.735               0.000 CLOCK_50 
Warning (18330): Ignoring Synchronizer Identification setting Off, and using Auto instead.
Info (332114): Report Metastability: Found 3 synchronizer chains.
    Info (332114): The design MTBF is not calculated because there are no specified synchronizers in the design.
    Info (332114): Number of Synchronizer Chains Found: 3
    Info (332114): Shortest Synchronizer Chain: 2 Registers
    Info (332114): Fraction of Chains for which MTBFs Could Not be Calculated: 1.000
    Info (332114): Worst Case Available Settling Time: 34.884 ns
    Info (332114): 
Info: Analyzing Fast 1200mV 0C Model
Info (332123): Deriving Clock Uncertainty. Please refer to report_sdc in the Timing Analyzer to see clock uncertainties.
Info (332146): Worst-case setup slack is 9.236
    Info (332119):     Slack       End Point TNS Clock 
    Info (332119): ========= =================== =====================
    Info (332119):     9.236               0.000 CLOCK_50 
Info (332146): Worst-case hold slack is 0.178
    Info (332119):     Slack       End Point TNS Clock 
    Info (332119): ========= =================== =====================
    Info (332119):     0.178               0.000 CLOCK_50 
Info (332140): No Recovery paths to report
Info (332140): No Removal paths to report
Info (332146): Worst-case minimum pulse width slack is 9.396
    Info (332119):     Slack       End Point TNS Clock 
    Info (332119): ========= =================== =====================
    Info (332119):     9.396               0.000 CLOCK_50 
Warning (18330): Ignoring Synchronizer Identification setting Off, and using Auto instead.
Info (332114): Report Metastability: Found 3 synchronizer chains.
    Info (332114): The design MTBF is not calculated because there are no specified synchronizers in the design.
    Info (332114): Number of Synchronizer Chains Found: 3
    Info (332114): Shortest Synchronizer Chain: 2 Registers
    Info (332114): Fraction of Chains for which MTBFs Could Not be Calculated: 1.000
    Info (332114): Worst Case Available Settling Time: 37.247 ns
    Info (332114): 
Info (332102): Design is not fully constrained for setup requirements
Info (332102): Design is not fully constrained for hold requirements
Info: Quartus Prime Timing Analyzer was successful. 0 errors, 3 warnings
    Info: Peak virtual memory: 643 megabytes
    Info: Processing ended: Tue Jun 16 09:04:22 2026
    Info: Elapsed time: 00:00:01
    Info: Total CPU time (on all processors): 00:00:01


