Timing Analyzer report for timer
Tue Jun  2 08:15:58 2026
Quartus Prime Version 20.1.1 Build 720 11/11/2020 SJ Standard Edition


---------------------
; Table of Contents ;
---------------------
  1. Legal Notice
  2. Timing Analyzer Summary
  3. Parallel Compilation
  4. SDC File List
  5. Clocks
  6. Slow 1200mV 85C Model Fmax Summary
  7. Timing Closure Recommendations
  8. Slow 1200mV 85C Model Setup Summary
  9. Slow 1200mV 85C Model Hold Summary
 10. Slow 1200mV 85C Model Recovery Summary
 11. Slow 1200mV 85C Model Removal Summary
 12. Slow 1200mV 85C Model Minimum Pulse Width Summary
 13. Slow 1200mV 85C Model Setup: 'pll_timer_inst|altpll_component|auto_generated|pll1|clk[0]'
 14. Slow 1200mV 85C Model Setup: 'CLOCK_50'
 15. Slow 1200mV 85C Model Hold: 'CLOCK_50'
 16. Slow 1200mV 85C Model Hold: 'pll_timer_inst|altpll_component|auto_generated|pll1|clk[0]'
 17. Slow 1200mV 85C Model Recovery: 'pll_timer_inst|altpll_component|auto_generated|pll1|clk[0]'
 18. Slow 1200mV 85C Model Recovery: 'CLOCK_50'
 19. Slow 1200mV 85C Model Removal: 'CLOCK_50'
 20. Slow 1200mV 85C Model Removal: 'pll_timer_inst|altpll_component|auto_generated|pll1|clk[0]'
 21. Slow 1200mV 85C Model Metastability Summary
 22. Slow 1200mV 0C Model Fmax Summary
 23. Slow 1200mV 0C Model Setup Summary
 24. Slow 1200mV 0C Model Hold Summary
 25. Slow 1200mV 0C Model Recovery Summary
 26. Slow 1200mV 0C Model Removal Summary
 27. Slow 1200mV 0C Model Minimum Pulse Width Summary
 28. Slow 1200mV 0C Model Setup: 'pll_timer_inst|altpll_component|auto_generated|pll1|clk[0]'
 29. Slow 1200mV 0C Model Setup: 'CLOCK_50'
 30. Slow 1200mV 0C Model Hold: 'CLOCK_50'
 31. Slow 1200mV 0C Model Hold: 'pll_timer_inst|altpll_component|auto_generated|pll1|clk[0]'
 32. Slow 1200mV 0C Model Recovery: 'pll_timer_inst|altpll_component|auto_generated|pll1|clk[0]'
 33. Slow 1200mV 0C Model Recovery: 'CLOCK_50'
 34. Slow 1200mV 0C Model Removal: 'CLOCK_50'
 35. Slow 1200mV 0C Model Removal: 'pll_timer_inst|altpll_component|auto_generated|pll1|clk[0]'
 36. Slow 1200mV 0C Model Metastability Summary
 37. Fast 1200mV 0C Model Setup Summary
 38. Fast 1200mV 0C Model Hold Summary
 39. Fast 1200mV 0C Model Recovery Summary
 40. Fast 1200mV 0C Model Removal Summary
 41. Fast 1200mV 0C Model Minimum Pulse Width Summary
 42. Fast 1200mV 0C Model Setup: 'pll_timer_inst|altpll_component|auto_generated|pll1|clk[0]'
 43. Fast 1200mV 0C Model Setup: 'CLOCK_50'
 44. Fast 1200mV 0C Model Hold: 'pll_timer_inst|altpll_component|auto_generated|pll1|clk[0]'
 45. Fast 1200mV 0C Model Hold: 'CLOCK_50'
 46. Fast 1200mV 0C Model Recovery: 'pll_timer_inst|altpll_component|auto_generated|pll1|clk[0]'
 47. Fast 1200mV 0C Model Recovery: 'CLOCK_50'
 48. Fast 1200mV 0C Model Removal: 'CLOCK_50'
 49. Fast 1200mV 0C Model Removal: 'pll_timer_inst|altpll_component|auto_generated|pll1|clk[0]'
 50. Fast 1200mV 0C Model Metastability Summary
 51. Multicorner Timing Analysis Summary
 52. Board Trace Model Assignments
 53. Input Transition Times
 54. Signal Integrity Metrics (Slow 1200mv 0c Model)
 55. Signal Integrity Metrics (Slow 1200mv 85c Model)
 56. Signal Integrity Metrics (Fast 1200mv 0c Model)
 57. Setup Transfers
 58. Hold Transfers
 59. Recovery Transfers
 60. Removal Transfers
 61. Report TCCS
 62. Report RSKM
 63. Unconstrained Paths Summary
 64. Clock Status Summary
 65. Timing Analyzer Messages



----------------
; Legal Notice ;
----------------
Copyright (C) 2020  Intel Corporation. All rights reserved.
Your use of Intel Corporation's design tools, logic functions 
and other software and tools, and any partner logic 
functions, and any output files from any of the foregoing 
(including device programming or simulation files), and any 
associated documentation or information are expressly subject 
to the terms and conditions of the Intel Program License 
Subscription Agreement, the Intel Quartus Prime License Agreement,
the Intel FPGA IP License Agreement, or other applicable license
agreement, including, without limitation, that your use is for
the sole purpose of programming logic devices manufactured by
Intel and sold by Intel or its authorized distributors.  Please
refer to the applicable agreement for further details, at
https://fpgasoftware.intel.com/eula.



+---------------------------------------------------------------------------------+
; Timing Analyzer Summary                                                         ;
+-----------------------+---------------------------------------------------------+
; Quartus Prime Version ; Version 20.1.1 Build 720 11/11/2020 SJ Standard Edition ;
; Timing Analyzer       ; Legacy Timing Analyzer                                  ;
; Revision Name         ; timer                                                   ;
; Device Family         ; Cyclone IV E                                            ;
; Device Name           ; EP4CE115F29C7                                           ;
; Timing Models         ; Final                                                   ;
; Delay Model           ; Combined                                                ;
; Rise/Fall Delays      ; Enabled                                                 ;
+-----------------------+---------------------------------------------------------+


+------------------------------------------+
; Parallel Compilation                     ;
+----------------------------+-------------+
; Processors                 ; Number      ;
+----------------------------+-------------+
; Number detected on machine ; 32          ;
; Maximum allowed            ; 12          ;
;                            ;             ;
; Average used               ; 1.08        ;
; Maximum used               ; 12          ;
;                            ;             ;
; Usage by Processor         ; % Time Used ;
;     Processor 1            ; 100.0%      ;
;     Processor 2            ;   1.7%      ;
;     Processor 3            ;   1.1%      ;
;     Processors 4-12        ;   0.6%      ;
+----------------------------+-------------+


+---------------------------------------------------+
; SDC File List                                     ;
+---------------+--------+--------------------------+
; SDC File Path ; Status ; Read at                  ;
+---------------+--------+--------------------------+
; SDC.sdc       ; OK     ; Tue Jun  2 08:15:57 2026 ;
+---------------+--------+--------------------------+


+------------------------------------------------------------------------------------------------------------------------------------------------------------------------------------------------------------------------------------------------------------------------------------------------------------------------------------------------------------------------------------------------------------------------------------------------------------------------------------------------------------------------------------------------------------------------------------------------------------------------------------------------------------------+
; Clocks                                                                                                                                                                                                                                                                                                                                                                                                                                                                                                                                                                                                                                                           ;
+------------------------------------------------------------+-----------+------------+-----------+-------+------------+------------+-----------+-------------+-------+--------+-----------+------------+----------+----------+--------------------------------------------------------------+---------------------------------------------------------------------------------------------------------------------------------------------------------------------------------------------------------------------------------------------------------------------------------------------------------------------------------------------------------------------+
; Clock Name                                                 ; Type      ; Period     ; Frequency ; Rise  ; Fall       ; Duty Cycle ; Divide by ; Multiply by ; Phase ; Offset ; Edge List ; Edge Shift ; Inverted ; Master   ; Source                                                       ; Targets                                                                                                                                                                                                                                                                                                                                                             ;
+------------------------------------------------------------+-----------+------------+-----------+-------+------------+------------+-----------+-------------+-------+--------+-----------+------------+----------+----------+--------------------------------------------------------------+---------------------------------------------------------------------------------------------------------------------------------------------------------------------------------------------------------------------------------------------------------------------------------------------------------------------------------------------------------------------+
; CLOCK_50                                                   ; Base      ; 20.000     ; 50.0 MHz  ; 0.000 ; 10.000     ;            ;           ;             ;       ;        ;           ;            ;          ;          ;                                                              ; { CLOCK_50 KEY[0] HEX0[0] HEX0[1] HEX0[2] HEX0[3] HEX0[4] HEX0[5] HEX0[6] HEX1[0] HEX1[1] HEX1[2] HEX1[3] HEX1[4] HEX1[5] HEX1[6] HEX2[0] HEX2[1] HEX2[2] HEX2[3] HEX2[4] HEX2[5] HEX2[6] HEX3[0] HEX3[1] HEX3[2] HEX3[3] HEX3[4] HEX3[5] HEX3[6] HEX4[0] HEX4[1] HEX4[2] HEX4[3] HEX4[4] HEX4[5] HEX4[6] HEX5[0] HEX5[1] HEX5[2] HEX5[3] HEX5[4] HEX5[5] HEX5[6] } ;
; pll_timer_inst|altpll_component|auto_generated|pll1|clk[0] ; Generated ; 500000.000 ; 0.0 MHz   ; 0.000 ; 250000.000 ; 50.00      ; 25000     ; 1           ;       ;        ;           ;            ; false    ; CLOCK_50 ; pll_timer_inst|altpll_component|auto_generated|pll1|inclk[0] ; { pll_timer_inst|altpll_component|auto_generated|pll1|clk[0] }                                                                                                                                                                                                                                                                                                      ;
+------------------------------------------------------------+-----------+------------+-----------+-------+------------+------------+-----------+-------------+-------+--------+-----------+------------+----------+----------+--------------------------------------------------------------+---------------------------------------------------------------------------------------------------------------------------------------------------------------------------------------------------------------------------------------------------------------------------------------------------------------------------------------------------------------------+


+--------------------------------------------------------------------------------------------------+
; Slow 1200mV 85C Model Fmax Summary                                                               ;
+------------+-----------------+------------------------------------------------------------+------+
; Fmax       ; Restricted Fmax ; Clock Name                                                 ; Note ;
+------------+-----------------+------------------------------------------------------------+------+
; 103.76 MHz ; 103.76 MHz      ; pll_timer_inst|altpll_component|auto_generated|pll1|clk[0] ;      ;
; 182.78 MHz ; 182.78 MHz      ; CLOCK_50                                                   ;      ;
+------------+-----------------+------------------------------------------------------------+------+
This panel reports FMAX for every clock in the design, regardless of the user-specified clock periods.  FMAX is only computed for paths where the source and destination registers or ports are driven by the same clock.  Paths of different clocks, including generated clocks, are ignored.  For paths between a clock and its inversion, FMAX is computed as if the rising and falling edges are scaled along with FMAX, such that the duty cycle (in terms of a percentage) is maintained. Altera recommends that you always use clock constraints and other slack reports for sign-off analysis.


----------------------------------
; Timing Closure Recommendations ;
----------------------------------
HTML report is unavailable in plain text report export.


+-------------------------------------------------------------------------------------+
; Slow 1200mV 85C Model Setup Summary                                                 ;
+------------------------------------------------------------+--------+---------------+
; Clock                                                      ; Slack  ; End Point TNS ;
+------------------------------------------------------------+--------+---------------+
; pll_timer_inst|altpll_component|auto_generated|pll1|clk[0] ; 12.742 ; 0.000         ;
; CLOCK_50                                                   ; 14.529 ; 0.000         ;
+------------------------------------------------------------+--------+---------------+


+------------------------------------------------------------------------------------+
; Slow 1200mV 85C Model Hold Summary                                                 ;
+------------------------------------------------------------+-------+---------------+
; Clock                                                      ; Slack ; End Point TNS ;
+------------------------------------------------------------+-------+---------------+
; CLOCK_50                                                   ; 0.401 ; 0.000         ;
; pll_timer_inst|altpll_component|auto_generated|pll1|clk[0] ; 0.403 ; 0.000         ;
+------------------------------------------------------------+-------+---------------+


+------------------------------------------------------------------------------------+
; Slow 1200mV 85C Model Recovery Summary                                             ;
+------------------------------------------------------------+-------+---------------+
; Clock                                                      ; Slack ; End Point TNS ;
+------------------------------------------------------------+-------+---------------+
; pll_timer_inst|altpll_component|auto_generated|pll1|clk[0] ; 2.748 ; 0.000         ;
; CLOCK_50                                                   ; 6.730 ; 0.000         ;
+------------------------------------------------------------+-------+---------------+


+------------------------------------------------------------------------------------+
; Slow 1200mV 85C Model Removal Summary                                              ;
+------------------------------------------------------------+-------+---------------+
; Clock                                                      ; Slack ; End Point TNS ;
+------------------------------------------------------------+-------+---------------+
; CLOCK_50                                                   ; 2.009 ; 0.000         ;
; pll_timer_inst|altpll_component|auto_generated|pll1|clk[0] ; 4.424 ; 0.000         ;
+------------------------------------------------------------+-------+---------------+


+-----------------------------------------------------------------------------------------+
; Slow 1200mV 85C Model Minimum Pulse Width Summary                                       ;
+------------------------------------------------------------+------------+---------------+
; Clock                                                      ; Slack      ; End Point TNS ;
+------------------------------------------------------------+------------+---------------+
; CLOCK_50                                                   ; 9.756      ; 0.000         ;
; pll_timer_inst|altpll_component|auto_generated|pll1|clk[0] ; 249999.758 ; 0.000         ;
+------------------------------------------------------------+------------+---------------+


+------------------------------------------------------------------------------------------------------------------------------------------------------------------------------------------------------------------------------------------------------+
; Slow 1200mV 85C Model Setup: 'pll_timer_inst|altpll_component|auto_generated|pll1|clk[0]'                                                                                                                                                            ;
+------------+-----------------------------------+----------------------------------+------------------------------------------------------------+------------------------------------------------------------+--------------+------------+------------+
; Slack      ; From Node                         ; To Node                          ; Launch Clock                                               ; Latch Clock                                                ; Relationship ; Clock Skew ; Data Delay ;
+------------+-----------------------------------+----------------------------------+------------------------------------------------------------+------------------------------------------------------------+--------------+------------+------------+
; 12.742     ; timer:t0|h_reg[4]                 ; bin2bcd:bin2bcd2|binary[4]       ; CLOCK_50                                                   ; pll_timer_inst|altpll_component|auto_generated|pll1|clk[0] ; 20.000       ; -3.234     ; 3.972      ;
; 12.776     ; timer:t0|h_reg[3]                 ; bin2bcd:bin2bcd2|binary[3]       ; CLOCK_50                                                   ; pll_timer_inst|altpll_component|auto_generated|pll1|clk[0] ; 20.000       ; -3.234     ; 3.938      ;
; 12.944     ; timer:t0|h_reg[0]                 ; bin2bcd:bin2bcd2|binary[0]       ; CLOCK_50                                                   ; pll_timer_inst|altpll_component|auto_generated|pll1|clk[0] ; 20.000       ; -3.234     ; 3.770      ;
; 13.726     ; timer:t0|h_reg[2]                 ; bin2bcd:bin2bcd2|binary[2]       ; CLOCK_50                                                   ; pll_timer_inst|altpll_component|auto_generated|pll1|clk[0] ; 20.000       ; -3.234     ; 2.988      ;
; 14.113     ; timer:t0|h_reg[1]                 ; bin2bcd:bin2bcd2|binary[1]       ; CLOCK_50                                                   ; pll_timer_inst|altpll_component|auto_generated|pll1|clk[0] ; 20.000       ; -3.234     ; 2.601      ;
; 14.915     ; timer:t0|s_reg[1]                 ; bin2bcd:bin2bcd0|binary[1]       ; CLOCK_50                                                   ; pll_timer_inst|altpll_component|auto_generated|pll1|clk[0] ; 20.000       ; -3.240     ; 1.793      ;
; 15.062     ; timer:t0|s_reg[0]                 ; bin2bcd:bin2bcd0|binary[0]       ; CLOCK_50                                                   ; pll_timer_inst|altpll_component|auto_generated|pll1|clk[0] ; 20.000       ; -3.240     ; 1.646      ;
; 15.067     ; timer:t0|s_reg[5]                 ; bin2bcd:bin2bcd0|binary[5]       ; CLOCK_50                                                   ; pll_timer_inst|altpll_component|auto_generated|pll1|clk[0] ; 20.000       ; -3.240     ; 1.641      ;
; 15.301     ; timer:t0|s_reg[4]                 ; bin2bcd:bin2bcd0|binary[4]       ; CLOCK_50                                                   ; pll_timer_inst|altpll_component|auto_generated|pll1|clk[0] ; 20.000       ; -3.240     ; 1.407      ;
; 15.301     ; timer:t0|s_reg[2]                 ; bin2bcd:bin2bcd0|binary[2]       ; CLOCK_50                                                   ; pll_timer_inst|altpll_component|auto_generated|pll1|clk[0] ; 20.000       ; -3.240     ; 1.407      ;
; 15.308     ; timer:t0|s_reg[3]                 ; bin2bcd:bin2bcd0|binary[3]       ; CLOCK_50                                                   ; pll_timer_inst|altpll_component|auto_generated|pll1|clk[0] ; 20.000       ; -3.240     ; 1.400      ;
; 15.362     ; timer:t0|m_reg[2]                 ; bin2bcd:bin2bcd1|binary[2]       ; CLOCK_50                                                   ; pll_timer_inst|altpll_component|auto_generated|pll1|clk[0] ; 20.000       ; -3.239     ; 1.347      ;
; 15.388     ; timer:t0|m_reg[5]                 ; bin2bcd:bin2bcd1|binary[5]       ; CLOCK_50                                                   ; pll_timer_inst|altpll_component|auto_generated|pll1|clk[0] ; 20.000       ; -3.239     ; 1.321      ;
; 15.416     ; timer:t0|m_reg[3]                 ; bin2bcd:bin2bcd1|binary[3]       ; CLOCK_50                                                   ; pll_timer_inst|altpll_component|auto_generated|pll1|clk[0] ; 20.000       ; -3.239     ; 1.293      ;
; 15.423     ; timer:t0|m_reg[1]                 ; bin2bcd:bin2bcd1|binary[1]       ; CLOCK_50                                                   ; pll_timer_inst|altpll_component|auto_generated|pll1|clk[0] ; 20.000       ; -3.239     ; 1.286      ;
; 15.575     ; timer:t0|m_reg[0]                 ; bin2bcd:bin2bcd1|binary[0]       ; CLOCK_50                                                   ; pll_timer_inst|altpll_component|auto_generated|pll1|clk[0] ; 20.000       ; -3.239     ; 1.134      ;
; 15.584     ; timer:t0|m_reg[4]                 ; bin2bcd:bin2bcd1|binary[4]       ; CLOCK_50                                                   ; pll_timer_inst|altpll_component|auto_generated|pll1|clk[0] ; 20.000       ; -3.239     ; 1.125      ;
; 499990.362 ; bin2bcd:bin2bcd0|shift_counter[0] ; bin2bcd:bin2bcd0|bcds[4]         ; pll_timer_inst|altpll_component|auto_generated|pll1|clk[0] ; pll_timer_inst|altpll_component|auto_generated|pll1|clk[0] ; 500000.000   ; -0.047     ; 9.589      ;
; 499990.928 ; bin2bcd:bin2bcd0|state.shift      ; bin2bcd:bin2bcd0|bcds[4]         ; pll_timer_inst|altpll_component|auto_generated|pll1|clk[0] ; pll_timer_inst|altpll_component|auto_generated|pll1|clk[0] ; 500000.000   ; -0.092     ; 8.978      ;
; 499991.674 ; bin2bcd:bin2bcd0|shift_counter[1] ; bin2bcd:bin2bcd0|bcds[4]         ; pll_timer_inst|altpll_component|auto_generated|pll1|clk[0] ; pll_timer_inst|altpll_component|auto_generated|pll1|clk[0] ; 500000.000   ; -0.080     ; 8.244      ;
; 499991.689 ; bin2bcd:bin2bcd0|shift_counter[2] ; bin2bcd:bin2bcd0|bcds[4]         ; pll_timer_inst|altpll_component|auto_generated|pll1|clk[0] ; pll_timer_inst|altpll_component|auto_generated|pll1|clk[0] ; 500000.000   ; -0.080     ; 8.229      ;
; 499991.905 ; bin2bcd:bin2bcd0|bcds[0]          ; bin2bcd:bin2bcd0|bcds[4]         ; pll_timer_inst|altpll_component|auto_generated|pll1|clk[0] ; pll_timer_inst|altpll_component|auto_generated|pll1|clk[0] ; 500000.000   ; -0.092     ; 8.001      ;
; 499992.317 ; bin2bcd:bin2bcd0|shift_counter[0] ; bin2bcd:bin2bcd0|bcds[3]         ; pll_timer_inst|altpll_component|auto_generated|pll1|clk[0] ; pll_timer_inst|altpll_component|auto_generated|pll1|clk[0] ; 500000.000   ; -0.077     ; 7.604      ;
; 499992.628 ; bin2bcd:bin2bcd0|shift_counter[0] ; bin2bcd:bin2bcd0|bcds[1]         ; pll_timer_inst|altpll_component|auto_generated|pll1|clk[0] ; pll_timer_inst|altpll_component|auto_generated|pll1|clk[0] ; 500000.000   ; -0.077     ; 7.293      ;
; 499992.791 ; bin2bcd:bin2bcd0|shift_counter[0] ; bin2bcd:bin2bcd0|bcds[2]         ; pll_timer_inst|altpll_component|auto_generated|pll1|clk[0] ; pll_timer_inst|altpll_component|auto_generated|pll1|clk[0] ; 500000.000   ; -0.077     ; 7.130      ;
; 499992.892 ; bin2bcd:bin2bcd0|state.shift      ; bin2bcd:bin2bcd0|bcds[3]         ; pll_timer_inst|altpll_component|auto_generated|pll1|clk[0] ; pll_timer_inst|altpll_component|auto_generated|pll1|clk[0] ; 500000.000   ; -0.122     ; 6.984      ;
; 499993.148 ; bin2bcd:bin2bcd0|state.shift      ; bin2bcd:bin2bcd0|bcds[1]         ; pll_timer_inst|altpll_component|auto_generated|pll1|clk[0] ; pll_timer_inst|altpll_component|auto_generated|pll1|clk[0] ; 500000.000   ; -0.122     ; 6.728      ;
; 499993.334 ; bin2bcd:bin2bcd0|state.shift      ; bin2bcd:bin2bcd0|bcds[2]         ; pll_timer_inst|altpll_component|auto_generated|pll1|clk[0] ; pll_timer_inst|altpll_component|auto_generated|pll1|clk[0] ; 500000.000   ; -0.122     ; 6.542      ;
; 499993.640 ; bin2bcd:bin2bcd0|shift_counter[1] ; bin2bcd:bin2bcd0|bcds[3]         ; pll_timer_inst|altpll_component|auto_generated|pll1|clk[0] ; pll_timer_inst|altpll_component|auto_generated|pll1|clk[0] ; 500000.000   ; -0.110     ; 6.248      ;
; 499993.655 ; bin2bcd:bin2bcd0|shift_counter[2] ; bin2bcd:bin2bcd0|bcds[3]         ; pll_timer_inst|altpll_component|auto_generated|pll1|clk[0] ; pll_timer_inst|altpll_component|auto_generated|pll1|clk[0] ; 500000.000   ; -0.110     ; 6.233      ;
; 499993.935 ; bin2bcd:bin2bcd0|shift_counter[1] ; bin2bcd:bin2bcd0|bcds[1]         ; pll_timer_inst|altpll_component|auto_generated|pll1|clk[0] ; pll_timer_inst|altpll_component|auto_generated|pll1|clk[0] ; 500000.000   ; -0.110     ; 5.953      ;
; 499993.940 ; bin2bcd:bin2bcd0|shift_counter[2] ; bin2bcd:bin2bcd0|bcds[1]         ; pll_timer_inst|altpll_component|auto_generated|pll1|clk[0] ; pll_timer_inst|altpll_component|auto_generated|pll1|clk[0] ; 500000.000   ; -0.110     ; 5.948      ;
; 499994.015 ; bin2bcd:bin2bcd0|shift_counter[0] ; bin2bcd:bin2bcd1|bcds[3]         ; pll_timer_inst|altpll_component|auto_generated|pll1|clk[0] ; pll_timer_inst|altpll_component|auto_generated|pll1|clk[0] ; 500000.000   ; -0.077     ; 5.906      ;
; 499994.080 ; bin2bcd:bin2bcd0|shift_counter[1] ; bin2bcd:bin2bcd0|bcds[2]         ; pll_timer_inst|altpll_component|auto_generated|pll1|clk[0] ; pll_timer_inst|altpll_component|auto_generated|pll1|clk[0] ; 500000.000   ; -0.110     ; 5.808      ;
; 499994.095 ; bin2bcd:bin2bcd0|shift_counter[2] ; bin2bcd:bin2bcd0|bcds[2]         ; pll_timer_inst|altpll_component|auto_generated|pll1|clk[0] ; pll_timer_inst|altpll_component|auto_generated|pll1|clk[0] ; 500000.000   ; -0.110     ; 5.793      ;
; 499994.250 ; bin2bcd:bin2bcd0|bcds[0]          ; bin2bcd:bin2bcd0|bcds[3]         ; pll_timer_inst|altpll_component|auto_generated|pll1|clk[0] ; pll_timer_inst|altpll_component|auto_generated|pll1|clk[0] ; 500000.000   ; -0.122     ; 5.626      ;
; 499994.425 ; bin2bcd:bin2bcd0|shift_counter[0] ; bin2bcd:bin2bcd1|bcds[0]         ; pll_timer_inst|altpll_component|auto_generated|pll1|clk[0] ; pll_timer_inst|altpll_component|auto_generated|pll1|clk[0] ; 500000.000   ; -0.077     ; 5.496      ;
; 499994.528 ; bin2bcd:bin2bcd0|state.done       ; bin2bcd:bin2bcd0|bcds[1]         ; pll_timer_inst|altpll_component|auto_generated|pll1|clk[0] ; pll_timer_inst|altpll_component|auto_generated|pll1|clk[0] ; 500000.000   ; -0.110     ; 5.360      ;
; 499994.587 ; bin2bcd:bin2bcd0|state.shift      ; bin2bcd:bin2bcd1|bcds[3]         ; pll_timer_inst|altpll_component|auto_generated|pll1|clk[0] ; pll_timer_inst|altpll_component|auto_generated|pll1|clk[0] ; 500000.000   ; -0.122     ; 5.289      ;
; 499994.594 ; bin2bcd:bin2bcd0|shift_counter[0] ; bin2bcd:bin2bcd1|bcds[1]         ; pll_timer_inst|altpll_component|auto_generated|pll1|clk[0] ; pll_timer_inst|altpll_component|auto_generated|pll1|clk[0] ; 500000.000   ; -0.091     ; 5.313      ;
; 499994.789 ; bin2bcd:bin2bcd0|shift_counter[0] ; bin2bcd:bin2bcd0|bcds[0]         ; pll_timer_inst|altpll_component|auto_generated|pll1|clk[0] ; pll_timer_inst|altpll_component|auto_generated|pll1|clk[0] ; 500000.000   ; -0.035     ; 5.174      ;
; 499994.818 ; bin2bcd:bin2bcd0|shift_counter[0] ; bin2bcd:bin2bcd1|bcds[6]         ; pll_timer_inst|altpll_component|auto_generated|pll1|clk[0] ; pll_timer_inst|altpll_component|auto_generated|pll1|clk[0] ; 500000.000   ; -0.079     ; 5.101      ;
; 499994.821 ; bin2bcd:bin2bcd0|shift_counter[0] ; bin2bcd:bin2bcd1|bcds[5]         ; pll_timer_inst|altpll_component|auto_generated|pll1|clk[0] ; pll_timer_inst|altpll_component|auto_generated|pll1|clk[0] ; 500000.000   ; -0.079     ; 5.098      ;
; 499994.858 ; bin2bcd:bin2bcd0|bcds[1]          ; bin2bcd:bin2bcd0|bcds[4]         ; pll_timer_inst|altpll_component|auto_generated|pll1|clk[0] ; pll_timer_inst|altpll_component|auto_generated|pll1|clk[0] ; 500000.000   ; -0.100     ; 5.040      ;
; 499994.858 ; bin2bcd:bin2bcd0|shift_counter[0] ; bin2bcd:bin2bcd1|bcds[4]         ; pll_timer_inst|altpll_component|auto_generated|pll1|clk[0] ; pll_timer_inst|altpll_component|auto_generated|pll1|clk[0] ; 500000.000   ; -0.091     ; 5.049      ;
; 499994.945 ; bin2bcd:bin2bcd0|state.shift      ; bin2bcd:bin2bcd1|bcds[0]         ; pll_timer_inst|altpll_component|auto_generated|pll1|clk[0] ; pll_timer_inst|altpll_component|auto_generated|pll1|clk[0] ; 500000.000   ; -0.122     ; 4.931      ;
; 499994.982 ; bin2bcd:bin2bcd0|bcds[0]          ; bin2bcd:bin2bcd0|bcds[2]         ; pll_timer_inst|altpll_component|auto_generated|pll1|clk[0] ; pll_timer_inst|altpll_component|auto_generated|pll1|clk[0] ; 500000.000   ; -0.122     ; 4.894      ;
; 499995.005 ; bin2bcd:bin2bcd0|shift_counter[0] ; bin2bcd:bin2bcd1|bcds[2]         ; pll_timer_inst|altpll_component|auto_generated|pll1|clk[0] ; pll_timer_inst|altpll_component|auto_generated|pll1|clk[0] ; 500000.000   ; -0.091     ; 4.902      ;
; 499995.028 ; bin2bcd:bin2bcd0|state.done       ; bin2bcd:bin2bcd0|bcds_out_reg[0] ; pll_timer_inst|altpll_component|auto_generated|pll1|clk[0] ; pll_timer_inst|altpll_component|auto_generated|pll1|clk[0] ; 500000.000   ; -0.110     ; 4.860      ;
; 499995.028 ; bin2bcd:bin2bcd0|state.done       ; bin2bcd:bin2bcd0|bcds_out_reg[3] ; pll_timer_inst|altpll_component|auto_generated|pll1|clk[0] ; pll_timer_inst|altpll_component|auto_generated|pll1|clk[0] ; 500000.000   ; -0.110     ; 4.860      ;
; 499995.028 ; bin2bcd:bin2bcd0|state.done       ; bin2bcd:bin2bcd0|bcds_out_reg[2] ; pll_timer_inst|altpll_component|auto_generated|pll1|clk[0] ; pll_timer_inst|altpll_component|auto_generated|pll1|clk[0] ; 500000.000   ; -0.110     ; 4.860      ;
; 499995.028 ; bin2bcd:bin2bcd0|state.done       ; bin2bcd:bin2bcd0|bcds_out_reg[1] ; pll_timer_inst|altpll_component|auto_generated|pll1|clk[0] ; pll_timer_inst|altpll_component|auto_generated|pll1|clk[0] ; 500000.000   ; -0.110     ; 4.860      ;
; 499995.059 ; bin2bcd:bin2bcd0|shift_counter[0] ; bin2bcd:bin2bcd1|binary[5]       ; pll_timer_inst|altpll_component|auto_generated|pll1|clk[0] ; pll_timer_inst|altpll_component|auto_generated|pll1|clk[0] ; 500000.000   ; -0.035     ; 4.904      ;
; 499995.059 ; bin2bcd:bin2bcd0|shift_counter[0] ; bin2bcd:bin2bcd1|binary[4]       ; pll_timer_inst|altpll_component|auto_generated|pll1|clk[0] ; pll_timer_inst|altpll_component|auto_generated|pll1|clk[0] ; 500000.000   ; -0.035     ; 4.904      ;
; 499995.059 ; bin2bcd:bin2bcd0|shift_counter[0] ; bin2bcd:bin2bcd1|binary[3]       ; pll_timer_inst|altpll_component|auto_generated|pll1|clk[0] ; pll_timer_inst|altpll_component|auto_generated|pll1|clk[0] ; 500000.000   ; -0.035     ; 4.904      ;
; 499995.059 ; bin2bcd:bin2bcd0|shift_counter[0] ; bin2bcd:bin2bcd1|binary[2]       ; pll_timer_inst|altpll_component|auto_generated|pll1|clk[0] ; pll_timer_inst|altpll_component|auto_generated|pll1|clk[0] ; 500000.000   ; -0.035     ; 4.904      ;
; 499995.059 ; bin2bcd:bin2bcd0|shift_counter[0] ; bin2bcd:bin2bcd1|binary[1]       ; pll_timer_inst|altpll_component|auto_generated|pll1|clk[0] ; pll_timer_inst|altpll_component|auto_generated|pll1|clk[0] ; 500000.000   ; -0.035     ; 4.904      ;
; 499995.059 ; bin2bcd:bin2bcd0|shift_counter[0] ; bin2bcd:bin2bcd0|binary[5]       ; pll_timer_inst|altpll_component|auto_generated|pll1|clk[0] ; pll_timer_inst|altpll_component|auto_generated|pll1|clk[0] ; 500000.000   ; -0.035     ; 4.904      ;
; 499995.059 ; bin2bcd:bin2bcd0|shift_counter[0] ; bin2bcd:bin2bcd0|binary[4]       ; pll_timer_inst|altpll_component|auto_generated|pll1|clk[0] ; pll_timer_inst|altpll_component|auto_generated|pll1|clk[0] ; 500000.000   ; -0.035     ; 4.904      ;
; 499995.059 ; bin2bcd:bin2bcd0|shift_counter[0] ; bin2bcd:bin2bcd0|binary[3]       ; pll_timer_inst|altpll_component|auto_generated|pll1|clk[0] ; pll_timer_inst|altpll_component|auto_generated|pll1|clk[0] ; 500000.000   ; -0.035     ; 4.904      ;
; 499995.059 ; bin2bcd:bin2bcd0|shift_counter[0] ; bin2bcd:bin2bcd0|binary[2]       ; pll_timer_inst|altpll_component|auto_generated|pll1|clk[0] ; pll_timer_inst|altpll_component|auto_generated|pll1|clk[0] ; 500000.000   ; -0.035     ; 4.904      ;
; 499995.059 ; bin2bcd:bin2bcd0|shift_counter[0] ; bin2bcd:bin2bcd0|binary[1]       ; pll_timer_inst|altpll_component|auto_generated|pll1|clk[0] ; pll_timer_inst|altpll_component|auto_generated|pll1|clk[0] ; 500000.000   ; -0.035     ; 4.904      ;
; 499995.059 ; bin2bcd:bin2bcd0|shift_counter[0] ; bin2bcd:bin2bcd0|binary[0]       ; pll_timer_inst|altpll_component|auto_generated|pll1|clk[0] ; pll_timer_inst|altpll_component|auto_generated|pll1|clk[0] ; 500000.000   ; -0.035     ; 4.904      ;
; 499995.059 ; bin2bcd:bin2bcd0|shift_counter[0] ; bin2bcd:bin2bcd1|binary[0]       ; pll_timer_inst|altpll_component|auto_generated|pll1|clk[0] ; pll_timer_inst|altpll_component|auto_generated|pll1|clk[0] ; 500000.000   ; -0.035     ; 4.904      ;
; 499995.114 ; bin2bcd:bin2bcd0|state.shift      ; bin2bcd:bin2bcd1|bcds[1]         ; pll_timer_inst|altpll_component|auto_generated|pll1|clk[0] ; pll_timer_inst|altpll_component|auto_generated|pll1|clk[0] ; 500000.000   ; -0.136     ; 4.748      ;
; 499995.223 ; bin2bcd:bin2bcd0|state.done       ; bin2bcd:bin2bcd0|bcds[2]         ; pll_timer_inst|altpll_component|auto_generated|pll1|clk[0] ; pll_timer_inst|altpll_component|auto_generated|pll1|clk[0] ; 500000.000   ; -0.110     ; 4.665      ;
; 499995.225 ; bin2bcd:bin2bcd0|state.done       ; bin2bcd:bin2bcd0|bcds[3]         ; pll_timer_inst|altpll_component|auto_generated|pll1|clk[0] ; pll_timer_inst|altpll_component|auto_generated|pll1|clk[0] ; 500000.000   ; -0.110     ; 4.663      ;
; 499995.234 ; bin2bcd:bin2bcd1|bcds[4]          ; bin2bcd:bin2bcd1|bcds[7]         ; pll_timer_inst|altpll_component|auto_generated|pll1|clk[0] ; pll_timer_inst|altpll_component|auto_generated|pll1|clk[0] ; 500000.000   ; -0.066     ; 4.698      ;
; 499995.318 ; bin2bcd:bin2bcd0|shift_counter[1] ; bin2bcd:bin2bcd1|bcds[7]         ; pll_timer_inst|altpll_component|auto_generated|pll1|clk[0] ; pll_timer_inst|altpll_component|auto_generated|pll1|clk[0] ; 500000.000   ; -0.112     ; 4.568      ;
; 499995.333 ; bin2bcd:bin2bcd0|shift_counter[1] ; bin2bcd:bin2bcd1|bcds[3]         ; pll_timer_inst|altpll_component|auto_generated|pll1|clk[0] ; pll_timer_inst|altpll_component|auto_generated|pll1|clk[0] ; 500000.000   ; -0.110     ; 4.555      ;
; 499995.338 ; bin2bcd:bin2bcd0|state.shift      ; bin2bcd:bin2bcd1|bcds[6]         ; pll_timer_inst|altpll_component|auto_generated|pll1|clk[0] ; pll_timer_inst|altpll_component|auto_generated|pll1|clk[0] ; 500000.000   ; -0.124     ; 4.536      ;
; 499995.341 ; bin2bcd:bin2bcd0|state.shift      ; bin2bcd:bin2bcd1|bcds[5]         ; pll_timer_inst|altpll_component|auto_generated|pll1|clk[0] ; pll_timer_inst|altpll_component|auto_generated|pll1|clk[0] ; 500000.000   ; -0.124     ; 4.533      ;
; 499995.348 ; bin2bcd:bin2bcd0|shift_counter[2] ; bin2bcd:bin2bcd1|bcds[3]         ; pll_timer_inst|altpll_component|auto_generated|pll1|clk[0] ; pll_timer_inst|altpll_component|auto_generated|pll1|clk[0] ; 500000.000   ; -0.110     ; 4.540      ;
; 499995.364 ; bin2bcd:bin2bcd0|state.shift      ; bin2bcd:bin2bcd0|bcds[0]         ; pll_timer_inst|altpll_component|auto_generated|pll1|clk[0] ; pll_timer_inst|altpll_component|auto_generated|pll1|clk[0] ; 500000.000   ; -0.080     ; 4.554      ;
; 499995.412 ; bin2bcd:bin2bcd0|shift_counter[0] ; bin2bcd:bin2bcd1|bcds[7]         ; pll_timer_inst|altpll_component|auto_generated|pll1|clk[0] ; pll_timer_inst|altpll_component|auto_generated|pll1|clk[0] ; 500000.000   ; -0.079     ; 4.507      ;
; 499995.419 ; bin2bcd:bin2bcd0|state.shift      ; bin2bcd:bin2bcd1|bcds[4]         ; pll_timer_inst|altpll_component|auto_generated|pll1|clk[0] ; pll_timer_inst|altpll_component|auto_generated|pll1|clk[0] ; 500000.000   ; -0.136     ; 4.443      ;
; 499995.466 ; bin2bcd:bin2bcd0|bcds[0]          ; bin2bcd:bin2bcd0|bcds[1]         ; pll_timer_inst|altpll_component|auto_generated|pll1|clk[0] ; pll_timer_inst|altpll_component|auto_generated|pll1|clk[0] ; 500000.000   ; -0.122     ; 4.410      ;
; 499995.475 ; bin2bcd:bin2bcd0|shift_counter[2] ; bin2bcd:bin2bcd1|bcds[7]         ; pll_timer_inst|altpll_component|auto_generated|pll1|clk[0] ; pll_timer_inst|altpll_component|auto_generated|pll1|clk[0] ; 500000.000   ; -0.112     ; 4.411      ;
; 499995.540 ; bin2bcd:bin2bcd0|bcds[2]          ; bin2bcd:bin2bcd0|bcds[4]         ; pll_timer_inst|altpll_component|auto_generated|pll1|clk[0] ; pll_timer_inst|altpll_component|auto_generated|pll1|clk[0] ; 500000.000   ; -0.100     ; 4.358      ;
; 499995.579 ; bin2bcd:bin2bcd0|state.shift      ; bin2bcd:bin2bcd1|binary[5]       ; pll_timer_inst|altpll_component|auto_generated|pll1|clk[0] ; pll_timer_inst|altpll_component|auto_generated|pll1|clk[0] ; 500000.000   ; -0.080     ; 4.339      ;
; 499995.579 ; bin2bcd:bin2bcd0|state.shift      ; bin2bcd:bin2bcd1|binary[4]       ; pll_timer_inst|altpll_component|auto_generated|pll1|clk[0] ; pll_timer_inst|altpll_component|auto_generated|pll1|clk[0] ; 500000.000   ; -0.080     ; 4.339      ;
; 499995.579 ; bin2bcd:bin2bcd0|state.shift      ; bin2bcd:bin2bcd1|binary[3]       ; pll_timer_inst|altpll_component|auto_generated|pll1|clk[0] ; pll_timer_inst|altpll_component|auto_generated|pll1|clk[0] ; 500000.000   ; -0.080     ; 4.339      ;
; 499995.579 ; bin2bcd:bin2bcd0|state.shift      ; bin2bcd:bin2bcd1|binary[2]       ; pll_timer_inst|altpll_component|auto_generated|pll1|clk[0] ; pll_timer_inst|altpll_component|auto_generated|pll1|clk[0] ; 500000.000   ; -0.080     ; 4.339      ;
; 499995.579 ; bin2bcd:bin2bcd0|state.shift      ; bin2bcd:bin2bcd1|binary[1]       ; pll_timer_inst|altpll_component|auto_generated|pll1|clk[0] ; pll_timer_inst|altpll_component|auto_generated|pll1|clk[0] ; 500000.000   ; -0.080     ; 4.339      ;
; 499995.579 ; bin2bcd:bin2bcd0|state.shift      ; bin2bcd:bin2bcd0|binary[5]       ; pll_timer_inst|altpll_component|auto_generated|pll1|clk[0] ; pll_timer_inst|altpll_component|auto_generated|pll1|clk[0] ; 500000.000   ; -0.080     ; 4.339      ;
; 499995.579 ; bin2bcd:bin2bcd0|state.shift      ; bin2bcd:bin2bcd0|binary[4]       ; pll_timer_inst|altpll_component|auto_generated|pll1|clk[0] ; pll_timer_inst|altpll_component|auto_generated|pll1|clk[0] ; 500000.000   ; -0.080     ; 4.339      ;
; 499995.579 ; bin2bcd:bin2bcd0|state.shift      ; bin2bcd:bin2bcd0|binary[3]       ; pll_timer_inst|altpll_component|auto_generated|pll1|clk[0] ; pll_timer_inst|altpll_component|auto_generated|pll1|clk[0] ; 500000.000   ; -0.080     ; 4.339      ;
; 499995.579 ; bin2bcd:bin2bcd0|state.shift      ; bin2bcd:bin2bcd0|binary[2]       ; pll_timer_inst|altpll_component|auto_generated|pll1|clk[0] ; pll_timer_inst|altpll_component|auto_generated|pll1|clk[0] ; 500000.000   ; -0.080     ; 4.339      ;
; 499995.579 ; bin2bcd:bin2bcd0|state.shift      ; bin2bcd:bin2bcd0|binary[1]       ; pll_timer_inst|altpll_component|auto_generated|pll1|clk[0] ; pll_timer_inst|altpll_component|auto_generated|pll1|clk[0] ; 500000.000   ; -0.080     ; 4.339      ;
; 499995.579 ; bin2bcd:bin2bcd0|state.shift      ; bin2bcd:bin2bcd0|binary[0]       ; pll_timer_inst|altpll_component|auto_generated|pll1|clk[0] ; pll_timer_inst|altpll_component|auto_generated|pll1|clk[0] ; 500000.000   ; -0.080     ; 4.339      ;
; 499995.579 ; bin2bcd:bin2bcd0|state.shift      ; bin2bcd:bin2bcd1|binary[0]       ; pll_timer_inst|altpll_component|auto_generated|pll1|clk[0] ; pll_timer_inst|altpll_component|auto_generated|pll1|clk[0] ; 500000.000   ; -0.080     ; 4.339      ;
; 499995.580 ; bin2bcd:bin2bcd0|state.shift      ; bin2bcd:bin2bcd1|bcds[2]         ; pll_timer_inst|altpll_component|auto_generated|pll1|clk[0] ; pll_timer_inst|altpll_component|auto_generated|pll1|clk[0] ; 500000.000   ; -0.136     ; 4.282      ;
; 499995.675 ; bin2bcd:bin2bcd0|shift_counter[0] ; bin2bcd:bin2bcd0|state.shift     ; pll_timer_inst|altpll_component|auto_generated|pll1|clk[0] ; pll_timer_inst|altpll_component|auto_generated|pll1|clk[0] ; 500000.000   ; -0.035     ; 4.288      ;
; 499995.732 ; bin2bcd:bin2bcd0|shift_counter[1] ; bin2bcd:bin2bcd1|bcds[0]         ; pll_timer_inst|altpll_component|auto_generated|pll1|clk[0] ; pll_timer_inst|altpll_component|auto_generated|pll1|clk[0] ; 500000.000   ; -0.110     ; 4.156      ;
; 499995.733 ; bin2bcd:bin2bcd1|bcds[0]          ; bin2bcd:bin2bcd1|bcds[3]         ; pll_timer_inst|altpll_component|auto_generated|pll1|clk[0] ; pll_timer_inst|altpll_component|auto_generated|pll1|clk[0] ; 500000.000   ; -0.078     ; 4.187      ;
; 499995.737 ; bin2bcd:bin2bcd0|shift_counter[2] ; bin2bcd:bin2bcd1|bcds[0]         ; pll_timer_inst|altpll_component|auto_generated|pll1|clk[0] ; pll_timer_inst|altpll_component|auto_generated|pll1|clk[0] ; 500000.000   ; -0.110     ; 4.151      ;
; 499995.901 ; bin2bcd:bin2bcd0|shift_counter[1] ; bin2bcd:bin2bcd1|bcds[1]         ; pll_timer_inst|altpll_component|auto_generated|pll1|clk[0] ; pll_timer_inst|altpll_component|auto_generated|pll1|clk[0] ; 500000.000   ; -0.124     ; 3.973      ;
; 499995.906 ; bin2bcd:bin2bcd0|shift_counter[2] ; bin2bcd:bin2bcd1|bcds[1]         ; pll_timer_inst|altpll_component|auto_generated|pll1|clk[0] ; pll_timer_inst|altpll_component|auto_generated|pll1|clk[0] ; 500000.000   ; -0.124     ; 3.968      ;
; 499995.911 ; bin2bcd:bin2bcd2|bcds[4]          ; bin2bcd:bin2bcd2|bcds[7]         ; pll_timer_inst|altpll_component|auto_generated|pll1|clk[0] ; pll_timer_inst|altpll_component|auto_generated|pll1|clk[0] ; 500000.000   ; -0.062     ; 4.025      ;
; 499995.958 ; bin2bcd:bin2bcd0|bcds[0]          ; bin2bcd:bin2bcd0|bcds_out_reg[0] ; pll_timer_inst|altpll_component|auto_generated|pll1|clk[0] ; pll_timer_inst|altpll_component|auto_generated|pll1|clk[0] ; 500000.000   ; -0.122     ; 3.918      ;
+------------+-----------------------------------+----------------------------------+------------------------------------------------------------+------------------------------------------------------------+--------------+------------+------------+


+-----------------------------------------------------------------------------------------------------------------------+
; Slow 1200mV 85C Model Setup: 'CLOCK_50'                                                                               ;
+--------+--------------------+-------------------+--------------+-------------+--------------+------------+------------+
; Slack  ; From Node          ; To Node           ; Launch Clock ; Latch Clock ; Relationship ; Clock Skew ; Data Delay ;
+--------+--------------------+-------------------+--------------+-------------+--------------+------------+------------+
; 14.529 ; timer:t0|r_reg[6]  ; timer:t0|h_reg[1] ; CLOCK_50     ; CLOCK_50    ; 20.000       ; -0.134     ; 5.335      ;
; 14.529 ; timer:t0|r_reg[6]  ; timer:t0|h_reg[2] ; CLOCK_50     ; CLOCK_50    ; 20.000       ; -0.134     ; 5.335      ;
; 14.529 ; timer:t0|r_reg[6]  ; timer:t0|h_reg[3] ; CLOCK_50     ; CLOCK_50    ; 20.000       ; -0.134     ; 5.335      ;
; 14.530 ; timer:t0|r_reg[6]  ; timer:t0|h_reg[0] ; CLOCK_50     ; CLOCK_50    ; 20.000       ; -0.134     ; 5.334      ;
; 14.592 ; timer:t0|r_reg[9]  ; timer:t0|h_reg[1] ; CLOCK_50     ; CLOCK_50    ; 20.000       ; -0.134     ; 5.272      ;
; 14.592 ; timer:t0|r_reg[9]  ; timer:t0|h_reg[2] ; CLOCK_50     ; CLOCK_50    ; 20.000       ; -0.134     ; 5.272      ;
; 14.592 ; timer:t0|r_reg[9]  ; timer:t0|h_reg[3] ; CLOCK_50     ; CLOCK_50    ; 20.000       ; -0.134     ; 5.272      ;
; 14.593 ; timer:t0|r_reg[9]  ; timer:t0|h_reg[0] ; CLOCK_50     ; CLOCK_50    ; 20.000       ; -0.134     ; 5.271      ;
; 14.621 ; timer:t0|r_reg[8]  ; timer:t0|h_reg[1] ; CLOCK_50     ; CLOCK_50    ; 20.000       ; -0.134     ; 5.243      ;
; 14.621 ; timer:t0|r_reg[8]  ; timer:t0|h_reg[2] ; CLOCK_50     ; CLOCK_50    ; 20.000       ; -0.134     ; 5.243      ;
; 14.621 ; timer:t0|r_reg[8]  ; timer:t0|h_reg[3] ; CLOCK_50     ; CLOCK_50    ; 20.000       ; -0.134     ; 5.243      ;
; 14.622 ; timer:t0|r_reg[8]  ; timer:t0|h_reg[0] ; CLOCK_50     ; CLOCK_50    ; 20.000       ; -0.134     ; 5.242      ;
; 14.773 ; timer:t0|r_reg[7]  ; timer:t0|h_reg[1] ; CLOCK_50     ; CLOCK_50    ; 20.000       ; -0.134     ; 5.091      ;
; 14.773 ; timer:t0|r_reg[7]  ; timer:t0|h_reg[2] ; CLOCK_50     ; CLOCK_50    ; 20.000       ; -0.134     ; 5.091      ;
; 14.773 ; timer:t0|r_reg[7]  ; timer:t0|h_reg[3] ; CLOCK_50     ; CLOCK_50    ; 20.000       ; -0.134     ; 5.091      ;
; 14.774 ; timer:t0|r_reg[7]  ; timer:t0|h_reg[0] ; CLOCK_50     ; CLOCK_50    ; 20.000       ; -0.134     ; 5.090      ;
; 14.778 ; timer:t0|r_reg[25] ; timer:t0|h_reg[1] ; CLOCK_50     ; CLOCK_50    ; 20.000       ; -0.133     ; 5.087      ;
; 14.778 ; timer:t0|r_reg[25] ; timer:t0|h_reg[2] ; CLOCK_50     ; CLOCK_50    ; 20.000       ; -0.133     ; 5.087      ;
; 14.778 ; timer:t0|r_reg[25] ; timer:t0|h_reg[3] ; CLOCK_50     ; CLOCK_50    ; 20.000       ; -0.133     ; 5.087      ;
; 14.779 ; timer:t0|r_reg[25] ; timer:t0|h_reg[0] ; CLOCK_50     ; CLOCK_50    ; 20.000       ; -0.133     ; 5.086      ;
; 14.822 ; timer:t0|r_reg[19] ; timer:t0|h_reg[1] ; CLOCK_50     ; CLOCK_50    ; 20.000       ; -0.133     ; 5.043      ;
; 14.822 ; timer:t0|r_reg[19] ; timer:t0|h_reg[2] ; CLOCK_50     ; CLOCK_50    ; 20.000       ; -0.133     ; 5.043      ;
; 14.822 ; timer:t0|r_reg[19] ; timer:t0|h_reg[3] ; CLOCK_50     ; CLOCK_50    ; 20.000       ; -0.133     ; 5.043      ;
; 14.823 ; timer:t0|r_reg[19] ; timer:t0|h_reg[0] ; CLOCK_50     ; CLOCK_50    ; 20.000       ; -0.133     ; 5.042      ;
; 14.825 ; timer:t0|r_reg[11] ; timer:t0|h_reg[1] ; CLOCK_50     ; CLOCK_50    ; 20.000       ; -0.133     ; 5.040      ;
; 14.825 ; timer:t0|r_reg[11] ; timer:t0|h_reg[2] ; CLOCK_50     ; CLOCK_50    ; 20.000       ; -0.133     ; 5.040      ;
; 14.825 ; timer:t0|r_reg[11] ; timer:t0|h_reg[3] ; CLOCK_50     ; CLOCK_50    ; 20.000       ; -0.133     ; 5.040      ;
; 14.826 ; timer:t0|r_reg[11] ; timer:t0|h_reg[0] ; CLOCK_50     ; CLOCK_50    ; 20.000       ; -0.133     ; 5.039      ;
; 14.831 ; timer:t0|r_reg[21] ; timer:t0|h_reg[1] ; CLOCK_50     ; CLOCK_50    ; 20.000       ; -0.133     ; 5.034      ;
; 14.831 ; timer:t0|r_reg[21] ; timer:t0|h_reg[2] ; CLOCK_50     ; CLOCK_50    ; 20.000       ; -0.133     ; 5.034      ;
; 14.831 ; timer:t0|r_reg[21] ; timer:t0|h_reg[3] ; CLOCK_50     ; CLOCK_50    ; 20.000       ; -0.133     ; 5.034      ;
; 14.832 ; timer:t0|r_reg[21] ; timer:t0|h_reg[0] ; CLOCK_50     ; CLOCK_50    ; 20.000       ; -0.133     ; 5.033      ;
; 14.843 ; timer:t0|s_reg[4]  ; timer:t0|h_reg[1] ; CLOCK_50     ; CLOCK_50    ; 20.000       ; -0.124     ; 5.031      ;
; 14.843 ; timer:t0|s_reg[4]  ; timer:t0|h_reg[3] ; CLOCK_50     ; CLOCK_50    ; 20.000       ; -0.124     ; 5.031      ;
; 14.843 ; timer:t0|s_reg[4]  ; timer:t0|h_reg[2] ; CLOCK_50     ; CLOCK_50    ; 20.000       ; -0.124     ; 5.031      ;
; 14.844 ; timer:t0|s_reg[4]  ; timer:t0|h_reg[0] ; CLOCK_50     ; CLOCK_50    ; 20.000       ; -0.124     ; 5.030      ;
; 14.858 ; timer:t0|s_reg[3]  ; timer:t0|h_reg[1] ; CLOCK_50     ; CLOCK_50    ; 20.000       ; -0.124     ; 5.016      ;
; 14.858 ; timer:t0|s_reg[3]  ; timer:t0|h_reg[3] ; CLOCK_50     ; CLOCK_50    ; 20.000       ; -0.124     ; 5.016      ;
; 14.858 ; timer:t0|s_reg[3]  ; timer:t0|h_reg[2] ; CLOCK_50     ; CLOCK_50    ; 20.000       ; -0.124     ; 5.016      ;
; 14.859 ; timer:t0|s_reg[3]  ; timer:t0|h_reg[0] ; CLOCK_50     ; CLOCK_50    ; 20.000       ; -0.124     ; 5.015      ;
; 14.867 ; timer:t0|r_reg[6]  ; timer:t0|h_reg[4] ; CLOCK_50     ; CLOCK_50    ; 20.000       ; -0.134     ; 4.997      ;
; 14.893 ; timer:t0|r_reg[13] ; timer:t0|h_reg[1] ; CLOCK_50     ; CLOCK_50    ; 20.000       ; -0.133     ; 4.972      ;
; 14.893 ; timer:t0|r_reg[13] ; timer:t0|h_reg[2] ; CLOCK_50     ; CLOCK_50    ; 20.000       ; -0.133     ; 4.972      ;
; 14.893 ; timer:t0|r_reg[13] ; timer:t0|h_reg[3] ; CLOCK_50     ; CLOCK_50    ; 20.000       ; -0.133     ; 4.972      ;
; 14.894 ; timer:t0|r_reg[13] ; timer:t0|h_reg[0] ; CLOCK_50     ; CLOCK_50    ; 20.000       ; -0.133     ; 4.971      ;
; 14.927 ; timer:t0|r_reg[4]  ; timer:t0|h_reg[1] ; CLOCK_50     ; CLOCK_50    ; 20.000       ; -0.134     ; 4.937      ;
; 14.927 ; timer:t0|r_reg[4]  ; timer:t0|h_reg[2] ; CLOCK_50     ; CLOCK_50    ; 20.000       ; -0.134     ; 4.937      ;
; 14.927 ; timer:t0|r_reg[4]  ; timer:t0|h_reg[3] ; CLOCK_50     ; CLOCK_50    ; 20.000       ; -0.134     ; 4.937      ;
; 14.928 ; timer:t0|r_reg[4]  ; timer:t0|h_reg[0] ; CLOCK_50     ; CLOCK_50    ; 20.000       ; -0.134     ; 4.936      ;
; 14.930 ; timer:t0|r_reg[9]  ; timer:t0|h_reg[4] ; CLOCK_50     ; CLOCK_50    ; 20.000       ; -0.134     ; 4.934      ;
; 14.936 ; timer:t0|r_reg[23] ; timer:t0|h_reg[1] ; CLOCK_50     ; CLOCK_50    ; 20.000       ; -0.133     ; 4.929      ;
; 14.936 ; timer:t0|r_reg[23] ; timer:t0|h_reg[2] ; CLOCK_50     ; CLOCK_50    ; 20.000       ; -0.133     ; 4.929      ;
; 14.936 ; timer:t0|r_reg[23] ; timer:t0|h_reg[3] ; CLOCK_50     ; CLOCK_50    ; 20.000       ; -0.133     ; 4.929      ;
; 14.937 ; timer:t0|r_reg[23] ; timer:t0|h_reg[0] ; CLOCK_50     ; CLOCK_50    ; 20.000       ; -0.133     ; 4.928      ;
; 14.953 ; timer:t0|r_reg[16] ; timer:t0|h_reg[1] ; CLOCK_50     ; CLOCK_50    ; 20.000       ; -0.133     ; 4.912      ;
; 14.953 ; timer:t0|r_reg[16] ; timer:t0|h_reg[2] ; CLOCK_50     ; CLOCK_50    ; 20.000       ; -0.133     ; 4.912      ;
; 14.953 ; timer:t0|r_reg[16] ; timer:t0|h_reg[3] ; CLOCK_50     ; CLOCK_50    ; 20.000       ; -0.133     ; 4.912      ;
; 14.954 ; timer:t0|r_reg[16] ; timer:t0|h_reg[0] ; CLOCK_50     ; CLOCK_50    ; 20.000       ; -0.133     ; 4.911      ;
; 14.959 ; timer:t0|r_reg[8]  ; timer:t0|h_reg[4] ; CLOCK_50     ; CLOCK_50    ; 20.000       ; -0.134     ; 4.905      ;
; 14.962 ; timer:t0|r_reg[17] ; timer:t0|h_reg[1] ; CLOCK_50     ; CLOCK_50    ; 20.000       ; -0.133     ; 4.903      ;
; 14.962 ; timer:t0|r_reg[17] ; timer:t0|h_reg[2] ; CLOCK_50     ; CLOCK_50    ; 20.000       ; -0.133     ; 4.903      ;
; 14.962 ; timer:t0|r_reg[17] ; timer:t0|h_reg[3] ; CLOCK_50     ; CLOCK_50    ; 20.000       ; -0.133     ; 4.903      ;
; 14.963 ; timer:t0|r_reg[17] ; timer:t0|h_reg[0] ; CLOCK_50     ; CLOCK_50    ; 20.000       ; -0.133     ; 4.902      ;
; 15.003 ; timer:t0|s_reg[5]  ; timer:t0|h_reg[1] ; CLOCK_50     ; CLOCK_50    ; 20.000       ; -0.124     ; 4.871      ;
; 15.003 ; timer:t0|s_reg[5]  ; timer:t0|h_reg[3] ; CLOCK_50     ; CLOCK_50    ; 20.000       ; -0.124     ; 4.871      ;
; 15.003 ; timer:t0|s_reg[5]  ; timer:t0|h_reg[2] ; CLOCK_50     ; CLOCK_50    ; 20.000       ; -0.124     ; 4.871      ;
; 15.004 ; timer:t0|s_reg[5]  ; timer:t0|h_reg[0] ; CLOCK_50     ; CLOCK_50    ; 20.000       ; -0.124     ; 4.870      ;
; 15.011 ; timer:t0|r_reg[20] ; timer:t0|h_reg[1] ; CLOCK_50     ; CLOCK_50    ; 20.000       ; -0.133     ; 4.854      ;
; 15.011 ; timer:t0|r_reg[20] ; timer:t0|h_reg[2] ; CLOCK_50     ; CLOCK_50    ; 20.000       ; -0.133     ; 4.854      ;
; 15.011 ; timer:t0|r_reg[20] ; timer:t0|h_reg[3] ; CLOCK_50     ; CLOCK_50    ; 20.000       ; -0.133     ; 4.854      ;
; 15.012 ; timer:t0|r_reg[20] ; timer:t0|h_reg[0] ; CLOCK_50     ; CLOCK_50    ; 20.000       ; -0.133     ; 4.853      ;
; 15.038 ; timer:t0|r_reg[12] ; timer:t0|h_reg[1] ; CLOCK_50     ; CLOCK_50    ; 20.000       ; -0.133     ; 4.827      ;
; 15.038 ; timer:t0|r_reg[12] ; timer:t0|h_reg[2] ; CLOCK_50     ; CLOCK_50    ; 20.000       ; -0.133     ; 4.827      ;
; 15.038 ; timer:t0|r_reg[12] ; timer:t0|h_reg[3] ; CLOCK_50     ; CLOCK_50    ; 20.000       ; -0.133     ; 4.827      ;
; 15.039 ; timer:t0|r_reg[12] ; timer:t0|h_reg[0] ; CLOCK_50     ; CLOCK_50    ; 20.000       ; -0.133     ; 4.826      ;
; 15.048 ; timer:t0|r_reg[10] ; timer:t0|h_reg[1] ; CLOCK_50     ; CLOCK_50    ; 20.000       ; -0.134     ; 4.816      ;
; 15.048 ; timer:t0|r_reg[10] ; timer:t0|h_reg[2] ; CLOCK_50     ; CLOCK_50    ; 20.000       ; -0.134     ; 4.816      ;
; 15.048 ; timer:t0|r_reg[10] ; timer:t0|h_reg[3] ; CLOCK_50     ; CLOCK_50    ; 20.000       ; -0.134     ; 4.816      ;
; 15.049 ; timer:t0|r_reg[10] ; timer:t0|h_reg[0] ; CLOCK_50     ; CLOCK_50    ; 20.000       ; -0.134     ; 4.815      ;
; 15.067 ; timer:t0|r_reg[25] ; timer:t0|h_reg[4] ; CLOCK_50     ; CLOCK_50    ; 20.000       ; -0.133     ; 4.798      ;
; 15.111 ; timer:t0|r_reg[7]  ; timer:t0|h_reg[4] ; CLOCK_50     ; CLOCK_50    ; 20.000       ; -0.134     ; 4.753      ;
; 15.111 ; timer:t0|r_reg[19] ; timer:t0|h_reg[4] ; CLOCK_50     ; CLOCK_50    ; 20.000       ; -0.133     ; 4.754      ;
; 15.117 ; timer:t0|r_reg[24] ; timer:t0|h_reg[1] ; CLOCK_50     ; CLOCK_50    ; 20.000       ; -0.133     ; 4.748      ;
; 15.117 ; timer:t0|r_reg[24] ; timer:t0|h_reg[2] ; CLOCK_50     ; CLOCK_50    ; 20.000       ; -0.133     ; 4.748      ;
; 15.117 ; timer:t0|r_reg[24] ; timer:t0|h_reg[3] ; CLOCK_50     ; CLOCK_50    ; 20.000       ; -0.133     ; 4.748      ;
; 15.118 ; timer:t0|r_reg[24] ; timer:t0|h_reg[0] ; CLOCK_50     ; CLOCK_50    ; 20.000       ; -0.133     ; 4.747      ;
; 15.120 ; timer:t0|r_reg[21] ; timer:t0|h_reg[4] ; CLOCK_50     ; CLOCK_50    ; 20.000       ; -0.133     ; 4.745      ;
; 15.128 ; timer:t0|r_reg[18] ; timer:t0|h_reg[1] ; CLOCK_50     ; CLOCK_50    ; 20.000       ; -0.133     ; 4.737      ;
; 15.128 ; timer:t0|r_reg[18] ; timer:t0|h_reg[2] ; CLOCK_50     ; CLOCK_50    ; 20.000       ; -0.133     ; 4.737      ;
; 15.128 ; timer:t0|r_reg[18] ; timer:t0|h_reg[3] ; CLOCK_50     ; CLOCK_50    ; 20.000       ; -0.133     ; 4.737      ;
; 15.129 ; timer:t0|r_reg[18] ; timer:t0|h_reg[0] ; CLOCK_50     ; CLOCK_50    ; 20.000       ; -0.133     ; 4.736      ;
; 15.142 ; timer:t0|r_reg[15] ; timer:t0|h_reg[1] ; CLOCK_50     ; CLOCK_50    ; 20.000       ; -0.133     ; 4.723      ;
; 15.142 ; timer:t0|r_reg[15] ; timer:t0|h_reg[2] ; CLOCK_50     ; CLOCK_50    ; 20.000       ; -0.133     ; 4.723      ;
; 15.142 ; timer:t0|r_reg[15] ; timer:t0|h_reg[3] ; CLOCK_50     ; CLOCK_50    ; 20.000       ; -0.133     ; 4.723      ;
; 15.143 ; timer:t0|r_reg[15] ; timer:t0|h_reg[0] ; CLOCK_50     ; CLOCK_50    ; 20.000       ; -0.133     ; 4.722      ;
; 15.150 ; timer:t0|r_reg[11] ; timer:t0|h_reg[4] ; CLOCK_50     ; CLOCK_50    ; 20.000       ; -0.133     ; 4.715      ;
; 15.181 ; timer:t0|s_reg[4]  ; timer:t0|h_reg[4] ; CLOCK_50     ; CLOCK_50    ; 20.000       ; -0.124     ; 4.693      ;
; 15.196 ; timer:t0|s_reg[3]  ; timer:t0|h_reg[4] ; CLOCK_50     ; CLOCK_50    ; 20.000       ; -0.124     ; 4.678      ;
; 15.213 ; timer:t0|r_reg[13] ; timer:t0|h_reg[4] ; CLOCK_50     ; CLOCK_50    ; 20.000       ; -0.133     ; 4.652      ;
; 15.216 ; timer:t0|r_reg[4]  ; timer:t0|h_reg[4] ; CLOCK_50     ; CLOCK_50    ; 20.000       ; -0.134     ; 4.648      ;
+--------+--------------------+-------------------+--------------+-------------+--------------+------------+------------+


+-----------------------------------------------------------------------------------------------------------------------+
; Slow 1200mV 85C Model Hold: 'CLOCK_50'                                                                                ;
+-------+--------------------+--------------------+--------------+-------------+--------------+------------+------------+
; Slack ; From Node          ; To Node            ; Launch Clock ; Latch Clock ; Relationship ; Clock Skew ; Data Delay ;
+-------+--------------------+--------------------+--------------+-------------+--------------+------------+------------+
; 0.401 ; timer:t0|m_reg[0]  ; timer:t0|m_reg[0]  ; CLOCK_50     ; CLOCK_50    ; 0.000        ; 0.082      ; 0.669      ;
; 0.401 ; timer:t0|m_reg[1]  ; timer:t0|m_reg[1]  ; CLOCK_50     ; CLOCK_50    ; 0.000        ; 0.082      ; 0.669      ;
; 0.401 ; timer:t0|m_reg[2]  ; timer:t0|m_reg[2]  ; CLOCK_50     ; CLOCK_50    ; 0.000        ; 0.082      ; 0.669      ;
; 0.401 ; timer:t0|m_reg[3]  ; timer:t0|m_reg[3]  ; CLOCK_50     ; CLOCK_50    ; 0.000        ; 0.082      ; 0.669      ;
; 0.401 ; timer:t0|m_reg[4]  ; timer:t0|m_reg[4]  ; CLOCK_50     ; CLOCK_50    ; 0.000        ; 0.082      ; 0.669      ;
; 0.401 ; timer:t0|m_reg[5]  ; timer:t0|m_reg[5]  ; CLOCK_50     ; CLOCK_50    ; 0.000        ; 0.082      ; 0.669      ;
; 0.402 ; timer:t0|s_reg[0]  ; timer:t0|s_reg[0]  ; CLOCK_50     ; CLOCK_50    ; 0.000        ; 0.081      ; 0.669      ;
; 0.402 ; timer:t0|s_reg[1]  ; timer:t0|s_reg[1]  ; CLOCK_50     ; CLOCK_50    ; 0.000        ; 0.081      ; 0.669      ;
; 0.402 ; timer:t0|s_reg[2]  ; timer:t0|s_reg[2]  ; CLOCK_50     ; CLOCK_50    ; 0.000        ; 0.081      ; 0.669      ;
; 0.402 ; timer:t0|s_reg[3]  ; timer:t0|s_reg[3]  ; CLOCK_50     ; CLOCK_50    ; 0.000        ; 0.081      ; 0.669      ;
; 0.402 ; timer:t0|s_reg[4]  ; timer:t0|s_reg[4]  ; CLOCK_50     ; CLOCK_50    ; 0.000        ; 0.081      ; 0.669      ;
; 0.402 ; timer:t0|s_reg[5]  ; timer:t0|s_reg[5]  ; CLOCK_50     ; CLOCK_50    ; 0.000        ; 0.081      ; 0.669      ;
; 0.404 ; timer:t0|h_reg[0]  ; timer:t0|h_reg[0]  ; CLOCK_50     ; CLOCK_50    ; 0.000        ; 0.079      ; 0.669      ;
; 0.404 ; timer:t0|h_reg[1]  ; timer:t0|h_reg[1]  ; CLOCK_50     ; CLOCK_50    ; 0.000        ; 0.079      ; 0.669      ;
; 0.404 ; timer:t0|h_reg[3]  ; timer:t0|h_reg[3]  ; CLOCK_50     ; CLOCK_50    ; 0.000        ; 0.079      ; 0.669      ;
; 0.404 ; timer:t0|h_reg[2]  ; timer:t0|h_reg[2]  ; CLOCK_50     ; CLOCK_50    ; 0.000        ; 0.079      ; 0.669      ;
; 0.404 ; timer:t0|h_reg[4]  ; timer:t0|h_reg[4]  ; CLOCK_50     ; CLOCK_50    ; 0.000        ; 0.079      ; 0.669      ;
; 0.441 ; timer:t0|r_reg[25] ; timer:t0|r_reg[25] ; CLOCK_50     ; CLOCK_50    ; 0.000        ; 0.081      ; 0.708      ;
; 0.641 ; timer:t0|r_reg[19] ; timer:t0|r_reg[19] ; CLOCK_50     ; CLOCK_50    ; 0.000        ; 0.081      ; 0.908      ;
; 0.641 ; timer:t0|r_reg[3]  ; timer:t0|r_reg[3]  ; CLOCK_50     ; CLOCK_50    ; 0.000        ; 0.081      ; 0.908      ;
; 0.642 ; timer:t0|r_reg[16] ; timer:t0|r_reg[16] ; CLOCK_50     ; CLOCK_50    ; 0.000        ; 0.081      ; 0.909      ;
; 0.642 ; timer:t0|r_reg[15] ; timer:t0|r_reg[15] ; CLOCK_50     ; CLOCK_50    ; 0.000        ; 0.081      ; 0.909      ;
; 0.643 ; timer:t0|r_reg[18] ; timer:t0|r_reg[18] ; CLOCK_50     ; CLOCK_50    ; 0.000        ; 0.081      ; 0.910      ;
; 0.643 ; timer:t0|r_reg[17] ; timer:t0|r_reg[17] ; CLOCK_50     ; CLOCK_50    ; 0.000        ; 0.081      ; 0.910      ;
; 0.643 ; timer:t0|r_reg[5]  ; timer:t0|r_reg[5]  ; CLOCK_50     ; CLOCK_50    ; 0.000        ; 0.081      ; 0.910      ;
; 0.643 ; timer:t0|r_reg[2]  ; timer:t0|r_reg[2]  ; CLOCK_50     ; CLOCK_50    ; 0.000        ; 0.081      ; 0.910      ;
; 0.643 ; timer:t0|r_reg[1]  ; timer:t0|r_reg[1]  ; CLOCK_50     ; CLOCK_50    ; 0.000        ; 0.081      ; 0.910      ;
; 0.644 ; timer:t0|r_reg[24] ; timer:t0|r_reg[24] ; CLOCK_50     ; CLOCK_50    ; 0.000        ; 0.081      ; 0.911      ;
; 0.644 ; timer:t0|r_reg[21] ; timer:t0|r_reg[21] ; CLOCK_50     ; CLOCK_50    ; 0.000        ; 0.081      ; 0.911      ;
; 0.644 ; timer:t0|r_reg[14] ; timer:t0|r_reg[14] ; CLOCK_50     ; CLOCK_50    ; 0.000        ; 0.081      ; 0.911      ;
; 0.645 ; timer:t0|r_reg[23] ; timer:t0|r_reg[23] ; CLOCK_50     ; CLOCK_50    ; 0.000        ; 0.081      ; 0.912      ;
; 0.647 ; timer:t0|r_reg[22] ; timer:t0|r_reg[22] ; CLOCK_50     ; CLOCK_50    ; 0.000        ; 0.081      ; 0.914      ;
; 0.648 ; timer:t0|r_reg[20] ; timer:t0|r_reg[20] ; CLOCK_50     ; CLOCK_50    ; 0.000        ; 0.081      ; 0.915      ;
; 0.656 ; timer:t0|r_reg[13] ; timer:t0|r_reg[13] ; CLOCK_50     ; CLOCK_50    ; 0.000        ; 0.081      ; 0.923      ;
; 0.656 ; timer:t0|r_reg[12] ; timer:t0|r_reg[12] ; CLOCK_50     ; CLOCK_50    ; 0.000        ; 0.081      ; 0.923      ;
; 0.656 ; timer:t0|r_reg[11] ; timer:t0|r_reg[11] ; CLOCK_50     ; CLOCK_50    ; 0.000        ; 0.081      ; 0.923      ;
; 0.661 ; timer:t0|r_reg[0]  ; timer:t0|r_reg[0]  ; CLOCK_50     ; CLOCK_50    ; 0.000        ; 0.081      ; 0.928      ;
; 0.826 ; timer:t0|h_reg[1]  ; timer:t0|h_reg[3]  ; CLOCK_50     ; CLOCK_50    ; 0.000        ; 0.079      ; 1.091      ;
; 0.830 ; timer:t0|h_reg[1]  ; timer:t0|h_reg[2]  ; CLOCK_50     ; CLOCK_50    ; 0.000        ; 0.079      ; 1.095      ;
; 0.833 ; timer:t0|h_reg[1]  ; timer:t0|h_reg[0]  ; CLOCK_50     ; CLOCK_50    ; 0.000        ; 0.079      ; 1.098      ;
; 0.959 ; timer:t0|r_reg[15] ; timer:t0|r_reg[16] ; CLOCK_50     ; CLOCK_50    ; 0.000        ; 0.081      ; 1.226      ;
; 0.959 ; timer:t0|r_reg[19] ; timer:t0|r_reg[20] ; CLOCK_50     ; CLOCK_50    ; 0.000        ; 0.081      ; 1.226      ;
; 0.960 ; timer:t0|r_reg[17] ; timer:t0|r_reg[18] ; CLOCK_50     ; CLOCK_50    ; 0.000        ; 0.081      ; 1.227      ;
; 0.960 ; timer:t0|r_reg[1]  ; timer:t0|r_reg[2]  ; CLOCK_50     ; CLOCK_50    ; 0.000        ; 0.081      ; 1.227      ;
; 0.961 ; timer:t0|r_reg[21] ; timer:t0|r_reg[22] ; CLOCK_50     ; CLOCK_50    ; 0.000        ; 0.081      ; 1.228      ;
; 0.962 ; timer:t0|r_reg[23] ; timer:t0|r_reg[24] ; CLOCK_50     ; CLOCK_50    ; 0.000        ; 0.081      ; 1.229      ;
; 0.969 ; timer:t0|r_reg[16] ; timer:t0|r_reg[17] ; CLOCK_50     ; CLOCK_50    ; 0.000        ; 0.081      ; 1.236      ;
; 0.969 ; timer:t0|r_reg[0]  ; timer:t0|r_reg[1]  ; CLOCK_50     ; CLOCK_50    ; 0.000        ; 0.081      ; 1.236      ;
; 0.970 ; timer:t0|r_reg[18] ; timer:t0|r_reg[19] ; CLOCK_50     ; CLOCK_50    ; 0.000        ; 0.081      ; 1.237      ;
; 0.970 ; timer:t0|r_reg[2]  ; timer:t0|r_reg[3]  ; CLOCK_50     ; CLOCK_50    ; 0.000        ; 0.081      ; 1.237      ;
; 0.971 ; timer:t0|r_reg[24] ; timer:t0|r_reg[25] ; CLOCK_50     ; CLOCK_50    ; 0.000        ; 0.081      ; 1.238      ;
; 0.971 ; timer:t0|r_reg[14] ; timer:t0|r_reg[15] ; CLOCK_50     ; CLOCK_50    ; 0.000        ; 0.081      ; 1.238      ;
; 0.973 ; timer:t0|r_reg[13] ; timer:t0|r_reg[14] ; CLOCK_50     ; CLOCK_50    ; 0.000        ; 0.081      ; 1.240      ;
; 0.973 ; timer:t0|r_reg[11] ; timer:t0|r_reg[12] ; CLOCK_50     ; CLOCK_50    ; 0.000        ; 0.081      ; 1.240      ;
; 0.974 ; timer:t0|r_reg[22] ; timer:t0|r_reg[23] ; CLOCK_50     ; CLOCK_50    ; 0.000        ; 0.081      ; 1.241      ;
; 0.974 ; timer:t0|r_reg[16] ; timer:t0|r_reg[18] ; CLOCK_50     ; CLOCK_50    ; 0.000        ; 0.081      ; 1.241      ;
; 0.974 ; timer:t0|r_reg[0]  ; timer:t0|r_reg[2]  ; CLOCK_50     ; CLOCK_50    ; 0.000        ; 0.081      ; 1.241      ;
; 0.975 ; timer:t0|r_reg[20] ; timer:t0|r_reg[21] ; CLOCK_50     ; CLOCK_50    ; 0.000        ; 0.081      ; 1.242      ;
; 0.975 ; timer:t0|r_reg[18] ; timer:t0|r_reg[20] ; CLOCK_50     ; CLOCK_50    ; 0.000        ; 0.081      ; 1.242      ;
; 0.976 ; timer:t0|r_reg[14] ; timer:t0|r_reg[16] ; CLOCK_50     ; CLOCK_50    ; 0.000        ; 0.081      ; 1.243      ;
; 0.979 ; timer:t0|r_reg[22] ; timer:t0|r_reg[24] ; CLOCK_50     ; CLOCK_50    ; 0.000        ; 0.081      ; 1.246      ;
; 0.980 ; timer:t0|r_reg[20] ; timer:t0|r_reg[22] ; CLOCK_50     ; CLOCK_50    ; 0.000        ; 0.081      ; 1.247      ;
; 0.983 ; timer:t0|r_reg[12] ; timer:t0|r_reg[13] ; CLOCK_50     ; CLOCK_50    ; 0.000        ; 0.081      ; 1.250      ;
; 0.988 ; timer:t0|r_reg[12] ; timer:t0|r_reg[14] ; CLOCK_50     ; CLOCK_50    ; 0.000        ; 0.081      ; 1.255      ;
; 1.035 ; timer:t0|h_reg[2]  ; timer:t0|h_reg[3]  ; CLOCK_50     ; CLOCK_50    ; 0.000        ; 0.079      ; 1.300      ;
; 1.039 ; timer:t0|h_reg[2]  ; timer:t0|h_reg[1]  ; CLOCK_50     ; CLOCK_50    ; 0.000        ; 0.079      ; 1.304      ;
; 1.040 ; timer:t0|h_reg[0]  ; timer:t0|h_reg[3]  ; CLOCK_50     ; CLOCK_50    ; 0.000        ; 0.079      ; 1.305      ;
; 1.042 ; timer:t0|h_reg[2]  ; timer:t0|h_reg[0]  ; CLOCK_50     ; CLOCK_50    ; 0.000        ; 0.079      ; 1.307      ;
; 1.044 ; timer:t0|h_reg[0]  ; timer:t0|h_reg[1]  ; CLOCK_50     ; CLOCK_50    ; 0.000        ; 0.079      ; 1.309      ;
; 1.044 ; timer:t0|h_reg[0]  ; timer:t0|h_reg[2]  ; CLOCK_50     ; CLOCK_50    ; 0.000        ; 0.079      ; 1.309      ;
; 1.080 ; timer:t0|r_reg[3]  ; timer:t0|r_reg[5]  ; CLOCK_50     ; CLOCK_50    ; 0.000        ; 0.081      ; 1.347      ;
; 1.080 ; timer:t0|r_reg[15] ; timer:t0|r_reg[17] ; CLOCK_50     ; CLOCK_50    ; 0.000        ; 0.081      ; 1.347      ;
; 1.080 ; timer:t0|r_reg[19] ; timer:t0|r_reg[21] ; CLOCK_50     ; CLOCK_50    ; 0.000        ; 0.081      ; 1.347      ;
; 1.081 ; timer:t0|r_reg[17] ; timer:t0|r_reg[19] ; CLOCK_50     ; CLOCK_50    ; 0.000        ; 0.081      ; 1.348      ;
; 1.081 ; timer:t0|r_reg[1]  ; timer:t0|r_reg[3]  ; CLOCK_50     ; CLOCK_50    ; 0.000        ; 0.081      ; 1.348      ;
; 1.082 ; timer:t0|r_reg[21] ; timer:t0|r_reg[23] ; CLOCK_50     ; CLOCK_50    ; 0.000        ; 0.081      ; 1.349      ;
; 1.083 ; timer:t0|r_reg[23] ; timer:t0|r_reg[25] ; CLOCK_50     ; CLOCK_50    ; 0.000        ; 0.081      ; 1.350      ;
; 1.085 ; timer:t0|r_reg[15] ; timer:t0|r_reg[18] ; CLOCK_50     ; CLOCK_50    ; 0.000        ; 0.081      ; 1.352      ;
; 1.085 ; timer:t0|r_reg[19] ; timer:t0|r_reg[22] ; CLOCK_50     ; CLOCK_50    ; 0.000        ; 0.081      ; 1.352      ;
; 1.086 ; timer:t0|h_reg[1]  ; timer:t0|h_reg[4]  ; CLOCK_50     ; CLOCK_50    ; 0.000        ; 0.079      ; 1.351      ;
; 1.086 ; timer:t0|r_reg[17] ; timer:t0|r_reg[20] ; CLOCK_50     ; CLOCK_50    ; 0.000        ; 0.081      ; 1.353      ;
; 1.087 ; timer:t0|r_reg[21] ; timer:t0|r_reg[24] ; CLOCK_50     ; CLOCK_50    ; 0.000        ; 0.081      ; 1.354      ;
; 1.094 ; timer:t0|r_reg[13] ; timer:t0|r_reg[15] ; CLOCK_50     ; CLOCK_50    ; 0.000        ; 0.081      ; 1.361      ;
; 1.094 ; timer:t0|r_reg[11] ; timer:t0|r_reg[13] ; CLOCK_50     ; CLOCK_50    ; 0.000        ; 0.081      ; 1.361      ;
; 1.095 ; timer:t0|r_reg[16] ; timer:t0|r_reg[19] ; CLOCK_50     ; CLOCK_50    ; 0.000        ; 0.081      ; 1.362      ;
; 1.095 ; timer:t0|r_reg[0]  ; timer:t0|r_reg[3]  ; CLOCK_50     ; CLOCK_50    ; 0.000        ; 0.081      ; 1.362      ;
; 1.096 ; timer:t0|r_reg[2]  ; timer:t0|r_reg[5]  ; CLOCK_50     ; CLOCK_50    ; 0.000        ; 0.081      ; 1.363      ;
; 1.096 ; timer:t0|r_reg[18] ; timer:t0|r_reg[21] ; CLOCK_50     ; CLOCK_50    ; 0.000        ; 0.081      ; 1.363      ;
; 1.097 ; timer:t0|r_reg[14] ; timer:t0|r_reg[17] ; CLOCK_50     ; CLOCK_50    ; 0.000        ; 0.081      ; 1.364      ;
; 1.099 ; timer:t0|r_reg[13] ; timer:t0|r_reg[16] ; CLOCK_50     ; CLOCK_50    ; 0.000        ; 0.081      ; 1.366      ;
; 1.099 ; timer:t0|r_reg[11] ; timer:t0|r_reg[14] ; CLOCK_50     ; CLOCK_50    ; 0.000        ; 0.081      ; 1.366      ;
; 1.100 ; timer:t0|r_reg[22] ; timer:t0|r_reg[25] ; CLOCK_50     ; CLOCK_50    ; 0.000        ; 0.081      ; 1.367      ;
; 1.100 ; timer:t0|r_reg[16] ; timer:t0|r_reg[20] ; CLOCK_50     ; CLOCK_50    ; 0.000        ; 0.081      ; 1.367      ;
; 1.101 ; timer:t0|r_reg[20] ; timer:t0|r_reg[23] ; CLOCK_50     ; CLOCK_50    ; 0.000        ; 0.081      ; 1.368      ;
; 1.101 ; timer:t0|r_reg[18] ; timer:t0|r_reg[22] ; CLOCK_50     ; CLOCK_50    ; 0.000        ; 0.081      ; 1.368      ;
; 1.102 ; timer:t0|r_reg[14] ; timer:t0|r_reg[18] ; CLOCK_50     ; CLOCK_50    ; 0.000        ; 0.081      ; 1.369      ;
; 1.106 ; timer:t0|r_reg[20] ; timer:t0|r_reg[24] ; CLOCK_50     ; CLOCK_50    ; 0.000        ; 0.081      ; 1.373      ;
; 1.109 ; timer:t0|r_reg[12] ; timer:t0|r_reg[15] ; CLOCK_50     ; CLOCK_50    ; 0.000        ; 0.081      ; 1.376      ;
; 1.114 ; timer:t0|r_reg[12] ; timer:t0|r_reg[16] ; CLOCK_50     ; CLOCK_50    ; 0.000        ; 0.081      ; 1.381      ;
; 1.206 ; timer:t0|r_reg[15] ; timer:t0|r_reg[19] ; CLOCK_50     ; CLOCK_50    ; 0.000        ; 0.081      ; 1.473      ;
+-------+--------------------+--------------------+--------------+-------------+--------------+------------+------------+


+--------------------------------------------------------------------------------------------------------------------------------------------------------------------------------------------------------------------------------------------------+
; Slow 1200mV 85C Model Hold: 'pll_timer_inst|altpll_component|auto_generated|pll1|clk[0]'                                                                                                                                                         ;
+-------+-----------------------------------+-----------------------------------+------------------------------------------------------------+------------------------------------------------------------+--------------+------------+------------+
; Slack ; From Node                         ; To Node                           ; Launch Clock                                               ; Latch Clock                                                ; Relationship ; Clock Skew ; Data Delay ;
+-------+-----------------------------------+-----------------------------------+------------------------------------------------------------+------------------------------------------------------------+--------------+------------+------------+
; 0.403 ; bin2bcd:bin2bcd0|bcds[1]          ; bin2bcd:bin2bcd0|bcds[1]          ; pll_timer_inst|altpll_component|auto_generated|pll1|clk[0] ; pll_timer_inst|altpll_component|auto_generated|pll1|clk[0] ; 0.000        ; 0.080      ; 0.669      ;
; 0.403 ; bin2bcd:bin2bcd0|bcds[3]          ; bin2bcd:bin2bcd0|bcds[3]          ; pll_timer_inst|altpll_component|auto_generated|pll1|clk[0] ; pll_timer_inst|altpll_component|auto_generated|pll1|clk[0] ; 0.000        ; 0.080      ; 0.669      ;
; 0.403 ; bin2bcd:bin2bcd0|bcds[2]          ; bin2bcd:bin2bcd0|bcds[2]          ; pll_timer_inst|altpll_component|auto_generated|pll1|clk[0] ; pll_timer_inst|altpll_component|auto_generated|pll1|clk[0] ; 0.000        ; 0.080      ; 0.669      ;
; 0.403 ; bin2bcd:bin2bcd2|bcds[5]          ; bin2bcd:bin2bcd2|bcds[5]          ; pll_timer_inst|altpll_component|auto_generated|pll1|clk[0] ; pll_timer_inst|altpll_component|auto_generated|pll1|clk[0] ; 0.000        ; 0.080      ; 0.669      ;
; 0.403 ; bin2bcd:bin2bcd2|bcds[6]          ; bin2bcd:bin2bcd2|bcds[6]          ; pll_timer_inst|altpll_component|auto_generated|pll1|clk[0] ; pll_timer_inst|altpll_component|auto_generated|pll1|clk[0] ; 0.000        ; 0.080      ; 0.669      ;
; 0.403 ; bin2bcd:bin2bcd0|bcds[5]          ; bin2bcd:bin2bcd0|bcds[5]          ; pll_timer_inst|altpll_component|auto_generated|pll1|clk[0] ; pll_timer_inst|altpll_component|auto_generated|pll1|clk[0] ; 0.000        ; 0.080      ; 0.669      ;
; 0.403 ; bin2bcd:bin2bcd0|bcds[6]          ; bin2bcd:bin2bcd0|bcds[6]          ; pll_timer_inst|altpll_component|auto_generated|pll1|clk[0] ; pll_timer_inst|altpll_component|auto_generated|pll1|clk[0] ; 0.000        ; 0.080      ; 0.669      ;
; 0.403 ; bin2bcd:bin2bcd0|bcds[4]          ; bin2bcd:bin2bcd0|bcds[4]          ; pll_timer_inst|altpll_component|auto_generated|pll1|clk[0] ; pll_timer_inst|altpll_component|auto_generated|pll1|clk[0] ; 0.000        ; 0.080      ; 0.669      ;
; 0.403 ; bin2bcd:bin2bcd0|bcds[0]          ; bin2bcd:bin2bcd0|bcds[0]          ; pll_timer_inst|altpll_component|auto_generated|pll1|clk[0] ; pll_timer_inst|altpll_component|auto_generated|pll1|clk[0] ; 0.000        ; 0.080      ; 0.669      ;
; 0.403 ; bin2bcd:bin2bcd0|shift_counter[1] ; bin2bcd:bin2bcd0|shift_counter[1] ; pll_timer_inst|altpll_component|auto_generated|pll1|clk[0] ; pll_timer_inst|altpll_component|auto_generated|pll1|clk[0] ; 0.000        ; 0.080      ; 0.669      ;
; 0.403 ; bin2bcd:bin2bcd0|shift_counter[2] ; bin2bcd:bin2bcd0|shift_counter[2] ; pll_timer_inst|altpll_component|auto_generated|pll1|clk[0] ; pll_timer_inst|altpll_component|auto_generated|pll1|clk[0] ; 0.000        ; 0.080      ; 0.669      ;
; 0.404 ; bin2bcd:bin2bcd1|bcds[5]          ; bin2bcd:bin2bcd1|bcds[5]          ; pll_timer_inst|altpll_component|auto_generated|pll1|clk[0] ; pll_timer_inst|altpll_component|auto_generated|pll1|clk[0] ; 0.000        ; 0.079      ; 0.669      ;
; 0.404 ; bin2bcd:bin2bcd1|bcds[6]          ; bin2bcd:bin2bcd1|bcds[6]          ; pll_timer_inst|altpll_component|auto_generated|pll1|clk[0] ; pll_timer_inst|altpll_component|auto_generated|pll1|clk[0] ; 0.000        ; 0.079      ; 0.669      ;
; 0.404 ; bin2bcd:bin2bcd0|shift_counter[0] ; bin2bcd:bin2bcd0|shift_counter[0] ; pll_timer_inst|altpll_component|auto_generated|pll1|clk[0] ; pll_timer_inst|altpll_component|auto_generated|pll1|clk[0] ; 0.000        ; 0.079      ; 0.669      ;
; 0.405 ; bin2bcd:bin2bcd2|bcds[4]          ; bin2bcd:bin2bcd2|bcds[4]          ; pll_timer_inst|altpll_component|auto_generated|pll1|clk[0] ; pll_timer_inst|altpll_component|auto_generated|pll1|clk[0] ; 0.000        ; 0.078      ; 0.669      ;
; 0.405 ; bin2bcd:bin2bcd2|bcds[1]          ; bin2bcd:bin2bcd2|bcds[1]          ; pll_timer_inst|altpll_component|auto_generated|pll1|clk[0] ; pll_timer_inst|altpll_component|auto_generated|pll1|clk[0] ; 0.000        ; 0.078      ; 0.669      ;
; 0.405 ; bin2bcd:bin2bcd2|bcds[3]          ; bin2bcd:bin2bcd2|bcds[3]          ; pll_timer_inst|altpll_component|auto_generated|pll1|clk[0] ; pll_timer_inst|altpll_component|auto_generated|pll1|clk[0] ; 0.000        ; 0.078      ; 0.669      ;
; 0.405 ; bin2bcd:bin2bcd2|bcds[2]          ; bin2bcd:bin2bcd2|bcds[2]          ; pll_timer_inst|altpll_component|auto_generated|pll1|clk[0] ; pll_timer_inst|altpll_component|auto_generated|pll1|clk[0] ; 0.000        ; 0.078      ; 0.669      ;
; 0.405 ; bin2bcd:bin2bcd2|bcds[0]          ; bin2bcd:bin2bcd2|bcds[0]          ; pll_timer_inst|altpll_component|auto_generated|pll1|clk[0] ; pll_timer_inst|altpll_component|auto_generated|pll1|clk[0] ; 0.000        ; 0.078      ; 0.669      ;
; 0.405 ; bin2bcd:bin2bcd1|bcds[4]          ; bin2bcd:bin2bcd1|bcds[4]          ; pll_timer_inst|altpll_component|auto_generated|pll1|clk[0] ; pll_timer_inst|altpll_component|auto_generated|pll1|clk[0] ; 0.000        ; 0.078      ; 0.669      ;
; 0.405 ; bin2bcd:bin2bcd1|bcds[1]          ; bin2bcd:bin2bcd1|bcds[1]          ; pll_timer_inst|altpll_component|auto_generated|pll1|clk[0] ; pll_timer_inst|altpll_component|auto_generated|pll1|clk[0] ; 0.000        ; 0.078      ; 0.669      ;
; 0.405 ; bin2bcd:bin2bcd1|bcds[3]          ; bin2bcd:bin2bcd1|bcds[3]          ; pll_timer_inst|altpll_component|auto_generated|pll1|clk[0] ; pll_timer_inst|altpll_component|auto_generated|pll1|clk[0] ; 0.000        ; 0.078      ; 0.669      ;
; 0.405 ; bin2bcd:bin2bcd1|bcds[2]          ; bin2bcd:bin2bcd1|bcds[2]          ; pll_timer_inst|altpll_component|auto_generated|pll1|clk[0] ; pll_timer_inst|altpll_component|auto_generated|pll1|clk[0] ; 0.000        ; 0.078      ; 0.669      ;
; 0.405 ; bin2bcd:bin2bcd1|bcds[0]          ; bin2bcd:bin2bcd1|bcds[0]          ; pll_timer_inst|altpll_component|auto_generated|pll1|clk[0] ; pll_timer_inst|altpll_component|auto_generated|pll1|clk[0] ; 0.000        ; 0.078      ; 0.669      ;
; 0.405 ; bin2bcd:bin2bcd2|shift_counter[0] ; bin2bcd:bin2bcd2|shift_counter[0] ; pll_timer_inst|altpll_component|auto_generated|pll1|clk[0] ; pll_timer_inst|altpll_component|auto_generated|pll1|clk[0] ; 0.000        ; 0.078      ; 0.669      ;
; 0.405 ; bin2bcd:bin2bcd2|shift_counter[2] ; bin2bcd:bin2bcd2|shift_counter[2] ; pll_timer_inst|altpll_component|auto_generated|pll1|clk[0] ; pll_timer_inst|altpll_component|auto_generated|pll1|clk[0] ; 0.000        ; 0.078      ; 0.669      ;
; 0.420 ; bin2bcd:bin2bcd0|state.start      ; bin2bcd:bin2bcd0|state.shift      ; pll_timer_inst|altpll_component|auto_generated|pll1|clk[0] ; pll_timer_inst|altpll_component|auto_generated|pll1|clk[0] ; 0.000        ; 0.080      ; 0.686      ;
; 0.476 ; bin2bcd:bin2bcd0|bcds[6]          ; bin2bcd:bin2bcd0|bcds[7]          ; pll_timer_inst|altpll_component|auto_generated|pll1|clk[0] ; pll_timer_inst|altpll_component|auto_generated|pll1|clk[0] ; 0.000        ; 0.080      ; 0.742      ;
; 0.480 ; bin2bcd:bin2bcd2|state.done       ; bin2bcd:bin2bcd2|state.start      ; pll_timer_inst|altpll_component|auto_generated|pll1|clk[0] ; pll_timer_inst|altpll_component|auto_generated|pll1|clk[0] ; 0.000        ; 0.078      ; 0.744      ;
; 0.484 ; bin2bcd:bin2bcd2|state.done       ; bin2bcd:bin2bcd2|shift_counter[0] ; pll_timer_inst|altpll_component|auto_generated|pll1|clk[0] ; pll_timer_inst|altpll_component|auto_generated|pll1|clk[0] ; 0.000        ; 0.078      ; 0.748      ;
; 0.486 ; bin2bcd:bin2bcd2|state.done       ; bin2bcd:bin2bcd2|shift_counter[2] ; pll_timer_inst|altpll_component|auto_generated|pll1|clk[0] ; pll_timer_inst|altpll_component|auto_generated|pll1|clk[0] ; 0.000        ; 0.078      ; 0.750      ;
; 0.518 ; bin2bcd:bin2bcd2|state.shift      ; bin2bcd:bin2bcd2|binary[3]        ; pll_timer_inst|altpll_component|auto_generated|pll1|clk[0] ; pll_timer_inst|altpll_component|auto_generated|pll1|clk[0] ; 0.000        ; 0.078      ; 0.782      ;
; 0.518 ; bin2bcd:bin2bcd2|state.shift      ; bin2bcd:bin2bcd2|binary[0]        ; pll_timer_inst|altpll_component|auto_generated|pll1|clk[0] ; pll_timer_inst|altpll_component|auto_generated|pll1|clk[0] ; 0.000        ; 0.078      ; 0.782      ;
; 0.520 ; bin2bcd:bin2bcd0|state.shift      ; bin2bcd:bin2bcd1|binary[4]        ; pll_timer_inst|altpll_component|auto_generated|pll1|clk[0] ; pll_timer_inst|altpll_component|auto_generated|pll1|clk[0] ; 0.000        ; 0.080      ; 0.786      ;
; 0.521 ; bin2bcd:bin2bcd0|state.shift      ; bin2bcd:bin2bcd1|binary[1]        ; pll_timer_inst|altpll_component|auto_generated|pll1|clk[0] ; pll_timer_inst|altpll_component|auto_generated|pll1|clk[0] ; 0.000        ; 0.080      ; 0.787      ;
; 0.522 ; bin2bcd:bin2bcd2|state.shift      ; bin2bcd:bin2bcd2|binary[4]        ; pll_timer_inst|altpll_component|auto_generated|pll1|clk[0] ; pll_timer_inst|altpll_component|auto_generated|pll1|clk[0] ; 0.000        ; 0.078      ; 0.786      ;
; 0.523 ; bin2bcd:bin2bcd0|state.shift      ; bin2bcd:bin2bcd0|binary[5]        ; pll_timer_inst|altpll_component|auto_generated|pll1|clk[0] ; pll_timer_inst|altpll_component|auto_generated|pll1|clk[0] ; 0.000        ; 0.080      ; 0.789      ;
; 0.523 ; bin2bcd:bin2bcd2|state.shift      ; bin2bcd:bin2bcd2|state.done       ; pll_timer_inst|altpll_component|auto_generated|pll1|clk[0] ; pll_timer_inst|altpll_component|auto_generated|pll1|clk[0] ; 0.000        ; 0.078      ; 0.787      ;
; 0.524 ; bin2bcd:bin2bcd0|state.shift      ; bin2bcd:bin2bcd0|binary[1]        ; pll_timer_inst|altpll_component|auto_generated|pll1|clk[0] ; pll_timer_inst|altpll_component|auto_generated|pll1|clk[0] ; 0.000        ; 0.080      ; 0.790      ;
; 0.525 ; bin2bcd:bin2bcd0|state.shift      ; bin2bcd:bin2bcd1|binary[2]        ; pll_timer_inst|altpll_component|auto_generated|pll1|clk[0] ; pll_timer_inst|altpll_component|auto_generated|pll1|clk[0] ; 0.000        ; 0.080      ; 0.791      ;
; 0.525 ; bin2bcd:bin2bcd2|state.shift      ; bin2bcd:bin2bcd2|shift_counter[1] ; pll_timer_inst|altpll_component|auto_generated|pll1|clk[0] ; pll_timer_inst|altpll_component|auto_generated|pll1|clk[0] ; 0.000        ; 0.078      ; 0.789      ;
; 0.526 ; bin2bcd:bin2bcd0|state.shift      ; bin2bcd:bin2bcd0|binary[4]        ; pll_timer_inst|altpll_component|auto_generated|pll1|clk[0] ; pll_timer_inst|altpll_component|auto_generated|pll1|clk[0] ; 0.000        ; 0.080      ; 0.792      ;
; 0.526 ; bin2bcd:bin2bcd0|state.shift      ; bin2bcd:bin2bcd0|binary[2]        ; pll_timer_inst|altpll_component|auto_generated|pll1|clk[0] ; pll_timer_inst|altpll_component|auto_generated|pll1|clk[0] ; 0.000        ; 0.080      ; 0.792      ;
; 0.527 ; bin2bcd:bin2bcd0|state.shift      ; bin2bcd:bin2bcd1|binary[5]        ; pll_timer_inst|altpll_component|auto_generated|pll1|clk[0] ; pll_timer_inst|altpll_component|auto_generated|pll1|clk[0] ; 0.000        ; 0.080      ; 0.793      ;
; 0.527 ; bin2bcd:bin2bcd0|state.shift      ; bin2bcd:bin2bcd1|binary[0]        ; pll_timer_inst|altpll_component|auto_generated|pll1|clk[0] ; pll_timer_inst|altpll_component|auto_generated|pll1|clk[0] ; 0.000        ; 0.080      ; 0.793      ;
; 0.528 ; bin2bcd:bin2bcd0|state.shift      ; bin2bcd:bin2bcd1|binary[3]        ; pll_timer_inst|altpll_component|auto_generated|pll1|clk[0] ; pll_timer_inst|altpll_component|auto_generated|pll1|clk[0] ; 0.000        ; 0.080      ; 0.794      ;
; 0.528 ; bin2bcd:bin2bcd0|state.shift      ; bin2bcd:bin2bcd0|binary[0]        ; pll_timer_inst|altpll_component|auto_generated|pll1|clk[0] ; pll_timer_inst|altpll_component|auto_generated|pll1|clk[0] ; 0.000        ; 0.080      ; 0.794      ;
; 0.529 ; bin2bcd:bin2bcd0|state.shift      ; bin2bcd:bin2bcd0|binary[3]        ; pll_timer_inst|altpll_component|auto_generated|pll1|clk[0] ; pll_timer_inst|altpll_component|auto_generated|pll1|clk[0] ; 0.000        ; 0.080      ; 0.795      ;
; 0.554 ; bin2bcd:bin2bcd0|binary[0]        ; bin2bcd:bin2bcd0|binary[1]        ; pll_timer_inst|altpll_component|auto_generated|pll1|clk[0] ; pll_timer_inst|altpll_component|auto_generated|pll1|clk[0] ; 0.000        ; 0.080      ; 0.820      ;
; 0.554 ; bin2bcd:bin2bcd1|binary[2]        ; bin2bcd:bin2bcd1|binary[3]        ; pll_timer_inst|altpll_component|auto_generated|pll1|clk[0] ; pll_timer_inst|altpll_component|auto_generated|pll1|clk[0] ; 0.000        ; 0.080      ; 0.820      ;
; 0.555 ; bin2bcd:bin2bcd1|binary[4]        ; bin2bcd:bin2bcd1|binary[5]        ; pll_timer_inst|altpll_component|auto_generated|pll1|clk[0] ; pll_timer_inst|altpll_component|auto_generated|pll1|clk[0] ; 0.000        ; 0.080      ; 0.821      ;
; 0.558 ; bin2bcd:bin2bcd2|binary[1]        ; bin2bcd:bin2bcd2|binary[2]        ; pll_timer_inst|altpll_component|auto_generated|pll1|clk[0] ; pll_timer_inst|altpll_component|auto_generated|pll1|clk[0] ; 0.000        ; 0.078      ; 0.822      ;
; 0.570 ; bin2bcd:bin2bcd2|binary[0]        ; bin2bcd:bin2bcd2|binary[1]        ; pll_timer_inst|altpll_component|auto_generated|pll1|clk[0] ; pll_timer_inst|altpll_component|auto_generated|pll1|clk[0] ; 0.000        ; 0.078      ; 0.834      ;
; 0.617 ; bin2bcd:bin2bcd0|bcds[3]          ; bin2bcd:bin2bcd0|bcds_out_reg[3]  ; pll_timer_inst|altpll_component|auto_generated|pll1|clk[0] ; pll_timer_inst|altpll_component|auto_generated|pll1|clk[0] ; 0.000        ; 0.080      ; 0.883      ;
; 0.617 ; bin2bcd:bin2bcd2|binary[0]        ; bin2bcd:bin2bcd2|binary[0]        ; pll_timer_inst|altpll_component|auto_generated|pll1|clk[0] ; pll_timer_inst|altpll_component|auto_generated|pll1|clk[0] ; 0.000        ; 0.078      ; 0.881      ;
; 0.622 ; bin2bcd:bin2bcd2|bcds[7]          ; bin2bcd:bin2bcd2|bcds_out_reg[7]  ; pll_timer_inst|altpll_component|auto_generated|pll1|clk[0] ; pll_timer_inst|altpll_component|auto_generated|pll1|clk[0] ; 0.000        ; 0.080      ; 0.888      ;
; 0.625 ; bin2bcd:bin2bcd1|bcds[1]          ; bin2bcd:bin2bcd1|bcds_out_reg[1]  ; pll_timer_inst|altpll_component|auto_generated|pll1|clk[0] ; pll_timer_inst|altpll_component|auto_generated|pll1|clk[0] ; 0.000        ; 0.078      ; 0.889      ;
; 0.634 ; bin2bcd:bin2bcd1|bcds[5]          ; bin2bcd:bin2bcd1|bcds_out_reg[5]  ; pll_timer_inst|altpll_component|auto_generated|pll1|clk[0] ; pll_timer_inst|altpll_component|auto_generated|pll1|clk[0] ; 0.000        ; 0.079      ; 0.899      ;
; 0.637 ; bin2bcd:bin2bcd0|bcds[1]          ; bin2bcd:bin2bcd0|bcds_out_reg[1]  ; pll_timer_inst|altpll_component|auto_generated|pll1|clk[0] ; pll_timer_inst|altpll_component|auto_generated|pll1|clk[0] ; 0.000        ; 0.080      ; 0.903      ;
; 0.637 ; bin2bcd:bin2bcd0|binary[2]        ; bin2bcd:bin2bcd0|binary[3]        ; pll_timer_inst|altpll_component|auto_generated|pll1|clk[0] ; pll_timer_inst|altpll_component|auto_generated|pll1|clk[0] ; 0.000        ; 0.080      ; 0.903      ;
; 0.638 ; bin2bcd:bin2bcd0|binary[4]        ; bin2bcd:bin2bcd0|binary[5]        ; pll_timer_inst|altpll_component|auto_generated|pll1|clk[0] ; pll_timer_inst|altpll_component|auto_generated|pll1|clk[0] ; 0.000        ; 0.080      ; 0.904      ;
; 0.638 ; bin2bcd:bin2bcd1|binary[1]        ; bin2bcd:bin2bcd1|binary[2]        ; pll_timer_inst|altpll_component|auto_generated|pll1|clk[0] ; pll_timer_inst|altpll_component|auto_generated|pll1|clk[0] ; 0.000        ; 0.080      ; 0.904      ;
; 0.639 ; bin2bcd:bin2bcd1|binary[0]        ; bin2bcd:bin2bcd1|binary[1]        ; pll_timer_inst|altpll_component|auto_generated|pll1|clk[0] ; pll_timer_inst|altpll_component|auto_generated|pll1|clk[0] ; 0.000        ; 0.080      ; 0.905      ;
; 0.639 ; bin2bcd:bin2bcd0|binary[3]        ; bin2bcd:bin2bcd0|binary[4]        ; pll_timer_inst|altpll_component|auto_generated|pll1|clk[0] ; pll_timer_inst|altpll_component|auto_generated|pll1|clk[0] ; 0.000        ; 0.080      ; 0.905      ;
; 0.640 ; bin2bcd:bin2bcd0|state.done       ; bin2bcd:bin2bcd0|bcds[4]          ; pll_timer_inst|altpll_component|auto_generated|pll1|clk[0] ; pll_timer_inst|altpll_component|auto_generated|pll1|clk[0] ; 0.000        ; 0.080      ; 0.906      ;
; 0.640 ; bin2bcd:bin2bcd2|binary[2]        ; bin2bcd:bin2bcd2|binary[3]        ; pll_timer_inst|altpll_component|auto_generated|pll1|clk[0] ; pll_timer_inst|altpll_component|auto_generated|pll1|clk[0] ; 0.000        ; 0.078      ; 0.904      ;
; 0.640 ; bin2bcd:bin2bcd2|binary[3]        ; bin2bcd:bin2bcd2|binary[4]        ; pll_timer_inst|altpll_component|auto_generated|pll1|clk[0] ; pll_timer_inst|altpll_component|auto_generated|pll1|clk[0] ; 0.000        ; 0.078      ; 0.904      ;
; 0.640 ; bin2bcd:bin2bcd0|binary[1]        ; bin2bcd:bin2bcd0|binary[2]        ; pll_timer_inst|altpll_component|auto_generated|pll1|clk[0] ; pll_timer_inst|altpll_component|auto_generated|pll1|clk[0] ; 0.000        ; 0.080      ; 0.906      ;
; 0.643 ; bin2bcd:bin2bcd1|binary[3]        ; bin2bcd:bin2bcd1|binary[4]        ; pll_timer_inst|altpll_component|auto_generated|pll1|clk[0] ; pll_timer_inst|altpll_component|auto_generated|pll1|clk[0] ; 0.000        ; 0.080      ; 0.909      ;
; 0.644 ; bin2bcd:bin2bcd0|state.done       ; bin2bcd:bin2bcd0|shift_counter[2] ; pll_timer_inst|altpll_component|auto_generated|pll1|clk[0] ; pll_timer_inst|altpll_component|auto_generated|pll1|clk[0] ; 0.000        ; 0.080      ; 0.910      ;
; 0.647 ; bin2bcd:bin2bcd1|bcds[6]          ; bin2bcd:bin2bcd1|bcds_out_reg[6]  ; pll_timer_inst|altpll_component|auto_generated|pll1|clk[0] ; pll_timer_inst|altpll_component|auto_generated|pll1|clk[0] ; 0.000        ; 0.079      ; 0.912      ;
; 0.651 ; bin2bcd:bin2bcd0|shift_counter[2] ; bin2bcd:bin2bcd0|state.done       ; pll_timer_inst|altpll_component|auto_generated|pll1|clk[0] ; pll_timer_inst|altpll_component|auto_generated|pll1|clk[0] ; 0.000        ; 0.080      ; 0.917      ;
; 0.661 ; bin2bcd:bin2bcd0|shift_counter[1] ; bin2bcd:bin2bcd0|state.done       ; pll_timer_inst|altpll_component|auto_generated|pll1|clk[0] ; pll_timer_inst|altpll_component|auto_generated|pll1|clk[0] ; 0.000        ; 0.080      ; 0.927      ;
; 0.667 ; bin2bcd:bin2bcd2|bcds[6]          ; bin2bcd:bin2bcd2|bcds[7]          ; pll_timer_inst|altpll_component|auto_generated|pll1|clk[0] ; pll_timer_inst|altpll_component|auto_generated|pll1|clk[0] ; 0.000        ; 0.080      ; 0.933      ;
; 0.672 ; bin2bcd:bin2bcd2|state.start      ; bin2bcd:bin2bcd2|state.shift      ; pll_timer_inst|altpll_component|auto_generated|pll1|clk[0] ; pll_timer_inst|altpll_component|auto_generated|pll1|clk[0] ; 0.000        ; 0.078      ; 0.936      ;
; 0.708 ; bin2bcd:bin2bcd2|shift_counter[0] ; bin2bcd:bin2bcd2|state.done       ; pll_timer_inst|altpll_component|auto_generated|pll1|clk[0] ; pll_timer_inst|altpll_component|auto_generated|pll1|clk[0] ; 0.000        ; 0.078      ; 0.972      ;
; 0.724 ; bin2bcd:bin2bcd2|shift_counter[1] ; bin2bcd:bin2bcd2|state.done       ; pll_timer_inst|altpll_component|auto_generated|pll1|clk[0] ; pll_timer_inst|altpll_component|auto_generated|pll1|clk[0] ; 0.000        ; 0.078      ; 0.988      ;
; 0.732 ; bin2bcd:bin2bcd1|bcds[6]          ; bin2bcd:bin2bcd1|bcds[7]          ; pll_timer_inst|altpll_component|auto_generated|pll1|clk[0] ; pll_timer_inst|altpll_component|auto_generated|pll1|clk[0] ; 0.000        ; 0.079      ; 0.997      ;
; 0.739 ; bin2bcd:bin2bcd2|state.shift      ; bin2bcd:bin2bcd2|shift_counter[2] ; pll_timer_inst|altpll_component|auto_generated|pll1|clk[0] ; pll_timer_inst|altpll_component|auto_generated|pll1|clk[0] ; 0.000        ; 0.078      ; 1.003      ;
; 0.747 ; bin2bcd:bin2bcd2|shift_counter[2] ; bin2bcd:bin2bcd2|shift_counter[1] ; pll_timer_inst|altpll_component|auto_generated|pll1|clk[0] ; pll_timer_inst|altpll_component|auto_generated|pll1|clk[0] ; 0.000        ; 0.078      ; 1.011      ;
; 0.751 ; bin2bcd:bin2bcd2|shift_counter[2] ; bin2bcd:bin2bcd2|state.done       ; pll_timer_inst|altpll_component|auto_generated|pll1|clk[0] ; pll_timer_inst|altpll_component|auto_generated|pll1|clk[0] ; 0.000        ; 0.078      ; 1.015      ;
; 0.755 ; bin2bcd:bin2bcd2|state.shift      ; bin2bcd:bin2bcd2|shift_counter[0] ; pll_timer_inst|altpll_component|auto_generated|pll1|clk[0] ; pll_timer_inst|altpll_component|auto_generated|pll1|clk[0] ; 0.000        ; 0.078      ; 1.019      ;
; 0.763 ; bin2bcd:bin2bcd2|state.shift      ; bin2bcd:bin2bcd2|binary[1]        ; pll_timer_inst|altpll_component|auto_generated|pll1|clk[0] ; pll_timer_inst|altpll_component|auto_generated|pll1|clk[0] ; 0.000        ; 0.078      ; 1.027      ;
; 0.770 ; bin2bcd:bin2bcd2|state.shift      ; bin2bcd:bin2bcd2|binary[2]        ; pll_timer_inst|altpll_component|auto_generated|pll1|clk[0] ; pll_timer_inst|altpll_component|auto_generated|pll1|clk[0] ; 0.000        ; 0.078      ; 1.034      ;
; 0.800 ; bin2bcd:bin2bcd2|bcds[3]          ; bin2bcd:bin2bcd2|bcds[1]          ; pll_timer_inst|altpll_component|auto_generated|pll1|clk[0] ; pll_timer_inst|altpll_component|auto_generated|pll1|clk[0] ; 0.000        ; 0.078      ; 1.064      ;
; 0.805 ; bin2bcd:bin2bcd2|bcds[6]          ; bin2bcd:bin2bcd2|bcds_out_reg[6]  ; pll_timer_inst|altpll_component|auto_generated|pll1|clk[0] ; pll_timer_inst|altpll_component|auto_generated|pll1|clk[0] ; 0.000        ; 0.080      ; 1.071      ;
; 0.838 ; bin2bcd:bin2bcd0|bcds[4]          ; bin2bcd:bin2bcd0|bcds_out_reg[4]  ; pll_timer_inst|altpll_component|auto_generated|pll1|clk[0] ; pll_timer_inst|altpll_component|auto_generated|pll1|clk[0] ; 0.000        ; 0.083      ; 1.107      ;
; 0.843 ; bin2bcd:bin2bcd0|bcds[5]          ; bin2bcd:bin2bcd0|bcds_out_reg[5]  ; pll_timer_inst|altpll_component|auto_generated|pll1|clk[0] ; pll_timer_inst|altpll_component|auto_generated|pll1|clk[0] ; 0.000        ; 0.083      ; 1.112      ;
; 0.863 ; bin2bcd:bin2bcd0|bcds[6]          ; bin2bcd:bin2bcd0|bcds_out_reg[6]  ; pll_timer_inst|altpll_component|auto_generated|pll1|clk[0] ; pll_timer_inst|altpll_component|auto_generated|pll1|clk[0] ; 0.000        ; 0.083      ; 1.132      ;
; 0.905 ; bin2bcd:bin2bcd1|bcds[1]          ; bin2bcd:bin2bcd1|bcds[2]          ; pll_timer_inst|altpll_component|auto_generated|pll1|clk[0] ; pll_timer_inst|altpll_component|auto_generated|pll1|clk[0] ; 0.000        ; 0.078      ; 1.169      ;
; 0.911 ; bin2bcd:bin2bcd2|state.done       ; bin2bcd:bin2bcd2|binary[0]        ; pll_timer_inst|altpll_component|auto_generated|pll1|clk[0] ; pll_timer_inst|altpll_component|auto_generated|pll1|clk[0] ; 0.000        ; 0.078      ; 1.175      ;
; 1.000 ; bin2bcd:bin2bcd0|bcds[7]          ; bin2bcd:bin2bcd0|bcds_out_reg[7]  ; pll_timer_inst|altpll_component|auto_generated|pll1|clk[0] ; pll_timer_inst|altpll_component|auto_generated|pll1|clk[0] ; 0.000        ; 0.083      ; 1.269      ;
; 1.001 ; bin2bcd:bin2bcd0|bcds[2]          ; bin2bcd:bin2bcd0|bcds_out_reg[2]  ; pll_timer_inst|altpll_component|auto_generated|pll1|clk[0] ; pll_timer_inst|altpll_component|auto_generated|pll1|clk[0] ; 0.000        ; 0.080      ; 1.267      ;
; 1.001 ; bin2bcd:bin2bcd1|bcds[2]          ; bin2bcd:bin2bcd1|bcds_out_reg[2]  ; pll_timer_inst|altpll_component|auto_generated|pll1|clk[0] ; pll_timer_inst|altpll_component|auto_generated|pll1|clk[0] ; 0.000        ; 0.078      ; 1.265      ;
; 1.002 ; bin2bcd:bin2bcd0|shift_counter[1] ; bin2bcd:bin2bcd0|shift_counter[2] ; pll_timer_inst|altpll_component|auto_generated|pll1|clk[0] ; pll_timer_inst|altpll_component|auto_generated|pll1|clk[0] ; 0.000        ; 0.080      ; 1.268      ;
; 1.018 ; bin2bcd:bin2bcd1|bcds[7]          ; bin2bcd:bin2bcd1|bcds_out_reg[7]  ; pll_timer_inst|altpll_component|auto_generated|pll1|clk[0] ; pll_timer_inst|altpll_component|auto_generated|pll1|clk[0] ; 0.000        ; 0.079      ; 1.283      ;
; 1.019 ; bin2bcd:bin2bcd0|state.done       ; bin2bcd:bin2bcd0|bcds[5]          ; pll_timer_inst|altpll_component|auto_generated|pll1|clk[0] ; pll_timer_inst|altpll_component|auto_generated|pll1|clk[0] ; 0.000        ; 0.080      ; 1.285      ;
; 1.020 ; bin2bcd:bin2bcd0|bcds[4]          ; bin2bcd:bin2bcd0|bcds[5]          ; pll_timer_inst|altpll_component|auto_generated|pll1|clk[0] ; pll_timer_inst|altpll_component|auto_generated|pll1|clk[0] ; 0.000        ; 0.080      ; 1.286      ;
; 1.020 ; bin2bcd:bin2bcd0|state.done       ; bin2bcd:bin2bcd0|bcds[6]          ; pll_timer_inst|altpll_component|auto_generated|pll1|clk[0] ; pll_timer_inst|altpll_component|auto_generated|pll1|clk[0] ; 0.000        ; 0.080      ; 1.286      ;
; 1.023 ; bin2bcd:bin2bcd2|bcds[3]          ; bin2bcd:bin2bcd2|bcds[4]          ; pll_timer_inst|altpll_component|auto_generated|pll1|clk[0] ; pll_timer_inst|altpll_component|auto_generated|pll1|clk[0] ; 0.000        ; 0.078      ; 1.287      ;
+-------+-----------------------------------+-----------------------------------+------------------------------------------------------------+------------------------------------------------------------+--------------+------------+------------+


+-----------------------------------------------------------------------------------------------------------------------------------------------------------------------------+
; Slow 1200mV 85C Model Recovery: 'pll_timer_inst|altpll_component|auto_generated|pll1|clk[0]'                                                                                ;
+--------+-----------+-----------------------------------+--------------+------------------------------------------------------------+--------------+------------+------------+
; Slack  ; From Node ; To Node                           ; Launch Clock ; Latch Clock                                                ; Relationship ; Clock Skew ; Data Delay ;
+--------+-----------+-----------------------------------+--------------+------------------------------------------------------------+--------------+------------+------------+
; 2.748  ; KEY[0]    ; bin2bcd:bin2bcd2|bcds_out_reg[4]  ; CLOCK_50     ; pll_timer_inst|altpll_component|auto_generated|pll1|clk[0] ; 10.000       ; -0.173     ; 7.027      ;
; 2.748  ; KEY[0]    ; bin2bcd:bin2bcd2|bcds[7]          ; CLOCK_50     ; pll_timer_inst|altpll_component|auto_generated|pll1|clk[0] ; 10.000       ; -0.173     ; 7.027      ;
; 2.748  ; KEY[0]    ; bin2bcd:bin2bcd2|bcds[6]          ; CLOCK_50     ; pll_timer_inst|altpll_component|auto_generated|pll1|clk[0] ; 10.000       ; -0.173     ; 7.027      ;
; 2.748  ; KEY[0]    ; bin2bcd:bin2bcd2|bcds[5]          ; CLOCK_50     ; pll_timer_inst|altpll_component|auto_generated|pll1|clk[0] ; 10.000       ; -0.173     ; 7.027      ;
; 2.748  ; KEY[0]    ; bin2bcd:bin2bcd2|bcds_out_reg[5]  ; CLOCK_50     ; pll_timer_inst|altpll_component|auto_generated|pll1|clk[0] ; 10.000       ; -0.173     ; 7.027      ;
; 2.748  ; KEY[0]    ; bin2bcd:bin2bcd2|bcds_out_reg[6]  ; CLOCK_50     ; pll_timer_inst|altpll_component|auto_generated|pll1|clk[0] ; 10.000       ; -0.173     ; 7.027      ;
; 2.748  ; KEY[0]    ; bin2bcd:bin2bcd2|bcds_out_reg[7]  ; CLOCK_50     ; pll_timer_inst|altpll_component|auto_generated|pll1|clk[0] ; 10.000       ; -0.173     ; 7.027      ;
; 2.972  ; KEY[0]    ; bin2bcd:bin2bcd2|bcds_out_reg[0]  ; CLOCK_50     ; pll_timer_inst|altpll_component|auto_generated|pll1|clk[0] ; 10.000       ; -0.163     ; 6.813      ;
; 2.972  ; KEY[0]    ; bin2bcd:bin2bcd2|bcds_out_reg[1]  ; CLOCK_50     ; pll_timer_inst|altpll_component|auto_generated|pll1|clk[0] ; 10.000       ; -0.163     ; 6.813      ;
; 2.972  ; KEY[0]    ; bin2bcd:bin2bcd2|bcds_out_reg[2]  ; CLOCK_50     ; pll_timer_inst|altpll_component|auto_generated|pll1|clk[0] ; 10.000       ; -0.163     ; 6.813      ;
; 2.972  ; KEY[0]    ; bin2bcd:bin2bcd2|bcds_out_reg[3]  ; CLOCK_50     ; pll_timer_inst|altpll_component|auto_generated|pll1|clk[0] ; 10.000       ; -0.163     ; 6.813      ;
; 3.201  ; KEY[0]    ; bin2bcd:bin2bcd2|bcds[0]          ; CLOCK_50     ; pll_timer_inst|altpll_component|auto_generated|pll1|clk[0] ; 10.000       ; -0.189     ; 6.558      ;
; 3.201  ; KEY[0]    ; bin2bcd:bin2bcd2|bcds[2]          ; CLOCK_50     ; pll_timer_inst|altpll_component|auto_generated|pll1|clk[0] ; 10.000       ; -0.189     ; 6.558      ;
; 3.201  ; KEY[0]    ; bin2bcd:bin2bcd2|bcds[3]          ; CLOCK_50     ; pll_timer_inst|altpll_component|auto_generated|pll1|clk[0] ; 10.000       ; -0.189     ; 6.558      ;
; 3.201  ; KEY[0]    ; bin2bcd:bin2bcd2|bcds[1]          ; CLOCK_50     ; pll_timer_inst|altpll_component|auto_generated|pll1|clk[0] ; 10.000       ; -0.189     ; 6.558      ;
; 3.201  ; KEY[0]    ; bin2bcd:bin2bcd2|bcds[4]          ; CLOCK_50     ; pll_timer_inst|altpll_component|auto_generated|pll1|clk[0] ; 10.000       ; -0.189     ; 6.558      ;
; 3.326  ; KEY[0]    ; bin2bcd:bin2bcd2|shift_counter[0] ; CLOCK_50     ; pll_timer_inst|altpll_component|auto_generated|pll1|clk[0] ; 10.000       ; -0.190     ; 6.432      ;
; 3.326  ; KEY[0]    ; bin2bcd:bin2bcd2|shift_counter[1] ; CLOCK_50     ; pll_timer_inst|altpll_component|auto_generated|pll1|clk[0] ; 10.000       ; -0.190     ; 6.432      ;
; 3.326  ; KEY[0]    ; bin2bcd:bin2bcd2|shift_counter[2] ; CLOCK_50     ; pll_timer_inst|altpll_component|auto_generated|pll1|clk[0] ; 10.000       ; -0.190     ; 6.432      ;
; 3.326  ; KEY[0]    ; bin2bcd:bin2bcd2|state.start      ; CLOCK_50     ; pll_timer_inst|altpll_component|auto_generated|pll1|clk[0] ; 10.000       ; -0.190     ; 6.432      ;
; 3.326  ; KEY[0]    ; bin2bcd:bin2bcd2|state.shift      ; CLOCK_50     ; pll_timer_inst|altpll_component|auto_generated|pll1|clk[0] ; 10.000       ; -0.190     ; 6.432      ;
; 3.326  ; KEY[0]    ; bin2bcd:bin2bcd2|state.done       ; CLOCK_50     ; pll_timer_inst|altpll_component|auto_generated|pll1|clk[0] ; 10.000       ; -0.190     ; 6.432      ;
; 3.326  ; KEY[0]    ; bin2bcd:bin2bcd2|binary[0]        ; CLOCK_50     ; pll_timer_inst|altpll_component|auto_generated|pll1|clk[0] ; 10.000       ; -0.190     ; 6.432      ;
; 3.326  ; KEY[0]    ; bin2bcd:bin2bcd2|binary[1]        ; CLOCK_50     ; pll_timer_inst|altpll_component|auto_generated|pll1|clk[0] ; 10.000       ; -0.190     ; 6.432      ;
; 3.326  ; KEY[0]    ; bin2bcd:bin2bcd2|binary[2]        ; CLOCK_50     ; pll_timer_inst|altpll_component|auto_generated|pll1|clk[0] ; 10.000       ; -0.190     ; 6.432      ;
; 3.326  ; KEY[0]    ; bin2bcd:bin2bcd2|binary[3]        ; CLOCK_50     ; pll_timer_inst|altpll_component|auto_generated|pll1|clk[0] ; 10.000       ; -0.190     ; 6.432      ;
; 3.326  ; KEY[0]    ; bin2bcd:bin2bcd2|binary[4]        ; CLOCK_50     ; pll_timer_inst|altpll_component|auto_generated|pll1|clk[0] ; 10.000       ; -0.190     ; 6.432      ;
; 3.716  ; KEY[0]    ; bin2bcd:bin2bcd1|bcds_out_reg[0]  ; CLOCK_50     ; pll_timer_inst|altpll_component|auto_generated|pll1|clk[0] ; 10.000       ; -0.207     ; 6.025      ;
; 3.716  ; KEY[0]    ; bin2bcd:bin2bcd1|bcds[2]          ; CLOCK_50     ; pll_timer_inst|altpll_component|auto_generated|pll1|clk[0] ; 10.000       ; -0.207     ; 6.025      ;
; 3.716  ; KEY[0]    ; bin2bcd:bin2bcd1|bcds[1]          ; CLOCK_50     ; pll_timer_inst|altpll_component|auto_generated|pll1|clk[0] ; 10.000       ; -0.207     ; 6.025      ;
; 3.716  ; KEY[0]    ; bin2bcd:bin2bcd1|bcds_out_reg[1]  ; CLOCK_50     ; pll_timer_inst|altpll_component|auto_generated|pll1|clk[0] ; 10.000       ; -0.207     ; 6.025      ;
; 3.716  ; KEY[0]    ; bin2bcd:bin2bcd1|bcds_out_reg[2]  ; CLOCK_50     ; pll_timer_inst|altpll_component|auto_generated|pll1|clk[0] ; 10.000       ; -0.207     ; 6.025      ;
; 3.716  ; KEY[0]    ; bin2bcd:bin2bcd1|bcds_out_reg[3]  ; CLOCK_50     ; pll_timer_inst|altpll_component|auto_generated|pll1|clk[0] ; 10.000       ; -0.207     ; 6.025      ;
; 3.716  ; KEY[0]    ; bin2bcd:bin2bcd1|bcds[4]          ; CLOCK_50     ; pll_timer_inst|altpll_component|auto_generated|pll1|clk[0] ; 10.000       ; -0.207     ; 6.025      ;
; 3.763  ; KEY[0]    ; bin2bcd:bin2bcd0|shift_counter[0] ; CLOCK_50     ; pll_timer_inst|altpll_component|auto_generated|pll1|clk[0] ; 10.000       ; -0.195     ; 5.990      ;
; 3.763  ; KEY[0]    ; bin2bcd:bin2bcd1|bcds_out_reg[4]  ; CLOCK_50     ; pll_timer_inst|altpll_component|auto_generated|pll1|clk[0] ; 10.000       ; -0.195     ; 5.990      ;
; 3.763  ; KEY[0]    ; bin2bcd:bin2bcd1|bcds[6]          ; CLOCK_50     ; pll_timer_inst|altpll_component|auto_generated|pll1|clk[0] ; 10.000       ; -0.195     ; 5.990      ;
; 3.763  ; KEY[0]    ; bin2bcd:bin2bcd1|bcds[7]          ; CLOCK_50     ; pll_timer_inst|altpll_component|auto_generated|pll1|clk[0] ; 10.000       ; -0.195     ; 5.990      ;
; 3.763  ; KEY[0]    ; bin2bcd:bin2bcd1|bcds[5]          ; CLOCK_50     ; pll_timer_inst|altpll_component|auto_generated|pll1|clk[0] ; 10.000       ; -0.195     ; 5.990      ;
; 3.763  ; KEY[0]    ; bin2bcd:bin2bcd1|bcds_out_reg[5]  ; CLOCK_50     ; pll_timer_inst|altpll_component|auto_generated|pll1|clk[0] ; 10.000       ; -0.195     ; 5.990      ;
; 3.763  ; KEY[0]    ; bin2bcd:bin2bcd1|bcds_out_reg[6]  ; CLOCK_50     ; pll_timer_inst|altpll_component|auto_generated|pll1|clk[0] ; 10.000       ; -0.195     ; 5.990      ;
; 3.763  ; KEY[0]    ; bin2bcd:bin2bcd1|bcds_out_reg[7]  ; CLOCK_50     ; pll_timer_inst|altpll_component|auto_generated|pll1|clk[0] ; 10.000       ; -0.195     ; 5.990      ;
; 3.822  ; KEY[0]    ; bin2bcd:bin2bcd0|bcds_out_reg[0]  ; CLOCK_50     ; pll_timer_inst|altpll_component|auto_generated|pll1|clk[0] ; 10.000       ; -0.168     ; 5.958      ;
; 3.822  ; KEY[0]    ; bin2bcd:bin2bcd0|bcds[2]          ; CLOCK_50     ; pll_timer_inst|altpll_component|auto_generated|pll1|clk[0] ; 10.000       ; -0.168     ; 5.958      ;
; 3.822  ; KEY[0]    ; bin2bcd:bin2bcd0|bcds[3]          ; CLOCK_50     ; pll_timer_inst|altpll_component|auto_generated|pll1|clk[0] ; 10.000       ; -0.168     ; 5.958      ;
; 3.822  ; KEY[0]    ; bin2bcd:bin2bcd0|bcds[1]          ; CLOCK_50     ; pll_timer_inst|altpll_component|auto_generated|pll1|clk[0] ; 10.000       ; -0.168     ; 5.958      ;
; 3.822  ; KEY[0]    ; bin2bcd:bin2bcd0|bcds_out_reg[1]  ; CLOCK_50     ; pll_timer_inst|altpll_component|auto_generated|pll1|clk[0] ; 10.000       ; -0.168     ; 5.958      ;
; 3.822  ; KEY[0]    ; bin2bcd:bin2bcd0|bcds_out_reg[2]  ; CLOCK_50     ; pll_timer_inst|altpll_component|auto_generated|pll1|clk[0] ; 10.000       ; -0.168     ; 5.958      ;
; 3.822  ; KEY[0]    ; bin2bcd:bin2bcd0|bcds_out_reg[3]  ; CLOCK_50     ; pll_timer_inst|altpll_component|auto_generated|pll1|clk[0] ; 10.000       ; -0.168     ; 5.958      ;
; 3.897  ; KEY[0]    ; bin2bcd:bin2bcd0|shift_counter[1] ; CLOCK_50     ; pll_timer_inst|altpll_component|auto_generated|pll1|clk[0] ; 10.000       ; -0.163     ; 5.888      ;
; 3.897  ; KEY[0]    ; bin2bcd:bin2bcd0|shift_counter[2] ; CLOCK_50     ; pll_timer_inst|altpll_component|auto_generated|pll1|clk[0] ; 10.000       ; -0.163     ; 5.888      ;
; 3.897  ; KEY[0]    ; bin2bcd:bin2bcd0|state.done       ; CLOCK_50     ; pll_timer_inst|altpll_component|auto_generated|pll1|clk[0] ; 10.000       ; -0.163     ; 5.888      ;
; 3.897  ; KEY[0]    ; bin2bcd:bin2bcd0|bcds[4]          ; CLOCK_50     ; pll_timer_inst|altpll_component|auto_generated|pll1|clk[0] ; 10.000       ; -0.163     ; 5.888      ;
; 3.897  ; KEY[0]    ; bin2bcd:bin2bcd0|bcds[6]          ; CLOCK_50     ; pll_timer_inst|altpll_component|auto_generated|pll1|clk[0] ; 10.000       ; -0.163     ; 5.888      ;
; 3.897  ; KEY[0]    ; bin2bcd:bin2bcd0|bcds[7]          ; CLOCK_50     ; pll_timer_inst|altpll_component|auto_generated|pll1|clk[0] ; 10.000       ; -0.163     ; 5.888      ;
; 3.897  ; KEY[0]    ; bin2bcd:bin2bcd0|bcds[5]          ; CLOCK_50     ; pll_timer_inst|altpll_component|auto_generated|pll1|clk[0] ; 10.000       ; -0.163     ; 5.888      ;
; 3.900  ; KEY[0]    ; bin2bcd:bin2bcd1|bcds[0]          ; CLOCK_50     ; pll_timer_inst|altpll_component|auto_generated|pll1|clk[0] ; 10.000       ; -0.193     ; 5.855      ;
; 3.900  ; KEY[0]    ; bin2bcd:bin2bcd1|bcds[3]          ; CLOCK_50     ; pll_timer_inst|altpll_component|auto_generated|pll1|clk[0] ; 10.000       ; -0.193     ; 5.855      ;
; 3.924  ; KEY[0]    ; bin2bcd:bin2bcd0|state.start      ; CLOCK_50     ; pll_timer_inst|altpll_component|auto_generated|pll1|clk[0] ; 10.000       ; -0.151     ; 5.873      ;
; 3.924  ; KEY[0]    ; bin2bcd:bin2bcd0|state.shift      ; CLOCK_50     ; pll_timer_inst|altpll_component|auto_generated|pll1|clk[0] ; 10.000       ; -0.151     ; 5.873      ;
; 3.924  ; KEY[0]    ; bin2bcd:bin2bcd0|binary[0]        ; CLOCK_50     ; pll_timer_inst|altpll_component|auto_generated|pll1|clk[0] ; 10.000       ; -0.151     ; 5.873      ;
; 3.924  ; KEY[0]    ; bin2bcd:bin2bcd0|binary[1]        ; CLOCK_50     ; pll_timer_inst|altpll_component|auto_generated|pll1|clk[0] ; 10.000       ; -0.151     ; 5.873      ;
; 3.924  ; KEY[0]    ; bin2bcd:bin2bcd0|binary[2]        ; CLOCK_50     ; pll_timer_inst|altpll_component|auto_generated|pll1|clk[0] ; 10.000       ; -0.151     ; 5.873      ;
; 3.924  ; KEY[0]    ; bin2bcd:bin2bcd0|binary[3]        ; CLOCK_50     ; pll_timer_inst|altpll_component|auto_generated|pll1|clk[0] ; 10.000       ; -0.151     ; 5.873      ;
; 3.924  ; KEY[0]    ; bin2bcd:bin2bcd0|binary[4]        ; CLOCK_50     ; pll_timer_inst|altpll_component|auto_generated|pll1|clk[0] ; 10.000       ; -0.151     ; 5.873      ;
; 3.924  ; KEY[0]    ; bin2bcd:bin2bcd0|binary[5]        ; CLOCK_50     ; pll_timer_inst|altpll_component|auto_generated|pll1|clk[0] ; 10.000       ; -0.151     ; 5.873      ;
; 3.924  ; KEY[0]    ; bin2bcd:bin2bcd0|bcds[0]          ; CLOCK_50     ; pll_timer_inst|altpll_component|auto_generated|pll1|clk[0] ; 10.000       ; -0.151     ; 5.873      ;
; 3.924  ; KEY[0]    ; bin2bcd:bin2bcd1|binary[0]        ; CLOCK_50     ; pll_timer_inst|altpll_component|auto_generated|pll1|clk[0] ; 10.000       ; -0.151     ; 5.873      ;
; 3.924  ; KEY[0]    ; bin2bcd:bin2bcd1|binary[1]        ; CLOCK_50     ; pll_timer_inst|altpll_component|auto_generated|pll1|clk[0] ; 10.000       ; -0.151     ; 5.873      ;
; 3.924  ; KEY[0]    ; bin2bcd:bin2bcd1|binary[2]        ; CLOCK_50     ; pll_timer_inst|altpll_component|auto_generated|pll1|clk[0] ; 10.000       ; -0.151     ; 5.873      ;
; 3.924  ; KEY[0]    ; bin2bcd:bin2bcd1|binary[3]        ; CLOCK_50     ; pll_timer_inst|altpll_component|auto_generated|pll1|clk[0] ; 10.000       ; -0.151     ; 5.873      ;
; 3.924  ; KEY[0]    ; bin2bcd:bin2bcd1|binary[4]        ; CLOCK_50     ; pll_timer_inst|altpll_component|auto_generated|pll1|clk[0] ; 10.000       ; -0.151     ; 5.873      ;
; 3.924  ; KEY[0]    ; bin2bcd:bin2bcd1|binary[5]        ; CLOCK_50     ; pll_timer_inst|altpll_component|auto_generated|pll1|clk[0] ; 10.000       ; -0.151     ; 5.873      ;
; 4.147  ; KEY[0]    ; bin2bcd:bin2bcd0|bcds_out_reg[4]  ; CLOCK_50     ; pll_timer_inst|altpll_component|auto_generated|pll1|clk[0] ; 10.000       ; -0.160     ; 5.641      ;
; 4.147  ; KEY[0]    ; bin2bcd:bin2bcd0|bcds_out_reg[5]  ; CLOCK_50     ; pll_timer_inst|altpll_component|auto_generated|pll1|clk[0] ; 10.000       ; -0.160     ; 5.641      ;
; 4.147  ; KEY[0]    ; bin2bcd:bin2bcd0|bcds_out_reg[6]  ; CLOCK_50     ; pll_timer_inst|altpll_component|auto_generated|pll1|clk[0] ; 10.000       ; -0.160     ; 5.641      ;
; 4.147  ; KEY[0]    ; bin2bcd:bin2bcd0|bcds_out_reg[7]  ; CLOCK_50     ; pll_timer_inst|altpll_component|auto_generated|pll1|clk[0] ; 10.000       ; -0.160     ; 5.641      ;
; 13.172 ; KEY[0]    ; bin2bcd:bin2bcd2|bcds_out_reg[4]  ; CLOCK_50     ; pll_timer_inst|altpll_component|auto_generated|pll1|clk[0] ; 20.000       ; -0.173     ; 6.603      ;
; 13.172 ; KEY[0]    ; bin2bcd:bin2bcd2|bcds[7]          ; CLOCK_50     ; pll_timer_inst|altpll_component|auto_generated|pll1|clk[0] ; 20.000       ; -0.173     ; 6.603      ;
; 13.172 ; KEY[0]    ; bin2bcd:bin2bcd2|bcds[6]          ; CLOCK_50     ; pll_timer_inst|altpll_component|auto_generated|pll1|clk[0] ; 20.000       ; -0.173     ; 6.603      ;
; 13.172 ; KEY[0]    ; bin2bcd:bin2bcd2|bcds[5]          ; CLOCK_50     ; pll_timer_inst|altpll_component|auto_generated|pll1|clk[0] ; 20.000       ; -0.173     ; 6.603      ;
; 13.172 ; KEY[0]    ; bin2bcd:bin2bcd2|bcds_out_reg[5]  ; CLOCK_50     ; pll_timer_inst|altpll_component|auto_generated|pll1|clk[0] ; 20.000       ; -0.173     ; 6.603      ;
; 13.172 ; KEY[0]    ; bin2bcd:bin2bcd2|bcds_out_reg[6]  ; CLOCK_50     ; pll_timer_inst|altpll_component|auto_generated|pll1|clk[0] ; 20.000       ; -0.173     ; 6.603      ;
; 13.172 ; KEY[0]    ; bin2bcd:bin2bcd2|bcds_out_reg[7]  ; CLOCK_50     ; pll_timer_inst|altpll_component|auto_generated|pll1|clk[0] ; 20.000       ; -0.173     ; 6.603      ;
; 13.412 ; KEY[0]    ; bin2bcd:bin2bcd2|bcds_out_reg[0]  ; CLOCK_50     ; pll_timer_inst|altpll_component|auto_generated|pll1|clk[0] ; 20.000       ; -0.163     ; 6.373      ;
; 13.412 ; KEY[0]    ; bin2bcd:bin2bcd2|bcds_out_reg[1]  ; CLOCK_50     ; pll_timer_inst|altpll_component|auto_generated|pll1|clk[0] ; 20.000       ; -0.163     ; 6.373      ;
; 13.412 ; KEY[0]    ; bin2bcd:bin2bcd2|bcds_out_reg[2]  ; CLOCK_50     ; pll_timer_inst|altpll_component|auto_generated|pll1|clk[0] ; 20.000       ; -0.163     ; 6.373      ;
; 13.412 ; KEY[0]    ; bin2bcd:bin2bcd2|bcds_out_reg[3]  ; CLOCK_50     ; pll_timer_inst|altpll_component|auto_generated|pll1|clk[0] ; 20.000       ; -0.163     ; 6.373      ;
; 13.644 ; KEY[0]    ; bin2bcd:bin2bcd2|bcds[0]          ; CLOCK_50     ; pll_timer_inst|altpll_component|auto_generated|pll1|clk[0] ; 20.000       ; -0.189     ; 6.115      ;
; 13.644 ; KEY[0]    ; bin2bcd:bin2bcd2|bcds[2]          ; CLOCK_50     ; pll_timer_inst|altpll_component|auto_generated|pll1|clk[0] ; 20.000       ; -0.189     ; 6.115      ;
; 13.644 ; KEY[0]    ; bin2bcd:bin2bcd2|bcds[3]          ; CLOCK_50     ; pll_timer_inst|altpll_component|auto_generated|pll1|clk[0] ; 20.000       ; -0.189     ; 6.115      ;
; 13.644 ; KEY[0]    ; bin2bcd:bin2bcd2|bcds[1]          ; CLOCK_50     ; pll_timer_inst|altpll_component|auto_generated|pll1|clk[0] ; 20.000       ; -0.189     ; 6.115      ;
; 13.644 ; KEY[0]    ; bin2bcd:bin2bcd2|bcds[4]          ; CLOCK_50     ; pll_timer_inst|altpll_component|auto_generated|pll1|clk[0] ; 20.000       ; -0.189     ; 6.115      ;
; 13.753 ; KEY[0]    ; bin2bcd:bin2bcd2|shift_counter[0] ; CLOCK_50     ; pll_timer_inst|altpll_component|auto_generated|pll1|clk[0] ; 20.000       ; -0.190     ; 6.005      ;
; 13.753 ; KEY[0]    ; bin2bcd:bin2bcd2|shift_counter[1] ; CLOCK_50     ; pll_timer_inst|altpll_component|auto_generated|pll1|clk[0] ; 20.000       ; -0.190     ; 6.005      ;
; 13.753 ; KEY[0]    ; bin2bcd:bin2bcd2|shift_counter[2] ; CLOCK_50     ; pll_timer_inst|altpll_component|auto_generated|pll1|clk[0] ; 20.000       ; -0.190     ; 6.005      ;
; 13.753 ; KEY[0]    ; bin2bcd:bin2bcd2|state.start      ; CLOCK_50     ; pll_timer_inst|altpll_component|auto_generated|pll1|clk[0] ; 20.000       ; -0.190     ; 6.005      ;
; 13.753 ; KEY[0]    ; bin2bcd:bin2bcd2|state.shift      ; CLOCK_50     ; pll_timer_inst|altpll_component|auto_generated|pll1|clk[0] ; 20.000       ; -0.190     ; 6.005      ;
; 13.753 ; KEY[0]    ; bin2bcd:bin2bcd2|state.done       ; CLOCK_50     ; pll_timer_inst|altpll_component|auto_generated|pll1|clk[0] ; 20.000       ; -0.190     ; 6.005      ;
; 13.753 ; KEY[0]    ; bin2bcd:bin2bcd2|binary[0]        ; CLOCK_50     ; pll_timer_inst|altpll_component|auto_generated|pll1|clk[0] ; 20.000       ; -0.190     ; 6.005      ;
+--------+-----------+-----------------------------------+--------------+------------------------------------------------------------+--------------+------------+------------+


+---------------------------------------------------------------------------------------------------------------+
; Slow 1200mV 85C Model Recovery: 'CLOCK_50'                                                                    ;
+--------+-----------+--------------------+--------------+-------------+--------------+------------+------------+
; Slack  ; From Node ; To Node            ; Launch Clock ; Latch Clock ; Relationship ; Clock Skew ; Data Delay ;
+--------+-----------+--------------------+--------------+-------------+--------------+------------+------------+
; 6.730  ; KEY[0]    ; timer:t0|r_reg[0]  ; CLOCK_50     ; CLOCK_50    ; 10.000       ; 2.961      ; 6.229      ;
; 6.730  ; KEY[0]    ; timer:t0|r_reg[1]  ; CLOCK_50     ; CLOCK_50    ; 10.000       ; 2.961      ; 6.229      ;
; 6.730  ; KEY[0]    ; timer:t0|r_reg[2]  ; CLOCK_50     ; CLOCK_50    ; 10.000       ; 2.961      ; 6.229      ;
; 6.730  ; KEY[0]    ; timer:t0|r_reg[3]  ; CLOCK_50     ; CLOCK_50    ; 10.000       ; 2.961      ; 6.229      ;
; 6.730  ; KEY[0]    ; timer:t0|r_reg[5]  ; CLOCK_50     ; CLOCK_50    ; 10.000       ; 2.961      ; 6.229      ;
; 6.730  ; KEY[0]    ; timer:t0|r_reg[11] ; CLOCK_50     ; CLOCK_50    ; 10.000       ; 2.961      ; 6.229      ;
; 6.730  ; KEY[0]    ; timer:t0|r_reg[12] ; CLOCK_50     ; CLOCK_50    ; 10.000       ; 2.961      ; 6.229      ;
; 6.741  ; KEY[0]    ; timer:t0|r_reg[13] ; CLOCK_50     ; CLOCK_50    ; 10.000       ; 2.961      ; 6.218      ;
; 6.741  ; KEY[0]    ; timer:t0|r_reg[14] ; CLOCK_50     ; CLOCK_50    ; 10.000       ; 2.961      ; 6.218      ;
; 6.741  ; KEY[0]    ; timer:t0|r_reg[15] ; CLOCK_50     ; CLOCK_50    ; 10.000       ; 2.961      ; 6.218      ;
; 6.741  ; KEY[0]    ; timer:t0|r_reg[16] ; CLOCK_50     ; CLOCK_50    ; 10.000       ; 2.961      ; 6.218      ;
; 6.741  ; KEY[0]    ; timer:t0|r_reg[17] ; CLOCK_50     ; CLOCK_50    ; 10.000       ; 2.961      ; 6.218      ;
; 6.741  ; KEY[0]    ; timer:t0|r_reg[18] ; CLOCK_50     ; CLOCK_50    ; 10.000       ; 2.961      ; 6.218      ;
; 6.741  ; KEY[0]    ; timer:t0|r_reg[19] ; CLOCK_50     ; CLOCK_50    ; 10.000       ; 2.961      ; 6.218      ;
; 6.741  ; KEY[0]    ; timer:t0|r_reg[20] ; CLOCK_50     ; CLOCK_50    ; 10.000       ; 2.961      ; 6.218      ;
; 6.741  ; KEY[0]    ; timer:t0|r_reg[21] ; CLOCK_50     ; CLOCK_50    ; 10.000       ; 2.961      ; 6.218      ;
; 6.741  ; KEY[0]    ; timer:t0|r_reg[22] ; CLOCK_50     ; CLOCK_50    ; 10.000       ; 2.961      ; 6.218      ;
; 6.741  ; KEY[0]    ; timer:t0|r_reg[23] ; CLOCK_50     ; CLOCK_50    ; 10.000       ; 2.961      ; 6.218      ;
; 6.741  ; KEY[0]    ; timer:t0|r_reg[24] ; CLOCK_50     ; CLOCK_50    ; 10.000       ; 2.961      ; 6.218      ;
; 6.741  ; KEY[0]    ; timer:t0|r_reg[25] ; CLOCK_50     ; CLOCK_50    ; 10.000       ; 2.961      ; 6.218      ;
; 6.757  ; KEY[0]    ; timer:t0|r_reg[7]  ; CLOCK_50     ; CLOCK_50    ; 10.000       ; 2.962      ; 6.203      ;
; 6.757  ; KEY[0]    ; timer:t0|r_reg[9]  ; CLOCK_50     ; CLOCK_50    ; 10.000       ; 2.962      ; 6.203      ;
; 6.757  ; KEY[0]    ; timer:t0|r_reg[8]  ; CLOCK_50     ; CLOCK_50    ; 10.000       ; 2.962      ; 6.203      ;
; 6.757  ; KEY[0]    ; timer:t0|r_reg[6]  ; CLOCK_50     ; CLOCK_50    ; 10.000       ; 2.962      ; 6.203      ;
; 6.757  ; KEY[0]    ; timer:t0|r_reg[4]  ; CLOCK_50     ; CLOCK_50    ; 10.000       ; 2.962      ; 6.203      ;
; 6.757  ; KEY[0]    ; timer:t0|r_reg[10] ; CLOCK_50     ; CLOCK_50    ; 10.000       ; 2.962      ; 6.203      ;
; 7.056  ; KEY[0]    ; timer:t0|m_reg[1]  ; CLOCK_50     ; CLOCK_50    ; 10.000       ; 2.974      ; 5.916      ;
; 7.056  ; KEY[0]    ; timer:t0|m_reg[2]  ; CLOCK_50     ; CLOCK_50    ; 10.000       ; 2.974      ; 5.916      ;
; 7.056  ; KEY[0]    ; timer:t0|m_reg[3]  ; CLOCK_50     ; CLOCK_50    ; 10.000       ; 2.974      ; 5.916      ;
; 7.056  ; KEY[0]    ; timer:t0|m_reg[4]  ; CLOCK_50     ; CLOCK_50    ; 10.000       ; 2.974      ; 5.916      ;
; 7.056  ; KEY[0]    ; timer:t0|m_reg[5]  ; CLOCK_50     ; CLOCK_50    ; 10.000       ; 2.974      ; 5.916      ;
; 7.056  ; KEY[0]    ; timer:t0|m_reg[0]  ; CLOCK_50     ; CLOCK_50    ; 10.000       ; 2.974      ; 5.916      ;
; 7.076  ; KEY[0]    ; timer:t0|h_reg[1]  ; CLOCK_50     ; CLOCK_50    ; 10.000       ; 2.933      ; 5.855      ;
; 7.076  ; KEY[0]    ; timer:t0|h_reg[2]  ; CLOCK_50     ; CLOCK_50    ; 10.000       ; 2.933      ; 5.855      ;
; 7.076  ; KEY[0]    ; timer:t0|h_reg[3]  ; CLOCK_50     ; CLOCK_50    ; 10.000       ; 2.933      ; 5.855      ;
; 7.076  ; KEY[0]    ; timer:t0|h_reg[4]  ; CLOCK_50     ; CLOCK_50    ; 10.000       ; 2.933      ; 5.855      ;
; 7.076  ; KEY[0]    ; timer:t0|h_reg[0]  ; CLOCK_50     ; CLOCK_50    ; 10.000       ; 2.933      ; 5.855      ;
; 7.090  ; KEY[0]    ; timer:t0|s_reg[1]  ; CLOCK_50     ; CLOCK_50    ; 10.000       ; 2.976      ; 5.884      ;
; 7.090  ; KEY[0]    ; timer:t0|s_reg[2]  ; CLOCK_50     ; CLOCK_50    ; 10.000       ; 2.976      ; 5.884      ;
; 7.090  ; KEY[0]    ; timer:t0|s_reg[3]  ; CLOCK_50     ; CLOCK_50    ; 10.000       ; 2.976      ; 5.884      ;
; 7.090  ; KEY[0]    ; timer:t0|s_reg[4]  ; CLOCK_50     ; CLOCK_50    ; 10.000       ; 2.976      ; 5.884      ;
; 7.090  ; KEY[0]    ; timer:t0|s_reg[5]  ; CLOCK_50     ; CLOCK_50    ; 10.000       ; 2.976      ; 5.884      ;
; 7.090  ; KEY[0]    ; timer:t0|s_reg[0]  ; CLOCK_50     ; CLOCK_50    ; 10.000       ; 2.976      ; 5.884      ;
; 17.065 ; KEY[0]    ; timer:t0|r_reg[0]  ; CLOCK_50     ; CLOCK_50    ; 20.000       ; 2.961      ; 5.894      ;
; 17.065 ; KEY[0]    ; timer:t0|r_reg[1]  ; CLOCK_50     ; CLOCK_50    ; 20.000       ; 2.961      ; 5.894      ;
; 17.065 ; KEY[0]    ; timer:t0|r_reg[2]  ; CLOCK_50     ; CLOCK_50    ; 20.000       ; 2.961      ; 5.894      ;
; 17.065 ; KEY[0]    ; timer:t0|r_reg[3]  ; CLOCK_50     ; CLOCK_50    ; 20.000       ; 2.961      ; 5.894      ;
; 17.065 ; KEY[0]    ; timer:t0|r_reg[5]  ; CLOCK_50     ; CLOCK_50    ; 20.000       ; 2.961      ; 5.894      ;
; 17.065 ; KEY[0]    ; timer:t0|r_reg[11] ; CLOCK_50     ; CLOCK_50    ; 20.000       ; 2.961      ; 5.894      ;
; 17.065 ; KEY[0]    ; timer:t0|r_reg[12] ; CLOCK_50     ; CLOCK_50    ; 20.000       ; 2.961      ; 5.894      ;
; 17.080 ; KEY[0]    ; timer:t0|r_reg[13] ; CLOCK_50     ; CLOCK_50    ; 20.000       ; 2.961      ; 5.879      ;
; 17.080 ; KEY[0]    ; timer:t0|r_reg[14] ; CLOCK_50     ; CLOCK_50    ; 20.000       ; 2.961      ; 5.879      ;
; 17.080 ; KEY[0]    ; timer:t0|r_reg[15] ; CLOCK_50     ; CLOCK_50    ; 20.000       ; 2.961      ; 5.879      ;
; 17.080 ; KEY[0]    ; timer:t0|r_reg[16] ; CLOCK_50     ; CLOCK_50    ; 20.000       ; 2.961      ; 5.879      ;
; 17.080 ; KEY[0]    ; timer:t0|r_reg[17] ; CLOCK_50     ; CLOCK_50    ; 20.000       ; 2.961      ; 5.879      ;
; 17.080 ; KEY[0]    ; timer:t0|r_reg[18] ; CLOCK_50     ; CLOCK_50    ; 20.000       ; 2.961      ; 5.879      ;
; 17.080 ; KEY[0]    ; timer:t0|r_reg[19] ; CLOCK_50     ; CLOCK_50    ; 20.000       ; 2.961      ; 5.879      ;
; 17.080 ; KEY[0]    ; timer:t0|r_reg[20] ; CLOCK_50     ; CLOCK_50    ; 20.000       ; 2.961      ; 5.879      ;
; 17.080 ; KEY[0]    ; timer:t0|r_reg[21] ; CLOCK_50     ; CLOCK_50    ; 20.000       ; 2.961      ; 5.879      ;
; 17.080 ; KEY[0]    ; timer:t0|r_reg[22] ; CLOCK_50     ; CLOCK_50    ; 20.000       ; 2.961      ; 5.879      ;
; 17.080 ; KEY[0]    ; timer:t0|r_reg[23] ; CLOCK_50     ; CLOCK_50    ; 20.000       ; 2.961      ; 5.879      ;
; 17.080 ; KEY[0]    ; timer:t0|r_reg[24] ; CLOCK_50     ; CLOCK_50    ; 20.000       ; 2.961      ; 5.879      ;
; 17.080 ; KEY[0]    ; timer:t0|r_reg[25] ; CLOCK_50     ; CLOCK_50    ; 20.000       ; 2.961      ; 5.879      ;
; 17.099 ; KEY[0]    ; timer:t0|r_reg[7]  ; CLOCK_50     ; CLOCK_50    ; 20.000       ; 2.962      ; 5.861      ;
; 17.099 ; KEY[0]    ; timer:t0|r_reg[9]  ; CLOCK_50     ; CLOCK_50    ; 20.000       ; 2.962      ; 5.861      ;
; 17.099 ; KEY[0]    ; timer:t0|r_reg[8]  ; CLOCK_50     ; CLOCK_50    ; 20.000       ; 2.962      ; 5.861      ;
; 17.099 ; KEY[0]    ; timer:t0|r_reg[6]  ; CLOCK_50     ; CLOCK_50    ; 20.000       ; 2.962      ; 5.861      ;
; 17.099 ; KEY[0]    ; timer:t0|r_reg[4]  ; CLOCK_50     ; CLOCK_50    ; 20.000       ; 2.962      ; 5.861      ;
; 17.099 ; KEY[0]    ; timer:t0|r_reg[10] ; CLOCK_50     ; CLOCK_50    ; 20.000       ; 2.962      ; 5.861      ;
; 17.404 ; KEY[0]    ; timer:t0|m_reg[1]  ; CLOCK_50     ; CLOCK_50    ; 20.000       ; 2.974      ; 5.568      ;
; 17.404 ; KEY[0]    ; timer:t0|m_reg[2]  ; CLOCK_50     ; CLOCK_50    ; 20.000       ; 2.974      ; 5.568      ;
; 17.404 ; KEY[0]    ; timer:t0|m_reg[3]  ; CLOCK_50     ; CLOCK_50    ; 20.000       ; 2.974      ; 5.568      ;
; 17.404 ; KEY[0]    ; timer:t0|m_reg[4]  ; CLOCK_50     ; CLOCK_50    ; 20.000       ; 2.974      ; 5.568      ;
; 17.404 ; KEY[0]    ; timer:t0|m_reg[5]  ; CLOCK_50     ; CLOCK_50    ; 20.000       ; 2.974      ; 5.568      ;
; 17.404 ; KEY[0]    ; timer:t0|m_reg[0]  ; CLOCK_50     ; CLOCK_50    ; 20.000       ; 2.974      ; 5.568      ;
; 17.429 ; KEY[0]    ; timer:t0|h_reg[1]  ; CLOCK_50     ; CLOCK_50    ; 20.000       ; 2.933      ; 5.502      ;
; 17.429 ; KEY[0]    ; timer:t0|h_reg[2]  ; CLOCK_50     ; CLOCK_50    ; 20.000       ; 2.933      ; 5.502      ;
; 17.429 ; KEY[0]    ; timer:t0|h_reg[3]  ; CLOCK_50     ; CLOCK_50    ; 20.000       ; 2.933      ; 5.502      ;
; 17.429 ; KEY[0]    ; timer:t0|h_reg[4]  ; CLOCK_50     ; CLOCK_50    ; 20.000       ; 2.933      ; 5.502      ;
; 17.429 ; KEY[0]    ; timer:t0|h_reg[0]  ; CLOCK_50     ; CLOCK_50    ; 20.000       ; 2.933      ; 5.502      ;
; 17.439 ; KEY[0]    ; timer:t0|s_reg[1]  ; CLOCK_50     ; CLOCK_50    ; 20.000       ; 2.976      ; 5.535      ;
; 17.439 ; KEY[0]    ; timer:t0|s_reg[2]  ; CLOCK_50     ; CLOCK_50    ; 20.000       ; 2.976      ; 5.535      ;
; 17.439 ; KEY[0]    ; timer:t0|s_reg[3]  ; CLOCK_50     ; CLOCK_50    ; 20.000       ; 2.976      ; 5.535      ;
; 17.439 ; KEY[0]    ; timer:t0|s_reg[4]  ; CLOCK_50     ; CLOCK_50    ; 20.000       ; 2.976      ; 5.535      ;
; 17.439 ; KEY[0]    ; timer:t0|s_reg[5]  ; CLOCK_50     ; CLOCK_50    ; 20.000       ; 2.976      ; 5.535      ;
; 17.439 ; KEY[0]    ; timer:t0|s_reg[0]  ; CLOCK_50     ; CLOCK_50    ; 20.000       ; 2.976      ; 5.535      ;
+--------+-----------+--------------------+--------------+-------------+--------------+------------+------------+


+---------------------------------------------------------------------------------------------------------------+
; Slow 1200mV 85C Model Removal: 'CLOCK_50'                                                                     ;
+--------+-----------+--------------------+--------------+-------------+--------------+------------+------------+
; Slack  ; From Node ; To Node            ; Launch Clock ; Latch Clock ; Relationship ; Clock Skew ; Data Delay ;
+--------+-----------+--------------------+--------------+-------------+--------------+------------+------------+
; 2.009  ; KEY[0]    ; timer:t0|s_reg[1]  ; CLOCK_50     ; CLOCK_50    ; 0.000        ; 3.089      ; 5.284      ;
; 2.009  ; KEY[0]    ; timer:t0|s_reg[2]  ; CLOCK_50     ; CLOCK_50    ; 0.000        ; 3.089      ; 5.284      ;
; 2.009  ; KEY[0]    ; timer:t0|s_reg[3]  ; CLOCK_50     ; CLOCK_50    ; 0.000        ; 3.089      ; 5.284      ;
; 2.009  ; KEY[0]    ; timer:t0|s_reg[4]  ; CLOCK_50     ; CLOCK_50    ; 0.000        ; 3.089      ; 5.284      ;
; 2.009  ; KEY[0]    ; timer:t0|s_reg[5]  ; CLOCK_50     ; CLOCK_50    ; 0.000        ; 3.089      ; 5.284      ;
; 2.009  ; KEY[0]    ; timer:t0|s_reg[0]  ; CLOCK_50     ; CLOCK_50    ; 0.000        ; 3.089      ; 5.284      ;
; 2.023  ; KEY[0]    ; timer:t0|h_reg[1]  ; CLOCK_50     ; CLOCK_50    ; 0.000        ; 3.044      ; 5.253      ;
; 2.023  ; KEY[0]    ; timer:t0|h_reg[2]  ; CLOCK_50     ; CLOCK_50    ; 0.000        ; 3.044      ; 5.253      ;
; 2.023  ; KEY[0]    ; timer:t0|h_reg[3]  ; CLOCK_50     ; CLOCK_50    ; 0.000        ; 3.044      ; 5.253      ;
; 2.023  ; KEY[0]    ; timer:t0|h_reg[4]  ; CLOCK_50     ; CLOCK_50    ; 0.000        ; 3.044      ; 5.253      ;
; 2.023  ; KEY[0]    ; timer:t0|h_reg[0]  ; CLOCK_50     ; CLOCK_50    ; 0.000        ; 3.044      ; 5.253      ;
; 2.042  ; KEY[0]    ; timer:t0|m_reg[1]  ; CLOCK_50     ; CLOCK_50    ; 0.000        ; 3.088      ; 5.316      ;
; 2.042  ; KEY[0]    ; timer:t0|m_reg[2]  ; CLOCK_50     ; CLOCK_50    ; 0.000        ; 3.088      ; 5.316      ;
; 2.042  ; KEY[0]    ; timer:t0|m_reg[3]  ; CLOCK_50     ; CLOCK_50    ; 0.000        ; 3.088      ; 5.316      ;
; 2.042  ; KEY[0]    ; timer:t0|m_reg[4]  ; CLOCK_50     ; CLOCK_50    ; 0.000        ; 3.088      ; 5.316      ;
; 2.042  ; KEY[0]    ; timer:t0|m_reg[5]  ; CLOCK_50     ; CLOCK_50    ; 0.000        ; 3.088      ; 5.316      ;
; 2.042  ; KEY[0]    ; timer:t0|m_reg[0]  ; CLOCK_50     ; CLOCK_50    ; 0.000        ; 3.088      ; 5.316      ;
; 2.336  ; KEY[0]    ; timer:t0|r_reg[7]  ; CLOCK_50     ; CLOCK_50    ; 0.000        ; 3.075      ; 5.597      ;
; 2.336  ; KEY[0]    ; timer:t0|r_reg[9]  ; CLOCK_50     ; CLOCK_50    ; 0.000        ; 3.075      ; 5.597      ;
; 2.336  ; KEY[0]    ; timer:t0|r_reg[8]  ; CLOCK_50     ; CLOCK_50    ; 0.000        ; 3.075      ; 5.597      ;
; 2.336  ; KEY[0]    ; timer:t0|r_reg[6]  ; CLOCK_50     ; CLOCK_50    ; 0.000        ; 3.075      ; 5.597      ;
; 2.336  ; KEY[0]    ; timer:t0|r_reg[4]  ; CLOCK_50     ; CLOCK_50    ; 0.000        ; 3.075      ; 5.597      ;
; 2.336  ; KEY[0]    ; timer:t0|r_reg[10] ; CLOCK_50     ; CLOCK_50    ; 0.000        ; 3.075      ; 5.597      ;
; 2.354  ; KEY[0]    ; timer:t0|r_reg[13] ; CLOCK_50     ; CLOCK_50    ; 0.000        ; 3.074      ; 5.614      ;
; 2.354  ; KEY[0]    ; timer:t0|r_reg[14] ; CLOCK_50     ; CLOCK_50    ; 0.000        ; 3.074      ; 5.614      ;
; 2.354  ; KEY[0]    ; timer:t0|r_reg[15] ; CLOCK_50     ; CLOCK_50    ; 0.000        ; 3.074      ; 5.614      ;
; 2.354  ; KEY[0]    ; timer:t0|r_reg[16] ; CLOCK_50     ; CLOCK_50    ; 0.000        ; 3.074      ; 5.614      ;
; 2.354  ; KEY[0]    ; timer:t0|r_reg[17] ; CLOCK_50     ; CLOCK_50    ; 0.000        ; 3.074      ; 5.614      ;
; 2.354  ; KEY[0]    ; timer:t0|r_reg[18] ; CLOCK_50     ; CLOCK_50    ; 0.000        ; 3.074      ; 5.614      ;
; 2.354  ; KEY[0]    ; timer:t0|r_reg[19] ; CLOCK_50     ; CLOCK_50    ; 0.000        ; 3.074      ; 5.614      ;
; 2.354  ; KEY[0]    ; timer:t0|r_reg[20] ; CLOCK_50     ; CLOCK_50    ; 0.000        ; 3.074      ; 5.614      ;
; 2.354  ; KEY[0]    ; timer:t0|r_reg[21] ; CLOCK_50     ; CLOCK_50    ; 0.000        ; 3.074      ; 5.614      ;
; 2.354  ; KEY[0]    ; timer:t0|r_reg[22] ; CLOCK_50     ; CLOCK_50    ; 0.000        ; 3.074      ; 5.614      ;
; 2.354  ; KEY[0]    ; timer:t0|r_reg[23] ; CLOCK_50     ; CLOCK_50    ; 0.000        ; 3.074      ; 5.614      ;
; 2.354  ; KEY[0]    ; timer:t0|r_reg[24] ; CLOCK_50     ; CLOCK_50    ; 0.000        ; 3.074      ; 5.614      ;
; 2.354  ; KEY[0]    ; timer:t0|r_reg[25] ; CLOCK_50     ; CLOCK_50    ; 0.000        ; 3.074      ; 5.614      ;
; 2.369  ; KEY[0]    ; timer:t0|r_reg[0]  ; CLOCK_50     ; CLOCK_50    ; 0.000        ; 3.074      ; 5.629      ;
; 2.369  ; KEY[0]    ; timer:t0|r_reg[1]  ; CLOCK_50     ; CLOCK_50    ; 0.000        ; 3.074      ; 5.629      ;
; 2.369  ; KEY[0]    ; timer:t0|r_reg[2]  ; CLOCK_50     ; CLOCK_50    ; 0.000        ; 3.074      ; 5.629      ;
; 2.369  ; KEY[0]    ; timer:t0|r_reg[3]  ; CLOCK_50     ; CLOCK_50    ; 0.000        ; 3.074      ; 5.629      ;
; 2.369  ; KEY[0]    ; timer:t0|r_reg[5]  ; CLOCK_50     ; CLOCK_50    ; 0.000        ; 3.074      ; 5.629      ;
; 2.369  ; KEY[0]    ; timer:t0|r_reg[11] ; CLOCK_50     ; CLOCK_50    ; 0.000        ; 3.074      ; 5.629      ;
; 2.369  ; KEY[0]    ; timer:t0|r_reg[12] ; CLOCK_50     ; CLOCK_50    ; 0.000        ; 3.074      ; 5.629      ;
; 12.330 ; KEY[0]    ; timer:t0|s_reg[1]  ; CLOCK_50     ; CLOCK_50    ; -10.000      ; 3.089      ; 5.625      ;
; 12.330 ; KEY[0]    ; timer:t0|s_reg[2]  ; CLOCK_50     ; CLOCK_50    ; -10.000      ; 3.089      ; 5.625      ;
; 12.330 ; KEY[0]    ; timer:t0|s_reg[3]  ; CLOCK_50     ; CLOCK_50    ; -10.000      ; 3.089      ; 5.625      ;
; 12.330 ; KEY[0]    ; timer:t0|s_reg[4]  ; CLOCK_50     ; CLOCK_50    ; -10.000      ; 3.089      ; 5.625      ;
; 12.330 ; KEY[0]    ; timer:t0|s_reg[5]  ; CLOCK_50     ; CLOCK_50    ; -10.000      ; 3.089      ; 5.625      ;
; 12.330 ; KEY[0]    ; timer:t0|s_reg[0]  ; CLOCK_50     ; CLOCK_50    ; -10.000      ; 3.089      ; 5.625      ;
; 12.347 ; KEY[0]    ; timer:t0|h_reg[1]  ; CLOCK_50     ; CLOCK_50    ; -10.000      ; 3.044      ; 5.597      ;
; 12.347 ; KEY[0]    ; timer:t0|h_reg[2]  ; CLOCK_50     ; CLOCK_50    ; -10.000      ; 3.044      ; 5.597      ;
; 12.347 ; KEY[0]    ; timer:t0|h_reg[3]  ; CLOCK_50     ; CLOCK_50    ; -10.000      ; 3.044      ; 5.597      ;
; 12.347 ; KEY[0]    ; timer:t0|h_reg[4]  ; CLOCK_50     ; CLOCK_50    ; -10.000      ; 3.044      ; 5.597      ;
; 12.347 ; KEY[0]    ; timer:t0|h_reg[0]  ; CLOCK_50     ; CLOCK_50    ; -10.000      ; 3.044      ; 5.597      ;
; 12.362 ; KEY[0]    ; timer:t0|m_reg[1]  ; CLOCK_50     ; CLOCK_50    ; -10.000      ; 3.088      ; 5.656      ;
; 12.362 ; KEY[0]    ; timer:t0|m_reg[2]  ; CLOCK_50     ; CLOCK_50    ; -10.000      ; 3.088      ; 5.656      ;
; 12.362 ; KEY[0]    ; timer:t0|m_reg[3]  ; CLOCK_50     ; CLOCK_50    ; -10.000      ; 3.088      ; 5.656      ;
; 12.362 ; KEY[0]    ; timer:t0|m_reg[4]  ; CLOCK_50     ; CLOCK_50    ; -10.000      ; 3.088      ; 5.656      ;
; 12.362 ; KEY[0]    ; timer:t0|m_reg[5]  ; CLOCK_50     ; CLOCK_50    ; -10.000      ; 3.088      ; 5.656      ;
; 12.362 ; KEY[0]    ; timer:t0|m_reg[0]  ; CLOCK_50     ; CLOCK_50    ; -10.000      ; 3.088      ; 5.656      ;
; 12.650 ; KEY[0]    ; timer:t0|r_reg[7]  ; CLOCK_50     ; CLOCK_50    ; -10.000      ; 3.075      ; 5.931      ;
; 12.650 ; KEY[0]    ; timer:t0|r_reg[9]  ; CLOCK_50     ; CLOCK_50    ; -10.000      ; 3.075      ; 5.931      ;
; 12.650 ; KEY[0]    ; timer:t0|r_reg[8]  ; CLOCK_50     ; CLOCK_50    ; -10.000      ; 3.075      ; 5.931      ;
; 12.650 ; KEY[0]    ; timer:t0|r_reg[6]  ; CLOCK_50     ; CLOCK_50    ; -10.000      ; 3.075      ; 5.931      ;
; 12.650 ; KEY[0]    ; timer:t0|r_reg[4]  ; CLOCK_50     ; CLOCK_50    ; -10.000      ; 3.075      ; 5.931      ;
; 12.650 ; KEY[0]    ; timer:t0|r_reg[10] ; CLOCK_50     ; CLOCK_50    ; -10.000      ; 3.075      ; 5.931      ;
; 12.666 ; KEY[0]    ; timer:t0|r_reg[13] ; CLOCK_50     ; CLOCK_50    ; -10.000      ; 3.074      ; 5.946      ;
; 12.666 ; KEY[0]    ; timer:t0|r_reg[14] ; CLOCK_50     ; CLOCK_50    ; -10.000      ; 3.074      ; 5.946      ;
; 12.666 ; KEY[0]    ; timer:t0|r_reg[15] ; CLOCK_50     ; CLOCK_50    ; -10.000      ; 3.074      ; 5.946      ;
; 12.666 ; KEY[0]    ; timer:t0|r_reg[16] ; CLOCK_50     ; CLOCK_50    ; -10.000      ; 3.074      ; 5.946      ;
; 12.666 ; KEY[0]    ; timer:t0|r_reg[17] ; CLOCK_50     ; CLOCK_50    ; -10.000      ; 3.074      ; 5.946      ;
; 12.666 ; KEY[0]    ; timer:t0|r_reg[18] ; CLOCK_50     ; CLOCK_50    ; -10.000      ; 3.074      ; 5.946      ;
; 12.666 ; KEY[0]    ; timer:t0|r_reg[19] ; CLOCK_50     ; CLOCK_50    ; -10.000      ; 3.074      ; 5.946      ;
; 12.666 ; KEY[0]    ; timer:t0|r_reg[20] ; CLOCK_50     ; CLOCK_50    ; -10.000      ; 3.074      ; 5.946      ;
; 12.666 ; KEY[0]    ; timer:t0|r_reg[21] ; CLOCK_50     ; CLOCK_50    ; -10.000      ; 3.074      ; 5.946      ;
; 12.666 ; KEY[0]    ; timer:t0|r_reg[22] ; CLOCK_50     ; CLOCK_50    ; -10.000      ; 3.074      ; 5.946      ;
; 12.666 ; KEY[0]    ; timer:t0|r_reg[23] ; CLOCK_50     ; CLOCK_50    ; -10.000      ; 3.074      ; 5.946      ;
; 12.666 ; KEY[0]    ; timer:t0|r_reg[24] ; CLOCK_50     ; CLOCK_50    ; -10.000      ; 3.074      ; 5.946      ;
; 12.666 ; KEY[0]    ; timer:t0|r_reg[25] ; CLOCK_50     ; CLOCK_50    ; -10.000      ; 3.074      ; 5.946      ;
; 12.676 ; KEY[0]    ; timer:t0|r_reg[0]  ; CLOCK_50     ; CLOCK_50    ; -10.000      ; 3.074      ; 5.956      ;
; 12.676 ; KEY[0]    ; timer:t0|r_reg[1]  ; CLOCK_50     ; CLOCK_50    ; -10.000      ; 3.074      ; 5.956      ;
; 12.676 ; KEY[0]    ; timer:t0|r_reg[2]  ; CLOCK_50     ; CLOCK_50    ; -10.000      ; 3.074      ; 5.956      ;
; 12.676 ; KEY[0]    ; timer:t0|r_reg[3]  ; CLOCK_50     ; CLOCK_50    ; -10.000      ; 3.074      ; 5.956      ;
; 12.676 ; KEY[0]    ; timer:t0|r_reg[5]  ; CLOCK_50     ; CLOCK_50    ; -10.000      ; 3.074      ; 5.956      ;
; 12.676 ; KEY[0]    ; timer:t0|r_reg[11] ; CLOCK_50     ; CLOCK_50    ; -10.000      ; 3.074      ; 5.956      ;
; 12.676 ; KEY[0]    ; timer:t0|r_reg[12] ; CLOCK_50     ; CLOCK_50    ; -10.000      ; 3.074      ; 5.956      ;
+--------+-----------+--------------------+--------------+-------------+--------------+------------+------------+


+-----------------------------------------------------------------------------------------------------------------------------------------------------------------------------+
; Slow 1200mV 85C Model Removal: 'pll_timer_inst|altpll_component|auto_generated|pll1|clk[0]'                                                                                 ;
+--------+-----------+-----------------------------------+--------------+------------------------------------------------------------+--------------+------------+------------+
; Slack  ; From Node ; To Node                           ; Launch Clock ; Latch Clock                                                ; Relationship ; Clock Skew ; Data Delay ;
+--------+-----------+-----------------------------------+--------------+------------------------------------------------------------+--------------+------------+------------+
; 4.424  ; KEY[0]    ; bin2bcd:bin2bcd0|bcds_out_reg[4]  ; CLOCK_50     ; pll_timer_inst|altpll_component|auto_generated|pll1|clk[0] ; 0.000        ; 0.325      ; 5.035      ;
; 4.424  ; KEY[0]    ; bin2bcd:bin2bcd0|bcds_out_reg[5]  ; CLOCK_50     ; pll_timer_inst|altpll_component|auto_generated|pll1|clk[0] ; 0.000        ; 0.325      ; 5.035      ;
; 4.424  ; KEY[0]    ; bin2bcd:bin2bcd0|bcds_out_reg[6]  ; CLOCK_50     ; pll_timer_inst|altpll_component|auto_generated|pll1|clk[0] ; 0.000        ; 0.325      ; 5.035      ;
; 4.424  ; KEY[0]    ; bin2bcd:bin2bcd0|bcds_out_reg[7]  ; CLOCK_50     ; pll_timer_inst|altpll_component|auto_generated|pll1|clk[0] ; 0.000        ; 0.325      ; 5.035      ;
; 4.647  ; KEY[0]    ; bin2bcd:bin2bcd0|state.start      ; CLOCK_50     ; pll_timer_inst|altpll_component|auto_generated|pll1|clk[0] ; 0.000        ; 0.334      ; 5.267      ;
; 4.647  ; KEY[0]    ; bin2bcd:bin2bcd0|state.shift      ; CLOCK_50     ; pll_timer_inst|altpll_component|auto_generated|pll1|clk[0] ; 0.000        ; 0.334      ; 5.267      ;
; 4.647  ; KEY[0]    ; bin2bcd:bin2bcd0|binary[0]        ; CLOCK_50     ; pll_timer_inst|altpll_component|auto_generated|pll1|clk[0] ; 0.000        ; 0.334      ; 5.267      ;
; 4.647  ; KEY[0]    ; bin2bcd:bin2bcd0|binary[1]        ; CLOCK_50     ; pll_timer_inst|altpll_component|auto_generated|pll1|clk[0] ; 0.000        ; 0.334      ; 5.267      ;
; 4.647  ; KEY[0]    ; bin2bcd:bin2bcd0|binary[2]        ; CLOCK_50     ; pll_timer_inst|altpll_component|auto_generated|pll1|clk[0] ; 0.000        ; 0.334      ; 5.267      ;
; 4.647  ; KEY[0]    ; bin2bcd:bin2bcd0|binary[3]        ; CLOCK_50     ; pll_timer_inst|altpll_component|auto_generated|pll1|clk[0] ; 0.000        ; 0.334      ; 5.267      ;
; 4.647  ; KEY[0]    ; bin2bcd:bin2bcd0|binary[4]        ; CLOCK_50     ; pll_timer_inst|altpll_component|auto_generated|pll1|clk[0] ; 0.000        ; 0.334      ; 5.267      ;
; 4.647  ; KEY[0]    ; bin2bcd:bin2bcd0|binary[5]        ; CLOCK_50     ; pll_timer_inst|altpll_component|auto_generated|pll1|clk[0] ; 0.000        ; 0.334      ; 5.267      ;
; 4.647  ; KEY[0]    ; bin2bcd:bin2bcd0|bcds[0]          ; CLOCK_50     ; pll_timer_inst|altpll_component|auto_generated|pll1|clk[0] ; 0.000        ; 0.334      ; 5.267      ;
; 4.647  ; KEY[0]    ; bin2bcd:bin2bcd1|binary[0]        ; CLOCK_50     ; pll_timer_inst|altpll_component|auto_generated|pll1|clk[0] ; 0.000        ; 0.334      ; 5.267      ;
; 4.647  ; KEY[0]    ; bin2bcd:bin2bcd1|binary[1]        ; CLOCK_50     ; pll_timer_inst|altpll_component|auto_generated|pll1|clk[0] ; 0.000        ; 0.334      ; 5.267      ;
; 4.647  ; KEY[0]    ; bin2bcd:bin2bcd1|binary[2]        ; CLOCK_50     ; pll_timer_inst|altpll_component|auto_generated|pll1|clk[0] ; 0.000        ; 0.334      ; 5.267      ;
; 4.647  ; KEY[0]    ; bin2bcd:bin2bcd1|binary[3]        ; CLOCK_50     ; pll_timer_inst|altpll_component|auto_generated|pll1|clk[0] ; 0.000        ; 0.334      ; 5.267      ;
; 4.647  ; KEY[0]    ; bin2bcd:bin2bcd1|binary[4]        ; CLOCK_50     ; pll_timer_inst|altpll_component|auto_generated|pll1|clk[0] ; 0.000        ; 0.334      ; 5.267      ;
; 4.647  ; KEY[0]    ; bin2bcd:bin2bcd1|binary[5]        ; CLOCK_50     ; pll_timer_inst|altpll_component|auto_generated|pll1|clk[0] ; 0.000        ; 0.334      ; 5.267      ;
; 4.677  ; KEY[0]    ; bin2bcd:bin2bcd1|bcds[0]          ; CLOCK_50     ; pll_timer_inst|altpll_component|auto_generated|pll1|clk[0] ; 0.000        ; 0.290      ; 5.253      ;
; 4.677  ; KEY[0]    ; bin2bcd:bin2bcd1|bcds[3]          ; CLOCK_50     ; pll_timer_inst|altpll_component|auto_generated|pll1|clk[0] ; 0.000        ; 0.290      ; 5.253      ;
; 4.681  ; KEY[0]    ; bin2bcd:bin2bcd0|shift_counter[1] ; CLOCK_50     ; pll_timer_inst|altpll_component|auto_generated|pll1|clk[0] ; 0.000        ; 0.322      ; 5.289      ;
; 4.681  ; KEY[0]    ; bin2bcd:bin2bcd0|shift_counter[2] ; CLOCK_50     ; pll_timer_inst|altpll_component|auto_generated|pll1|clk[0] ; 0.000        ; 0.322      ; 5.289      ;
; 4.681  ; KEY[0]    ; bin2bcd:bin2bcd0|state.done       ; CLOCK_50     ; pll_timer_inst|altpll_component|auto_generated|pll1|clk[0] ; 0.000        ; 0.322      ; 5.289      ;
; 4.681  ; KEY[0]    ; bin2bcd:bin2bcd0|bcds[4]          ; CLOCK_50     ; pll_timer_inst|altpll_component|auto_generated|pll1|clk[0] ; 0.000        ; 0.322      ; 5.289      ;
; 4.681  ; KEY[0]    ; bin2bcd:bin2bcd0|bcds[6]          ; CLOCK_50     ; pll_timer_inst|altpll_component|auto_generated|pll1|clk[0] ; 0.000        ; 0.322      ; 5.289      ;
; 4.681  ; KEY[0]    ; bin2bcd:bin2bcd0|bcds[7]          ; CLOCK_50     ; pll_timer_inst|altpll_component|auto_generated|pll1|clk[0] ; 0.000        ; 0.322      ; 5.289      ;
; 4.681  ; KEY[0]    ; bin2bcd:bin2bcd0|bcds[5]          ; CLOCK_50     ; pll_timer_inst|altpll_component|auto_generated|pll1|clk[0] ; 0.000        ; 0.322      ; 5.289      ;
; 4.717  ; KEY[0]    ; bin2bcd:bin2bcd0|bcds_out_reg[0]  ; CLOCK_50     ; pll_timer_inst|altpll_component|auto_generated|pll1|clk[0] ; 0.000        ; 0.317      ; 5.320      ;
; 4.717  ; KEY[0]    ; bin2bcd:bin2bcd0|bcds[2]          ; CLOCK_50     ; pll_timer_inst|altpll_component|auto_generated|pll1|clk[0] ; 0.000        ; 0.317      ; 5.320      ;
; 4.717  ; KEY[0]    ; bin2bcd:bin2bcd0|bcds[3]          ; CLOCK_50     ; pll_timer_inst|altpll_component|auto_generated|pll1|clk[0] ; 0.000        ; 0.317      ; 5.320      ;
; 4.717  ; KEY[0]    ; bin2bcd:bin2bcd0|bcds[1]          ; CLOCK_50     ; pll_timer_inst|altpll_component|auto_generated|pll1|clk[0] ; 0.000        ; 0.317      ; 5.320      ;
; 4.717  ; KEY[0]    ; bin2bcd:bin2bcd0|bcds_out_reg[1]  ; CLOCK_50     ; pll_timer_inst|altpll_component|auto_generated|pll1|clk[0] ; 0.000        ; 0.317      ; 5.320      ;
; 4.717  ; KEY[0]    ; bin2bcd:bin2bcd0|bcds_out_reg[2]  ; CLOCK_50     ; pll_timer_inst|altpll_component|auto_generated|pll1|clk[0] ; 0.000        ; 0.317      ; 5.320      ;
; 4.717  ; KEY[0]    ; bin2bcd:bin2bcd0|bcds_out_reg[3]  ; CLOCK_50     ; pll_timer_inst|altpll_component|auto_generated|pll1|clk[0] ; 0.000        ; 0.317      ; 5.320      ;
; 4.770  ; KEY[0]    ; bin2bcd:bin2bcd0|shift_counter[0] ; CLOCK_50     ; pll_timer_inst|altpll_component|auto_generated|pll1|clk[0] ; 0.000        ; 0.289      ; 5.345      ;
; 4.770  ; KEY[0]    ; bin2bcd:bin2bcd1|bcds_out_reg[4]  ; CLOCK_50     ; pll_timer_inst|altpll_component|auto_generated|pll1|clk[0] ; 0.000        ; 0.289      ; 5.345      ;
; 4.770  ; KEY[0]    ; bin2bcd:bin2bcd1|bcds[6]          ; CLOCK_50     ; pll_timer_inst|altpll_component|auto_generated|pll1|clk[0] ; 0.000        ; 0.289      ; 5.345      ;
; 4.770  ; KEY[0]    ; bin2bcd:bin2bcd1|bcds[7]          ; CLOCK_50     ; pll_timer_inst|altpll_component|auto_generated|pll1|clk[0] ; 0.000        ; 0.289      ; 5.345      ;
; 4.770  ; KEY[0]    ; bin2bcd:bin2bcd1|bcds[5]          ; CLOCK_50     ; pll_timer_inst|altpll_component|auto_generated|pll1|clk[0] ; 0.000        ; 0.289      ; 5.345      ;
; 4.770  ; KEY[0]    ; bin2bcd:bin2bcd1|bcds_out_reg[5]  ; CLOCK_50     ; pll_timer_inst|altpll_component|auto_generated|pll1|clk[0] ; 0.000        ; 0.289      ; 5.345      ;
; 4.770  ; KEY[0]    ; bin2bcd:bin2bcd1|bcds_out_reg[6]  ; CLOCK_50     ; pll_timer_inst|altpll_component|auto_generated|pll1|clk[0] ; 0.000        ; 0.289      ; 5.345      ;
; 4.770  ; KEY[0]    ; bin2bcd:bin2bcd1|bcds_out_reg[7]  ; CLOCK_50     ; pll_timer_inst|altpll_component|auto_generated|pll1|clk[0] ; 0.000        ; 0.289      ; 5.345      ;
; 4.828  ; KEY[0]    ; bin2bcd:bin2bcd1|bcds_out_reg[0]  ; CLOCK_50     ; pll_timer_inst|altpll_component|auto_generated|pll1|clk[0] ; 0.000        ; 0.276      ; 5.390      ;
; 4.828  ; KEY[0]    ; bin2bcd:bin2bcd1|bcds[2]          ; CLOCK_50     ; pll_timer_inst|altpll_component|auto_generated|pll1|clk[0] ; 0.000        ; 0.276      ; 5.390      ;
; 4.828  ; KEY[0]    ; bin2bcd:bin2bcd1|bcds[1]          ; CLOCK_50     ; pll_timer_inst|altpll_component|auto_generated|pll1|clk[0] ; 0.000        ; 0.276      ; 5.390      ;
; 4.828  ; KEY[0]    ; bin2bcd:bin2bcd1|bcds_out_reg[1]  ; CLOCK_50     ; pll_timer_inst|altpll_component|auto_generated|pll1|clk[0] ; 0.000        ; 0.276      ; 5.390      ;
; 4.828  ; KEY[0]    ; bin2bcd:bin2bcd1|bcds_out_reg[2]  ; CLOCK_50     ; pll_timer_inst|altpll_component|auto_generated|pll1|clk[0] ; 0.000        ; 0.276      ; 5.390      ;
; 4.828  ; KEY[0]    ; bin2bcd:bin2bcd1|bcds_out_reg[3]  ; CLOCK_50     ; pll_timer_inst|altpll_component|auto_generated|pll1|clk[0] ; 0.000        ; 0.276      ; 5.390      ;
; 4.828  ; KEY[0]    ; bin2bcd:bin2bcd1|bcds[4]          ; CLOCK_50     ; pll_timer_inst|altpll_component|auto_generated|pll1|clk[0] ; 0.000        ; 0.276      ; 5.390      ;
; 5.156  ; KEY[0]    ; bin2bcd:bin2bcd2|shift_counter[0] ; CLOCK_50     ; pll_timer_inst|altpll_component|auto_generated|pll1|clk[0] ; 0.000        ; 0.293      ; 5.735      ;
; 5.156  ; KEY[0]    ; bin2bcd:bin2bcd2|shift_counter[1] ; CLOCK_50     ; pll_timer_inst|altpll_component|auto_generated|pll1|clk[0] ; 0.000        ; 0.293      ; 5.735      ;
; 5.156  ; KEY[0]    ; bin2bcd:bin2bcd2|shift_counter[2] ; CLOCK_50     ; pll_timer_inst|altpll_component|auto_generated|pll1|clk[0] ; 0.000        ; 0.293      ; 5.735      ;
; 5.156  ; KEY[0]    ; bin2bcd:bin2bcd2|state.start      ; CLOCK_50     ; pll_timer_inst|altpll_component|auto_generated|pll1|clk[0] ; 0.000        ; 0.293      ; 5.735      ;
; 5.156  ; KEY[0]    ; bin2bcd:bin2bcd2|state.shift      ; CLOCK_50     ; pll_timer_inst|altpll_component|auto_generated|pll1|clk[0] ; 0.000        ; 0.293      ; 5.735      ;
; 5.156  ; KEY[0]    ; bin2bcd:bin2bcd2|state.done       ; CLOCK_50     ; pll_timer_inst|altpll_component|auto_generated|pll1|clk[0] ; 0.000        ; 0.293      ; 5.735      ;
; 5.156  ; KEY[0]    ; bin2bcd:bin2bcd2|binary[0]        ; CLOCK_50     ; pll_timer_inst|altpll_component|auto_generated|pll1|clk[0] ; 0.000        ; 0.293      ; 5.735      ;
; 5.156  ; KEY[0]    ; bin2bcd:bin2bcd2|binary[1]        ; CLOCK_50     ; pll_timer_inst|altpll_component|auto_generated|pll1|clk[0] ; 0.000        ; 0.293      ; 5.735      ;
; 5.156  ; KEY[0]    ; bin2bcd:bin2bcd2|binary[2]        ; CLOCK_50     ; pll_timer_inst|altpll_component|auto_generated|pll1|clk[0] ; 0.000        ; 0.293      ; 5.735      ;
; 5.156  ; KEY[0]    ; bin2bcd:bin2bcd2|binary[3]        ; CLOCK_50     ; pll_timer_inst|altpll_component|auto_generated|pll1|clk[0] ; 0.000        ; 0.293      ; 5.735      ;
; 5.156  ; KEY[0]    ; bin2bcd:bin2bcd2|binary[4]        ; CLOCK_50     ; pll_timer_inst|altpll_component|auto_generated|pll1|clk[0] ; 0.000        ; 0.293      ; 5.735      ;
; 5.261  ; KEY[0]    ; bin2bcd:bin2bcd2|bcds[0]          ; CLOCK_50     ; pll_timer_inst|altpll_component|auto_generated|pll1|clk[0] ; 0.000        ; 0.294      ; 5.841      ;
; 5.261  ; KEY[0]    ; bin2bcd:bin2bcd2|bcds[2]          ; CLOCK_50     ; pll_timer_inst|altpll_component|auto_generated|pll1|clk[0] ; 0.000        ; 0.294      ; 5.841      ;
; 5.261  ; KEY[0]    ; bin2bcd:bin2bcd2|bcds[3]          ; CLOCK_50     ; pll_timer_inst|altpll_component|auto_generated|pll1|clk[0] ; 0.000        ; 0.294      ; 5.841      ;
; 5.261  ; KEY[0]    ; bin2bcd:bin2bcd2|bcds[1]          ; CLOCK_50     ; pll_timer_inst|altpll_component|auto_generated|pll1|clk[0] ; 0.000        ; 0.294      ; 5.841      ;
; 5.261  ; KEY[0]    ; bin2bcd:bin2bcd2|bcds[4]          ; CLOCK_50     ; pll_timer_inst|altpll_component|auto_generated|pll1|clk[0] ; 0.000        ; 0.294      ; 5.841      ;
; 5.480  ; KEY[0]    ; bin2bcd:bin2bcd2|bcds_out_reg[0]  ; CLOCK_50     ; pll_timer_inst|altpll_component|auto_generated|pll1|clk[0] ; 0.000        ; 0.322      ; 6.088      ;
; 5.480  ; KEY[0]    ; bin2bcd:bin2bcd2|bcds_out_reg[1]  ; CLOCK_50     ; pll_timer_inst|altpll_component|auto_generated|pll1|clk[0] ; 0.000        ; 0.322      ; 6.088      ;
; 5.480  ; KEY[0]    ; bin2bcd:bin2bcd2|bcds_out_reg[2]  ; CLOCK_50     ; pll_timer_inst|altpll_component|auto_generated|pll1|clk[0] ; 0.000        ; 0.322      ; 6.088      ;
; 5.480  ; KEY[0]    ; bin2bcd:bin2bcd2|bcds_out_reg[3]  ; CLOCK_50     ; pll_timer_inst|altpll_component|auto_generated|pll1|clk[0] ; 0.000        ; 0.322      ; 6.088      ;
; 5.711  ; KEY[0]    ; bin2bcd:bin2bcd2|bcds_out_reg[4]  ; CLOCK_50     ; pll_timer_inst|altpll_component|auto_generated|pll1|clk[0] ; 0.000        ; 0.312      ; 6.309      ;
; 5.711  ; KEY[0]    ; bin2bcd:bin2bcd2|bcds[7]          ; CLOCK_50     ; pll_timer_inst|altpll_component|auto_generated|pll1|clk[0] ; 0.000        ; 0.312      ; 6.309      ;
; 5.711  ; KEY[0]    ; bin2bcd:bin2bcd2|bcds[6]          ; CLOCK_50     ; pll_timer_inst|altpll_component|auto_generated|pll1|clk[0] ; 0.000        ; 0.312      ; 6.309      ;
; 5.711  ; KEY[0]    ; bin2bcd:bin2bcd2|bcds[5]          ; CLOCK_50     ; pll_timer_inst|altpll_component|auto_generated|pll1|clk[0] ; 0.000        ; 0.312      ; 6.309      ;
; 5.711  ; KEY[0]    ; bin2bcd:bin2bcd2|bcds_out_reg[5]  ; CLOCK_50     ; pll_timer_inst|altpll_component|auto_generated|pll1|clk[0] ; 0.000        ; 0.312      ; 6.309      ;
; 5.711  ; KEY[0]    ; bin2bcd:bin2bcd2|bcds_out_reg[6]  ; CLOCK_50     ; pll_timer_inst|altpll_component|auto_generated|pll1|clk[0] ; 0.000        ; 0.312      ; 6.309      ;
; 5.711  ; KEY[0]    ; bin2bcd:bin2bcd2|bcds_out_reg[7]  ; CLOCK_50     ; pll_timer_inst|altpll_component|auto_generated|pll1|clk[0] ; 0.000        ; 0.312      ; 6.309      ;
; 14.781 ; KEY[0]    ; bin2bcd:bin2bcd0|bcds_out_reg[4]  ; CLOCK_50     ; pll_timer_inst|altpll_component|auto_generated|pll1|clk[0] ; -10.000      ; 0.325      ; 5.392      ;
; 14.781 ; KEY[0]    ; bin2bcd:bin2bcd0|bcds_out_reg[5]  ; CLOCK_50     ; pll_timer_inst|altpll_component|auto_generated|pll1|clk[0] ; -10.000      ; 0.325      ; 5.392      ;
; 14.781 ; KEY[0]    ; bin2bcd:bin2bcd0|bcds_out_reg[6]  ; CLOCK_50     ; pll_timer_inst|altpll_component|auto_generated|pll1|clk[0] ; -10.000      ; 0.325      ; 5.392      ;
; 14.781 ; KEY[0]    ; bin2bcd:bin2bcd0|bcds_out_reg[7]  ; CLOCK_50     ; pll_timer_inst|altpll_component|auto_generated|pll1|clk[0] ; -10.000      ; 0.325      ; 5.392      ;
; 14.995 ; KEY[0]    ; bin2bcd:bin2bcd0|state.start      ; CLOCK_50     ; pll_timer_inst|altpll_component|auto_generated|pll1|clk[0] ; -10.000      ; 0.334      ; 5.615      ;
; 14.995 ; KEY[0]    ; bin2bcd:bin2bcd0|state.shift      ; CLOCK_50     ; pll_timer_inst|altpll_component|auto_generated|pll1|clk[0] ; -10.000      ; 0.334      ; 5.615      ;
; 14.995 ; KEY[0]    ; bin2bcd:bin2bcd0|binary[0]        ; CLOCK_50     ; pll_timer_inst|altpll_component|auto_generated|pll1|clk[0] ; -10.000      ; 0.334      ; 5.615      ;
; 14.995 ; KEY[0]    ; bin2bcd:bin2bcd0|binary[1]        ; CLOCK_50     ; pll_timer_inst|altpll_component|auto_generated|pll1|clk[0] ; -10.000      ; 0.334      ; 5.615      ;
; 14.995 ; KEY[0]    ; bin2bcd:bin2bcd0|binary[2]        ; CLOCK_50     ; pll_timer_inst|altpll_component|auto_generated|pll1|clk[0] ; -10.000      ; 0.334      ; 5.615      ;
; 14.995 ; KEY[0]    ; bin2bcd:bin2bcd0|binary[3]        ; CLOCK_50     ; pll_timer_inst|altpll_component|auto_generated|pll1|clk[0] ; -10.000      ; 0.334      ; 5.615      ;
; 14.995 ; KEY[0]    ; bin2bcd:bin2bcd0|binary[4]        ; CLOCK_50     ; pll_timer_inst|altpll_component|auto_generated|pll1|clk[0] ; -10.000      ; 0.334      ; 5.615      ;
; 14.995 ; KEY[0]    ; bin2bcd:bin2bcd0|binary[5]        ; CLOCK_50     ; pll_timer_inst|altpll_component|auto_generated|pll1|clk[0] ; -10.000      ; 0.334      ; 5.615      ;
; 14.995 ; KEY[0]    ; bin2bcd:bin2bcd0|bcds[0]          ; CLOCK_50     ; pll_timer_inst|altpll_component|auto_generated|pll1|clk[0] ; -10.000      ; 0.334      ; 5.615      ;
; 14.995 ; KEY[0]    ; bin2bcd:bin2bcd1|binary[0]        ; CLOCK_50     ; pll_timer_inst|altpll_component|auto_generated|pll1|clk[0] ; -10.000      ; 0.334      ; 5.615      ;
; 14.995 ; KEY[0]    ; bin2bcd:bin2bcd1|binary[1]        ; CLOCK_50     ; pll_timer_inst|altpll_component|auto_generated|pll1|clk[0] ; -10.000      ; 0.334      ; 5.615      ;
; 14.995 ; KEY[0]    ; bin2bcd:bin2bcd1|binary[2]        ; CLOCK_50     ; pll_timer_inst|altpll_component|auto_generated|pll1|clk[0] ; -10.000      ; 0.334      ; 5.615      ;
; 14.995 ; KEY[0]    ; bin2bcd:bin2bcd1|binary[3]        ; CLOCK_50     ; pll_timer_inst|altpll_component|auto_generated|pll1|clk[0] ; -10.000      ; 0.334      ; 5.615      ;
; 14.995 ; KEY[0]    ; bin2bcd:bin2bcd1|binary[4]        ; CLOCK_50     ; pll_timer_inst|altpll_component|auto_generated|pll1|clk[0] ; -10.000      ; 0.334      ; 5.615      ;
; 14.995 ; KEY[0]    ; bin2bcd:bin2bcd1|binary[5]        ; CLOCK_50     ; pll_timer_inst|altpll_component|auto_generated|pll1|clk[0] ; -10.000      ; 0.334      ; 5.615      ;
; 15.021 ; KEY[0]    ; bin2bcd:bin2bcd0|shift_counter[1] ; CLOCK_50     ; pll_timer_inst|altpll_component|auto_generated|pll1|clk[0] ; -10.000      ; 0.322      ; 5.629      ;
; 15.021 ; KEY[0]    ; bin2bcd:bin2bcd0|shift_counter[2] ; CLOCK_50     ; pll_timer_inst|altpll_component|auto_generated|pll1|clk[0] ; -10.000      ; 0.322      ; 5.629      ;
; 15.021 ; KEY[0]    ; bin2bcd:bin2bcd0|state.done       ; CLOCK_50     ; pll_timer_inst|altpll_component|auto_generated|pll1|clk[0] ; -10.000      ; 0.322      ; 5.629      ;
; 15.021 ; KEY[0]    ; bin2bcd:bin2bcd0|bcds[4]          ; CLOCK_50     ; pll_timer_inst|altpll_component|auto_generated|pll1|clk[0] ; -10.000      ; 0.322      ; 5.629      ;
+--------+-----------+-----------------------------------+--------------+------------------------------------------------------------+--------------+------------+------------+


-----------------------------------------------
; Slow 1200mV 85C Model Metastability Summary ;
-----------------------------------------------
No synchronizer chains to report.


+--------------------------------------------------------------------------------------------------+
; Slow 1200mV 0C Model Fmax Summary                                                                ;
+------------+-----------------+------------------------------------------------------------+------+
; Fmax       ; Restricted Fmax ; Clock Name                                                 ; Note ;
+------------+-----------------+------------------------------------------------------------+------+
; 111.37 MHz ; 111.37 MHz      ; pll_timer_inst|altpll_component|auto_generated|pll1|clk[0] ;      ;
; 202.43 MHz ; 202.43 MHz      ; CLOCK_50                                                   ;      ;
+------------+-----------------+------------------------------------------------------------+------+
This panel reports FMAX for every clock in the design, regardless of the user-specified clock periods.  FMAX is only computed for paths where the source and destination registers or ports are driven by the same clock.  Paths of different clocks, including generated clocks, are ignored.  For paths between a clock and its inversion, FMAX is computed as if the rising and falling edges are scaled along with FMAX, such that the duty cycle (in terms of a percentage) is maintained. Altera recommends that you always use clock constraints and other slack reports for sign-off analysis.


+-------------------------------------------------------------------------------------+
; Slow 1200mV 0C Model Setup Summary                                                  ;
+------------------------------------------------------------+--------+---------------+
; Clock                                                      ; Slack  ; End Point TNS ;
+------------------------------------------------------------+--------+---------------+
; pll_timer_inst|altpll_component|auto_generated|pll1|clk[0] ; 13.366 ; 0.000         ;
; CLOCK_50                                                   ; 15.060 ; 0.000         ;
+------------------------------------------------------------+--------+---------------+


+------------------------------------------------------------------------------------+
; Slow 1200mV 0C Model Hold Summary                                                  ;
+------------------------------------------------------------+-------+---------------+
; Clock                                                      ; Slack ; End Point TNS ;
+------------------------------------------------------------+-------+---------------+
; CLOCK_50                                                   ; 0.353 ; 0.000         ;
; pll_timer_inst|altpll_component|auto_generated|pll1|clk[0] ; 0.354 ; 0.000         ;
+------------------------------------------------------------+-------+---------------+


+------------------------------------------------------------------------------------+
; Slow 1200mV 0C Model Recovery Summary                                              ;
+------------------------------------------------------------+-------+---------------+
; Clock                                                      ; Slack ; End Point TNS ;
+------------------------------------------------------------+-------+---------------+
; pll_timer_inst|altpll_component|auto_generated|pll1|clk[0] ; 3.699 ; 0.000         ;
; CLOCK_50                                                   ; 7.211 ; 0.000         ;
+------------------------------------------------------------+-------+---------------+


+------------------------------------------------------------------------------------+
; Slow 1200mV 0C Model Removal Summary                                               ;
+------------------------------------------------------------+-------+---------------+
; Clock                                                      ; Slack ; End Point TNS ;
+------------------------------------------------------------+-------+---------------+
; CLOCK_50                                                   ; 1.773 ; 0.000         ;
; pll_timer_inst|altpll_component|auto_generated|pll1|clk[0] ; 3.867 ; 0.000         ;
+------------------------------------------------------------+-------+---------------+


+-----------------------------------------------------------------------------------------+
; Slow 1200mV 0C Model Minimum Pulse Width Summary                                        ;
+------------------------------------------------------------+------------+---------------+
; Clock                                                      ; Slack      ; End Point TNS ;
+------------------------------------------------------------+------------+---------------+
; CLOCK_50                                                   ; 9.776      ; 0.000         ;
; pll_timer_inst|altpll_component|auto_generated|pll1|clk[0] ; 249999.755 ; 0.000         ;
+------------------------------------------------------------+------------+---------------+


+------------------------------------------------------------------------------------------------------------------------------------------------------------------------------------------------------------------------------------------------------+
; Slow 1200mV 0C Model Setup: 'pll_timer_inst|altpll_component|auto_generated|pll1|clk[0]'                                                                                                                                                             ;
+------------+-----------------------------------+----------------------------------+------------------------------------------------------------+------------------------------------------------------------+--------------+------------+------------+
; Slack      ; From Node                         ; To Node                          ; Launch Clock                                               ; Latch Clock                                                ; Relationship ; Clock Skew ; Data Delay ;
+------------+-----------------------------------+----------------------------------+------------------------------------------------------------+------------------------------------------------------------+--------------+------------+------------+
; 13.366     ; timer:t0|h_reg[4]                 ; bin2bcd:bin2bcd2|binary[4]       ; CLOCK_50                                                   ; pll_timer_inst|altpll_component|auto_generated|pll1|clk[0] ; 20.000       ; -2.838     ; 3.745      ;
; 13.395     ; timer:t0|h_reg[3]                 ; bin2bcd:bin2bcd2|binary[3]       ; CLOCK_50                                                   ; pll_timer_inst|altpll_component|auto_generated|pll1|clk[0] ; 20.000       ; -2.838     ; 3.716      ;
; 13.552     ; timer:t0|h_reg[0]                 ; bin2bcd:bin2bcd2|binary[0]       ; CLOCK_50                                                   ; pll_timer_inst|altpll_component|auto_generated|pll1|clk[0] ; 20.000       ; -2.838     ; 3.559      ;
; 14.365     ; timer:t0|h_reg[2]                 ; bin2bcd:bin2bcd2|binary[2]       ; CLOCK_50                                                   ; pll_timer_inst|altpll_component|auto_generated|pll1|clk[0] ; 20.000       ; -2.838     ; 2.746      ;
; 14.727     ; timer:t0|h_reg[1]                 ; bin2bcd:bin2bcd2|binary[1]       ; CLOCK_50                                                   ; pll_timer_inst|altpll_component|auto_generated|pll1|clk[0] ; 20.000       ; -2.838     ; 2.384      ;
; 15.484     ; timer:t0|s_reg[1]                 ; bin2bcd:bin2bcd0|binary[1]       ; CLOCK_50                                                   ; pll_timer_inst|altpll_component|auto_generated|pll1|clk[0] ; 20.000       ; -2.842     ; 1.623      ;
; 15.610     ; timer:t0|s_reg[5]                 ; bin2bcd:bin2bcd0|binary[5]       ; CLOCK_50                                                   ; pll_timer_inst|altpll_component|auto_generated|pll1|clk[0] ; 20.000       ; -2.842     ; 1.497      ;
; 15.633     ; timer:t0|s_reg[0]                 ; bin2bcd:bin2bcd0|binary[0]       ; CLOCK_50                                                   ; pll_timer_inst|altpll_component|auto_generated|pll1|clk[0] ; 20.000       ; -2.842     ; 1.474      ;
; 15.840     ; timer:t0|s_reg[2]                 ; bin2bcd:bin2bcd0|binary[2]       ; CLOCK_50                                                   ; pll_timer_inst|altpll_component|auto_generated|pll1|clk[0] ; 20.000       ; -2.842     ; 1.267      ;
; 15.841     ; timer:t0|s_reg[4]                 ; bin2bcd:bin2bcd0|binary[4]       ; CLOCK_50                                                   ; pll_timer_inst|altpll_component|auto_generated|pll1|clk[0] ; 20.000       ; -2.842     ; 1.266      ;
; 15.847     ; timer:t0|s_reg[3]                 ; bin2bcd:bin2bcd0|binary[3]       ; CLOCK_50                                                   ; pll_timer_inst|altpll_component|auto_generated|pll1|clk[0] ; 20.000       ; -2.842     ; 1.260      ;
; 15.887     ; timer:t0|m_reg[2]                 ; bin2bcd:bin2bcd1|binary[2]       ; CLOCK_50                                                   ; pll_timer_inst|altpll_component|auto_generated|pll1|clk[0] ; 20.000       ; -2.842     ; 1.220      ;
; 15.925     ; timer:t0|m_reg[5]                 ; bin2bcd:bin2bcd1|binary[5]       ; CLOCK_50                                                   ; pll_timer_inst|altpll_component|auto_generated|pll1|clk[0] ; 20.000       ; -2.842     ; 1.182      ;
; 15.949     ; timer:t0|m_reg[3]                 ; bin2bcd:bin2bcd1|binary[3]       ; CLOCK_50                                                   ; pll_timer_inst|altpll_component|auto_generated|pll1|clk[0] ; 20.000       ; -2.842     ; 1.158      ;
; 15.956     ; timer:t0|m_reg[1]                 ; bin2bcd:bin2bcd1|binary[1]       ; CLOCK_50                                                   ; pll_timer_inst|altpll_component|auto_generated|pll1|clk[0] ; 20.000       ; -2.842     ; 1.151      ;
; 16.090     ; timer:t0|m_reg[0]                 ; bin2bcd:bin2bcd1|binary[0]       ; CLOCK_50                                                   ; pll_timer_inst|altpll_component|auto_generated|pll1|clk[0] ; 20.000       ; -2.842     ; 1.017      ;
; 16.097     ; timer:t0|m_reg[4]                 ; bin2bcd:bin2bcd1|binary[4]       ; CLOCK_50                                                   ; pll_timer_inst|altpll_component|auto_generated|pll1|clk[0] ; 20.000       ; -2.842     ; 1.010      ;
; 499991.021 ; bin2bcd:bin2bcd0|shift_counter[0] ; bin2bcd:bin2bcd0|bcds[4]         ; pll_timer_inst|altpll_component|auto_generated|pll1|clk[0] ; pll_timer_inst|altpll_component|auto_generated|pll1|clk[0] ; 500000.000   ; -0.039     ; 8.939      ;
; 499991.508 ; bin2bcd:bin2bcd0|state.shift      ; bin2bcd:bin2bcd0|bcds[4]         ; pll_timer_inst|altpll_component|auto_generated|pll1|clk[0] ; pll_timer_inst|altpll_component|auto_generated|pll1|clk[0] ; 500000.000   ; -0.085     ; 8.406      ;
; 499992.255 ; bin2bcd:bin2bcd0|shift_counter[1] ; bin2bcd:bin2bcd0|bcds[4]         ; pll_timer_inst|altpll_component|auto_generated|pll1|clk[0] ; pll_timer_inst|altpll_component|auto_generated|pll1|clk[0] ; 500000.000   ; -0.071     ; 7.673      ;
; 499992.267 ; bin2bcd:bin2bcd0|shift_counter[2] ; bin2bcd:bin2bcd0|bcds[4]         ; pll_timer_inst|altpll_component|auto_generated|pll1|clk[0] ; pll_timer_inst|altpll_component|auto_generated|pll1|clk[0] ; 500000.000   ; -0.071     ; 7.661      ;
; 499992.559 ; bin2bcd:bin2bcd0|bcds[0]          ; bin2bcd:bin2bcd0|bcds[4]         ; pll_timer_inst|altpll_component|auto_generated|pll1|clk[0] ; pll_timer_inst|altpll_component|auto_generated|pll1|clk[0] ; 500000.000   ; -0.085     ; 7.355      ;
; 499992.880 ; bin2bcd:bin2bcd0|shift_counter[0] ; bin2bcd:bin2bcd0|bcds[3]         ; pll_timer_inst|altpll_component|auto_generated|pll1|clk[0] ; pll_timer_inst|altpll_component|auto_generated|pll1|clk[0] ; 500000.000   ; -0.064     ; 7.055      ;
; 499993.146 ; bin2bcd:bin2bcd0|shift_counter[0] ; bin2bcd:bin2bcd0|bcds[1]         ; pll_timer_inst|altpll_component|auto_generated|pll1|clk[0] ; pll_timer_inst|altpll_component|auto_generated|pll1|clk[0] ; 500000.000   ; -0.064     ; 6.789      ;
; 499993.277 ; bin2bcd:bin2bcd0|shift_counter[0] ; bin2bcd:bin2bcd0|bcds[2]         ; pll_timer_inst|altpll_component|auto_generated|pll1|clk[0] ; pll_timer_inst|altpll_component|auto_generated|pll1|clk[0] ; 500000.000   ; -0.064     ; 6.658      ;
; 499993.367 ; bin2bcd:bin2bcd0|state.shift      ; bin2bcd:bin2bcd0|bcds[3]         ; pll_timer_inst|altpll_component|auto_generated|pll1|clk[0] ; pll_timer_inst|altpll_component|auto_generated|pll1|clk[0] ; 500000.000   ; -0.110     ; 6.522      ;
; 499993.679 ; bin2bcd:bin2bcd0|state.shift      ; bin2bcd:bin2bcd0|bcds[1]         ; pll_timer_inst|altpll_component|auto_generated|pll1|clk[0] ; pll_timer_inst|altpll_component|auto_generated|pll1|clk[0] ; 500000.000   ; -0.110     ; 6.210      ;
; 499993.764 ; bin2bcd:bin2bcd0|state.shift      ; bin2bcd:bin2bcd0|bcds[2]         ; pll_timer_inst|altpll_component|auto_generated|pll1|clk[0] ; pll_timer_inst|altpll_component|auto_generated|pll1|clk[0] ; 500000.000   ; -0.110     ; 6.125      ;
; 499994.114 ; bin2bcd:bin2bcd0|shift_counter[1] ; bin2bcd:bin2bcd0|bcds[3]         ; pll_timer_inst|altpll_component|auto_generated|pll1|clk[0] ; pll_timer_inst|altpll_component|auto_generated|pll1|clk[0] ; 500000.000   ; -0.096     ; 5.789      ;
; 499994.126 ; bin2bcd:bin2bcd0|shift_counter[2] ; bin2bcd:bin2bcd0|bcds[3]         ; pll_timer_inst|altpll_component|auto_generated|pll1|clk[0] ; pll_timer_inst|altpll_component|auto_generated|pll1|clk[0] ; 500000.000   ; -0.096     ; 5.777      ;
; 499994.389 ; bin2bcd:bin2bcd0|shift_counter[1] ; bin2bcd:bin2bcd0|bcds[1]         ; pll_timer_inst|altpll_component|auto_generated|pll1|clk[0] ; pll_timer_inst|altpll_component|auto_generated|pll1|clk[0] ; 500000.000   ; -0.096     ; 5.514      ;
; 499994.393 ; bin2bcd:bin2bcd0|shift_counter[2] ; bin2bcd:bin2bcd0|bcds[1]         ; pll_timer_inst|altpll_component|auto_generated|pll1|clk[0] ; pll_timer_inst|altpll_component|auto_generated|pll1|clk[0] ; 500000.000   ; -0.096     ; 5.510      ;
; 499994.447 ; bin2bcd:bin2bcd0|shift_counter[0] ; bin2bcd:bin2bcd1|bcds[3]         ; pll_timer_inst|altpll_component|auto_generated|pll1|clk[0] ; pll_timer_inst|altpll_component|auto_generated|pll1|clk[0] ; 500000.000   ; -0.069     ; 5.483      ;
; 499994.511 ; bin2bcd:bin2bcd0|shift_counter[1] ; bin2bcd:bin2bcd0|bcds[2]         ; pll_timer_inst|altpll_component|auto_generated|pll1|clk[0] ; pll_timer_inst|altpll_component|auto_generated|pll1|clk[0] ; 500000.000   ; -0.096     ; 5.392      ;
; 499994.523 ; bin2bcd:bin2bcd0|shift_counter[2] ; bin2bcd:bin2bcd0|bcds[2]         ; pll_timer_inst|altpll_component|auto_generated|pll1|clk[0] ; pll_timer_inst|altpll_component|auto_generated|pll1|clk[0] ; 500000.000   ; -0.096     ; 5.380      ;
; 499994.663 ; bin2bcd:bin2bcd0|bcds[0]          ; bin2bcd:bin2bcd0|bcds[3]         ; pll_timer_inst|altpll_component|auto_generated|pll1|clk[0] ; pll_timer_inst|altpll_component|auto_generated|pll1|clk[0] ; 500000.000   ; -0.110     ; 5.226      ;
; 499994.907 ; bin2bcd:bin2bcd0|shift_counter[0] ; bin2bcd:bin2bcd1|bcds[0]         ; pll_timer_inst|altpll_component|auto_generated|pll1|clk[0] ; pll_timer_inst|altpll_component|auto_generated|pll1|clk[0] ; 500000.000   ; -0.069     ; 5.023      ;
; 499994.930 ; bin2bcd:bin2bcd0|state.done       ; bin2bcd:bin2bcd0|bcds[1]         ; pll_timer_inst|altpll_component|auto_generated|pll1|clk[0] ; pll_timer_inst|altpll_component|auto_generated|pll1|clk[0] ; 500000.000   ; -0.096     ; 4.973      ;
; 499994.934 ; bin2bcd:bin2bcd0|state.shift      ; bin2bcd:bin2bcd1|bcds[3]         ; pll_timer_inst|altpll_component|auto_generated|pll1|clk[0] ; pll_timer_inst|altpll_component|auto_generated|pll1|clk[0] ; 500000.000   ; -0.115     ; 4.950      ;
; 499994.995 ; bin2bcd:bin2bcd0|shift_counter[0] ; bin2bcd:bin2bcd1|bcds[1]         ; pll_timer_inst|altpll_component|auto_generated|pll1|clk[0] ; pll_timer_inst|altpll_component|auto_generated|pll1|clk[0] ; 500000.000   ; -0.080     ; 4.924      ;
; 499995.199 ; bin2bcd:bin2bcd0|shift_counter[0] ; bin2bcd:bin2bcd1|bcds[6]         ; pll_timer_inst|altpll_component|auto_generated|pll1|clk[0] ; pll_timer_inst|altpll_component|auto_generated|pll1|clk[0] ; 500000.000   ; -0.070     ; 4.730      ;
; 499995.202 ; bin2bcd:bin2bcd0|shift_counter[0] ; bin2bcd:bin2bcd1|bcds[5]         ; pll_timer_inst|altpll_component|auto_generated|pll1|clk[0] ; pll_timer_inst|altpll_component|auto_generated|pll1|clk[0] ; 500000.000   ; -0.070     ; 4.727      ;
; 499995.225 ; bin2bcd:bin2bcd0|shift_counter[0] ; bin2bcd:bin2bcd1|bcds[4]         ; pll_timer_inst|altpll_component|auto_generated|pll1|clk[0] ; pll_timer_inst|altpll_component|auto_generated|pll1|clk[0] ; 500000.000   ; -0.080     ; 4.694      ;
; 499995.260 ; bin2bcd:bin2bcd0|shift_counter[0] ; bin2bcd:bin2bcd0|bcds[0]         ; pll_timer_inst|altpll_component|auto_generated|pll1|clk[0] ; pll_timer_inst|altpll_component|auto_generated|pll1|clk[0] ; 500000.000   ; -0.026     ; 4.713      ;
; 499995.315 ; bin2bcd:bin2bcd0|bcds[0]          ; bin2bcd:bin2bcd0|bcds[2]         ; pll_timer_inst|altpll_component|auto_generated|pll1|clk[0] ; pll_timer_inst|altpll_component|auto_generated|pll1|clk[0] ; 500000.000   ; -0.110     ; 4.574      ;
; 499995.336 ; bin2bcd:bin2bcd0|bcds[1]          ; bin2bcd:bin2bcd0|bcds[4]         ; pll_timer_inst|altpll_component|auto_generated|pll1|clk[0] ; pll_timer_inst|altpll_component|auto_generated|pll1|clk[0] ; 500000.000   ; -0.090     ; 4.573      ;
; 499995.349 ; bin2bcd:bin2bcd0|state.shift      ; bin2bcd:bin2bcd1|bcds[0]         ; pll_timer_inst|altpll_component|auto_generated|pll1|clk[0] ; pll_timer_inst|altpll_component|auto_generated|pll1|clk[0] ; 500000.000   ; -0.115     ; 4.535      ;
; 499995.372 ; bin2bcd:bin2bcd0|state.done       ; bin2bcd:bin2bcd0|bcds_out_reg[0] ; pll_timer_inst|altpll_component|auto_generated|pll1|clk[0] ; pll_timer_inst|altpll_component|auto_generated|pll1|clk[0] ; 500000.000   ; -0.096     ; 4.531      ;
; 499995.372 ; bin2bcd:bin2bcd0|state.done       ; bin2bcd:bin2bcd0|bcds_out_reg[3] ; pll_timer_inst|altpll_component|auto_generated|pll1|clk[0] ; pll_timer_inst|altpll_component|auto_generated|pll1|clk[0] ; 500000.000   ; -0.096     ; 4.531      ;
; 499995.372 ; bin2bcd:bin2bcd0|state.done       ; bin2bcd:bin2bcd0|bcds_out_reg[2] ; pll_timer_inst|altpll_component|auto_generated|pll1|clk[0] ; pll_timer_inst|altpll_component|auto_generated|pll1|clk[0] ; 500000.000   ; -0.096     ; 4.531      ;
; 499995.372 ; bin2bcd:bin2bcd0|state.done       ; bin2bcd:bin2bcd0|bcds_out_reg[1] ; pll_timer_inst|altpll_component|auto_generated|pll1|clk[0] ; pll_timer_inst|altpll_component|auto_generated|pll1|clk[0] ; 500000.000   ; -0.096     ; 4.531      ;
; 499995.391 ; bin2bcd:bin2bcd0|shift_counter[0] ; bin2bcd:bin2bcd1|bcds[2]         ; pll_timer_inst|altpll_component|auto_generated|pll1|clk[0] ; pll_timer_inst|altpll_component|auto_generated|pll1|clk[0] ; 500000.000   ; -0.080     ; 4.528      ;
; 499995.418 ; bin2bcd:bin2bcd0|shift_counter[0] ; bin2bcd:bin2bcd1|binary[5]       ; pll_timer_inst|altpll_component|auto_generated|pll1|clk[0] ; pll_timer_inst|altpll_component|auto_generated|pll1|clk[0] ; 500000.000   ; -0.026     ; 4.555      ;
; 499995.418 ; bin2bcd:bin2bcd0|shift_counter[0] ; bin2bcd:bin2bcd1|binary[4]       ; pll_timer_inst|altpll_component|auto_generated|pll1|clk[0] ; pll_timer_inst|altpll_component|auto_generated|pll1|clk[0] ; 500000.000   ; -0.026     ; 4.555      ;
; 499995.418 ; bin2bcd:bin2bcd0|shift_counter[0] ; bin2bcd:bin2bcd1|binary[3]       ; pll_timer_inst|altpll_component|auto_generated|pll1|clk[0] ; pll_timer_inst|altpll_component|auto_generated|pll1|clk[0] ; 500000.000   ; -0.026     ; 4.555      ;
; 499995.418 ; bin2bcd:bin2bcd0|shift_counter[0] ; bin2bcd:bin2bcd1|binary[2]       ; pll_timer_inst|altpll_component|auto_generated|pll1|clk[0] ; pll_timer_inst|altpll_component|auto_generated|pll1|clk[0] ; 500000.000   ; -0.026     ; 4.555      ;
; 499995.418 ; bin2bcd:bin2bcd0|shift_counter[0] ; bin2bcd:bin2bcd1|binary[1]       ; pll_timer_inst|altpll_component|auto_generated|pll1|clk[0] ; pll_timer_inst|altpll_component|auto_generated|pll1|clk[0] ; 500000.000   ; -0.026     ; 4.555      ;
; 499995.418 ; bin2bcd:bin2bcd0|shift_counter[0] ; bin2bcd:bin2bcd0|binary[5]       ; pll_timer_inst|altpll_component|auto_generated|pll1|clk[0] ; pll_timer_inst|altpll_component|auto_generated|pll1|clk[0] ; 500000.000   ; -0.026     ; 4.555      ;
; 499995.418 ; bin2bcd:bin2bcd0|shift_counter[0] ; bin2bcd:bin2bcd0|binary[4]       ; pll_timer_inst|altpll_component|auto_generated|pll1|clk[0] ; pll_timer_inst|altpll_component|auto_generated|pll1|clk[0] ; 500000.000   ; -0.026     ; 4.555      ;
; 499995.418 ; bin2bcd:bin2bcd0|shift_counter[0] ; bin2bcd:bin2bcd0|binary[3]       ; pll_timer_inst|altpll_component|auto_generated|pll1|clk[0] ; pll_timer_inst|altpll_component|auto_generated|pll1|clk[0] ; 500000.000   ; -0.026     ; 4.555      ;
; 499995.418 ; bin2bcd:bin2bcd0|shift_counter[0] ; bin2bcd:bin2bcd0|binary[2]       ; pll_timer_inst|altpll_component|auto_generated|pll1|clk[0] ; pll_timer_inst|altpll_component|auto_generated|pll1|clk[0] ; 500000.000   ; -0.026     ; 4.555      ;
; 499995.418 ; bin2bcd:bin2bcd0|shift_counter[0] ; bin2bcd:bin2bcd0|binary[1]       ; pll_timer_inst|altpll_component|auto_generated|pll1|clk[0] ; pll_timer_inst|altpll_component|auto_generated|pll1|clk[0] ; 500000.000   ; -0.026     ; 4.555      ;
; 499995.418 ; bin2bcd:bin2bcd0|shift_counter[0] ; bin2bcd:bin2bcd0|binary[0]       ; pll_timer_inst|altpll_component|auto_generated|pll1|clk[0] ; pll_timer_inst|altpll_component|auto_generated|pll1|clk[0] ; 500000.000   ; -0.026     ; 4.555      ;
; 499995.418 ; bin2bcd:bin2bcd0|shift_counter[0] ; bin2bcd:bin2bcd1|binary[0]       ; pll_timer_inst|altpll_component|auto_generated|pll1|clk[0] ; pll_timer_inst|altpll_component|auto_generated|pll1|clk[0] ; 500000.000   ; -0.026     ; 4.555      ;
; 499995.528 ; bin2bcd:bin2bcd0|state.shift      ; bin2bcd:bin2bcd1|bcds[1]         ; pll_timer_inst|altpll_component|auto_generated|pll1|clk[0] ; pll_timer_inst|altpll_component|auto_generated|pll1|clk[0] ; 500000.000   ; -0.126     ; 4.345      ;
; 499995.551 ; bin2bcd:bin2bcd0|state.done       ; bin2bcd:bin2bcd0|bcds[2]         ; pll_timer_inst|altpll_component|auto_generated|pll1|clk[0] ; pll_timer_inst|altpll_component|auto_generated|pll1|clk[0] ; 500000.000   ; -0.096     ; 4.352      ;
; 499995.553 ; bin2bcd:bin2bcd0|state.done       ; bin2bcd:bin2bcd0|bcds[3]         ; pll_timer_inst|altpll_component|auto_generated|pll1|clk[0] ; pll_timer_inst|altpll_component|auto_generated|pll1|clk[0] ; 500000.000   ; -0.096     ; 4.350      ;
; 499995.593 ; bin2bcd:bin2bcd1|bcds[4]          ; bin2bcd:bin2bcd1|bcds[7]         ; pll_timer_inst|altpll_component|auto_generated|pll1|clk[0] ; pll_timer_inst|altpll_component|auto_generated|pll1|clk[0] ; 500000.000   ; -0.059     ; 4.347      ;
; 499995.638 ; bin2bcd:bin2bcd0|shift_counter[1] ; bin2bcd:bin2bcd1|bcds[7]         ; pll_timer_inst|altpll_component|auto_generated|pll1|clk[0] ; pll_timer_inst|altpll_component|auto_generated|pll1|clk[0] ; 500000.000   ; -0.102     ; 4.259      ;
; 499995.681 ; bin2bcd:bin2bcd0|shift_counter[1] ; bin2bcd:bin2bcd1|bcds[3]         ; pll_timer_inst|altpll_component|auto_generated|pll1|clk[0] ; pll_timer_inst|altpll_component|auto_generated|pll1|clk[0] ; 500000.000   ; -0.101     ; 4.217      ;
; 499995.693 ; bin2bcd:bin2bcd0|shift_counter[2] ; bin2bcd:bin2bcd1|bcds[3]         ; pll_timer_inst|altpll_component|auto_generated|pll1|clk[0] ; pll_timer_inst|altpll_component|auto_generated|pll1|clk[0] ; 500000.000   ; -0.101     ; 4.205      ;
; 499995.712 ; bin2bcd:bin2bcd0|state.shift      ; bin2bcd:bin2bcd1|bcds[4]         ; pll_timer_inst|altpll_component|auto_generated|pll1|clk[0] ; pll_timer_inst|altpll_component|auto_generated|pll1|clk[0] ; 500000.000   ; -0.126     ; 4.161      ;
; 499995.732 ; bin2bcd:bin2bcd0|state.shift      ; bin2bcd:bin2bcd1|bcds[6]         ; pll_timer_inst|altpll_component|auto_generated|pll1|clk[0] ; pll_timer_inst|altpll_component|auto_generated|pll1|clk[0] ; 500000.000   ; -0.116     ; 4.151      ;
; 499995.735 ; bin2bcd:bin2bcd0|state.shift      ; bin2bcd:bin2bcd1|bcds[5]         ; pll_timer_inst|altpll_component|auto_generated|pll1|clk[0] ; pll_timer_inst|altpll_component|auto_generated|pll1|clk[0] ; 500000.000   ; -0.116     ; 4.148      ;
; 499995.747 ; bin2bcd:bin2bcd0|state.shift      ; bin2bcd:bin2bcd0|bcds[0]         ; pll_timer_inst|altpll_component|auto_generated|pll1|clk[0] ; pll_timer_inst|altpll_component|auto_generated|pll1|clk[0] ; 500000.000   ; -0.072     ; 4.180      ;
; 499995.762 ; bin2bcd:bin2bcd0|bcds[0]          ; bin2bcd:bin2bcd0|bcds[1]         ; pll_timer_inst|altpll_component|auto_generated|pll1|clk[0] ; pll_timer_inst|altpll_component|auto_generated|pll1|clk[0] ; 500000.000   ; -0.110     ; 4.127      ;
; 499995.768 ; bin2bcd:bin2bcd0|shift_counter[0] ; bin2bcd:bin2bcd1|bcds[7]         ; pll_timer_inst|altpll_component|auto_generated|pll1|clk[0] ; pll_timer_inst|altpll_component|auto_generated|pll1|clk[0] ; 500000.000   ; -0.070     ; 4.161      ;
; 499995.779 ; bin2bcd:bin2bcd0|shift_counter[2] ; bin2bcd:bin2bcd1|bcds[7]         ; pll_timer_inst|altpll_component|auto_generated|pll1|clk[0] ; pll_timer_inst|altpll_component|auto_generated|pll1|clk[0] ; 500000.000   ; -0.102     ; 4.118      ;
; 499995.878 ; bin2bcd:bin2bcd0|state.shift      ; bin2bcd:bin2bcd1|bcds[2]         ; pll_timer_inst|altpll_component|auto_generated|pll1|clk[0] ; pll_timer_inst|altpll_component|auto_generated|pll1|clk[0] ; 500000.000   ; -0.126     ; 3.995      ;
; 499995.951 ; bin2bcd:bin2bcd0|state.shift      ; bin2bcd:bin2bcd1|binary[5]       ; pll_timer_inst|altpll_component|auto_generated|pll1|clk[0] ; pll_timer_inst|altpll_component|auto_generated|pll1|clk[0] ; 500000.000   ; -0.072     ; 3.976      ;
; 499995.951 ; bin2bcd:bin2bcd0|state.shift      ; bin2bcd:bin2bcd1|binary[4]       ; pll_timer_inst|altpll_component|auto_generated|pll1|clk[0] ; pll_timer_inst|altpll_component|auto_generated|pll1|clk[0] ; 500000.000   ; -0.072     ; 3.976      ;
; 499995.951 ; bin2bcd:bin2bcd0|state.shift      ; bin2bcd:bin2bcd1|binary[3]       ; pll_timer_inst|altpll_component|auto_generated|pll1|clk[0] ; pll_timer_inst|altpll_component|auto_generated|pll1|clk[0] ; 500000.000   ; -0.072     ; 3.976      ;
; 499995.951 ; bin2bcd:bin2bcd0|state.shift      ; bin2bcd:bin2bcd1|binary[2]       ; pll_timer_inst|altpll_component|auto_generated|pll1|clk[0] ; pll_timer_inst|altpll_component|auto_generated|pll1|clk[0] ; 500000.000   ; -0.072     ; 3.976      ;
; 499995.951 ; bin2bcd:bin2bcd0|state.shift      ; bin2bcd:bin2bcd1|binary[1]       ; pll_timer_inst|altpll_component|auto_generated|pll1|clk[0] ; pll_timer_inst|altpll_component|auto_generated|pll1|clk[0] ; 500000.000   ; -0.072     ; 3.976      ;
; 499995.951 ; bin2bcd:bin2bcd0|state.shift      ; bin2bcd:bin2bcd0|binary[5]       ; pll_timer_inst|altpll_component|auto_generated|pll1|clk[0] ; pll_timer_inst|altpll_component|auto_generated|pll1|clk[0] ; 500000.000   ; -0.072     ; 3.976      ;
; 499995.951 ; bin2bcd:bin2bcd0|state.shift      ; bin2bcd:bin2bcd0|binary[4]       ; pll_timer_inst|altpll_component|auto_generated|pll1|clk[0] ; pll_timer_inst|altpll_component|auto_generated|pll1|clk[0] ; 500000.000   ; -0.072     ; 3.976      ;
; 499995.951 ; bin2bcd:bin2bcd0|state.shift      ; bin2bcd:bin2bcd0|binary[3]       ; pll_timer_inst|altpll_component|auto_generated|pll1|clk[0] ; pll_timer_inst|altpll_component|auto_generated|pll1|clk[0] ; 500000.000   ; -0.072     ; 3.976      ;
; 499995.951 ; bin2bcd:bin2bcd0|state.shift      ; bin2bcd:bin2bcd0|binary[2]       ; pll_timer_inst|altpll_component|auto_generated|pll1|clk[0] ; pll_timer_inst|altpll_component|auto_generated|pll1|clk[0] ; 500000.000   ; -0.072     ; 3.976      ;
; 499995.951 ; bin2bcd:bin2bcd0|state.shift      ; bin2bcd:bin2bcd0|binary[1]       ; pll_timer_inst|altpll_component|auto_generated|pll1|clk[0] ; pll_timer_inst|altpll_component|auto_generated|pll1|clk[0] ; 500000.000   ; -0.072     ; 3.976      ;
; 499995.951 ; bin2bcd:bin2bcd0|state.shift      ; bin2bcd:bin2bcd0|binary[0]       ; pll_timer_inst|altpll_component|auto_generated|pll1|clk[0] ; pll_timer_inst|altpll_component|auto_generated|pll1|clk[0] ; 500000.000   ; -0.072     ; 3.976      ;
; 499995.951 ; bin2bcd:bin2bcd0|state.shift      ; bin2bcd:bin2bcd1|binary[0]       ; pll_timer_inst|altpll_component|auto_generated|pll1|clk[0] ; pll_timer_inst|altpll_component|auto_generated|pll1|clk[0] ; 500000.000   ; -0.072     ; 3.976      ;
; 499995.958 ; bin2bcd:bin2bcd0|bcds[2]          ; bin2bcd:bin2bcd0|bcds[4]         ; pll_timer_inst|altpll_component|auto_generated|pll1|clk[0] ; pll_timer_inst|altpll_component|auto_generated|pll1|clk[0] ; 500000.000   ; -0.090     ; 3.951      ;
; 499995.988 ; bin2bcd:bin2bcd0|shift_counter[0] ; bin2bcd:bin2bcd0|state.shift     ; pll_timer_inst|altpll_component|auto_generated|pll1|clk[0] ; pll_timer_inst|altpll_component|auto_generated|pll1|clk[0] ; 500000.000   ; -0.026     ; 3.985      ;
; 499996.056 ; bin2bcd:bin2bcd1|bcds[0]          ; bin2bcd:bin2bcd1|bcds[3]         ; pll_timer_inst|altpll_component|auto_generated|pll1|clk[0] ; pll_timer_inst|altpll_component|auto_generated|pll1|clk[0] ; 500000.000   ; -0.070     ; 3.873      ;
; 499996.174 ; bin2bcd:bin2bcd0|shift_counter[1] ; bin2bcd:bin2bcd1|bcds[0]         ; pll_timer_inst|altpll_component|auto_generated|pll1|clk[0] ; pll_timer_inst|altpll_component|auto_generated|pll1|clk[0] ; 500000.000   ; -0.101     ; 3.724      ;
; 499996.178 ; bin2bcd:bin2bcd0|shift_counter[2] ; bin2bcd:bin2bcd1|bcds[0]         ; pll_timer_inst|altpll_component|auto_generated|pll1|clk[0] ; pll_timer_inst|altpll_component|auto_generated|pll1|clk[0] ; 500000.000   ; -0.101     ; 3.720      ;
; 499996.230 ; bin2bcd:bin2bcd0|state.shift      ; bin2bcd:bin2bcd1|bcds[7]         ; pll_timer_inst|altpll_component|auto_generated|pll1|clk[0] ; pll_timer_inst|altpll_component|auto_generated|pll1|clk[0] ; 500000.000   ; -0.116     ; 3.653      ;
; 499996.231 ; bin2bcd:bin2bcd0|bcds[0]          ; bin2bcd:bin2bcd0|bcds_out_reg[0] ; pll_timer_inst|altpll_component|auto_generated|pll1|clk[0] ; pll_timer_inst|altpll_component|auto_generated|pll1|clk[0] ; 500000.000   ; -0.110     ; 3.658      ;
; 499996.238 ; bin2bcd:bin2bcd0|shift_counter[1] ; bin2bcd:bin2bcd1|bcds[1]         ; pll_timer_inst|altpll_component|auto_generated|pll1|clk[0] ; pll_timer_inst|altpll_component|auto_generated|pll1|clk[0] ; 500000.000   ; -0.112     ; 3.649      ;
; 499996.242 ; bin2bcd:bin2bcd0|shift_counter[2] ; bin2bcd:bin2bcd1|bcds[1]         ; pll_timer_inst|altpll_component|auto_generated|pll1|clk[0] ; pll_timer_inst|altpll_component|auto_generated|pll1|clk[0] ; 500000.000   ; -0.112     ; 3.645      ;
+------------+-----------------------------------+----------------------------------+------------------------------------------------------------+------------------------------------------------------------+--------------+------------+------------+


+-----------------------------------------------------------------------------------------------------------------------+
; Slow 1200mV 0C Model Setup: 'CLOCK_50'                                                                                ;
+--------+--------------------+-------------------+--------------+-------------+--------------+------------+------------+
; Slack  ; From Node          ; To Node           ; Launch Clock ; Latch Clock ; Relationship ; Clock Skew ; Data Delay ;
+--------+--------------------+-------------------+--------------+-------------+--------------+------------+------------+
; 15.060 ; timer:t0|r_reg[6]  ; timer:t0|h_reg[1] ; CLOCK_50     ; CLOCK_50    ; 20.000       ; -0.123     ; 4.816      ;
; 15.060 ; timer:t0|r_reg[6]  ; timer:t0|h_reg[2] ; CLOCK_50     ; CLOCK_50    ; 20.000       ; -0.123     ; 4.816      ;
; 15.060 ; timer:t0|r_reg[6]  ; timer:t0|h_reg[3] ; CLOCK_50     ; CLOCK_50    ; 20.000       ; -0.123     ; 4.816      ;
; 15.061 ; timer:t0|r_reg[6]  ; timer:t0|h_reg[0] ; CLOCK_50     ; CLOCK_50    ; 20.000       ; -0.123     ; 4.815      ;
; 15.080 ; timer:t0|r_reg[9]  ; timer:t0|h_reg[1] ; CLOCK_50     ; CLOCK_50    ; 20.000       ; -0.123     ; 4.796      ;
; 15.080 ; timer:t0|r_reg[9]  ; timer:t0|h_reg[2] ; CLOCK_50     ; CLOCK_50    ; 20.000       ; -0.123     ; 4.796      ;
; 15.080 ; timer:t0|r_reg[9]  ; timer:t0|h_reg[3] ; CLOCK_50     ; CLOCK_50    ; 20.000       ; -0.123     ; 4.796      ;
; 15.081 ; timer:t0|r_reg[9]  ; timer:t0|h_reg[0] ; CLOCK_50     ; CLOCK_50    ; 20.000       ; -0.123     ; 4.795      ;
; 15.093 ; timer:t0|r_reg[8]  ; timer:t0|h_reg[1] ; CLOCK_50     ; CLOCK_50    ; 20.000       ; -0.123     ; 4.783      ;
; 15.093 ; timer:t0|r_reg[8]  ; timer:t0|h_reg[2] ; CLOCK_50     ; CLOCK_50    ; 20.000       ; -0.123     ; 4.783      ;
; 15.093 ; timer:t0|r_reg[8]  ; timer:t0|h_reg[3] ; CLOCK_50     ; CLOCK_50    ; 20.000       ; -0.123     ; 4.783      ;
; 15.094 ; timer:t0|r_reg[8]  ; timer:t0|h_reg[0] ; CLOCK_50     ; CLOCK_50    ; 20.000       ; -0.123     ; 4.782      ;
; 15.161 ; timer:t0|r_reg[25] ; timer:t0|h_reg[1] ; CLOCK_50     ; CLOCK_50    ; 20.000       ; -0.122     ; 4.716      ;
; 15.161 ; timer:t0|r_reg[25] ; timer:t0|h_reg[2] ; CLOCK_50     ; CLOCK_50    ; 20.000       ; -0.122     ; 4.716      ;
; 15.161 ; timer:t0|r_reg[25] ; timer:t0|h_reg[3] ; CLOCK_50     ; CLOCK_50    ; 20.000       ; -0.122     ; 4.716      ;
; 15.162 ; timer:t0|r_reg[25] ; timer:t0|h_reg[0] ; CLOCK_50     ; CLOCK_50    ; 20.000       ; -0.122     ; 4.715      ;
; 15.193 ; timer:t0|r_reg[19] ; timer:t0|h_reg[1] ; CLOCK_50     ; CLOCK_50    ; 20.000       ; -0.122     ; 4.684      ;
; 15.193 ; timer:t0|r_reg[19] ; timer:t0|h_reg[2] ; CLOCK_50     ; CLOCK_50    ; 20.000       ; -0.122     ; 4.684      ;
; 15.193 ; timer:t0|r_reg[19] ; timer:t0|h_reg[3] ; CLOCK_50     ; CLOCK_50    ; 20.000       ; -0.122     ; 4.684      ;
; 15.194 ; timer:t0|r_reg[19] ; timer:t0|h_reg[0] ; CLOCK_50     ; CLOCK_50    ; 20.000       ; -0.122     ; 4.683      ;
; 15.201 ; timer:t0|r_reg[21] ; timer:t0|h_reg[1] ; CLOCK_50     ; CLOCK_50    ; 20.000       ; -0.122     ; 4.676      ;
; 15.201 ; timer:t0|r_reg[21] ; timer:t0|h_reg[2] ; CLOCK_50     ; CLOCK_50    ; 20.000       ; -0.122     ; 4.676      ;
; 15.201 ; timer:t0|r_reg[21] ; timer:t0|h_reg[3] ; CLOCK_50     ; CLOCK_50    ; 20.000       ; -0.122     ; 4.676      ;
; 15.202 ; timer:t0|r_reg[21] ; timer:t0|h_reg[0] ; CLOCK_50     ; CLOCK_50    ; 20.000       ; -0.122     ; 4.675      ;
; 15.224 ; timer:t0|r_reg[7]  ; timer:t0|h_reg[1] ; CLOCK_50     ; CLOCK_50    ; 20.000       ; -0.123     ; 4.652      ;
; 15.224 ; timer:t0|r_reg[7]  ; timer:t0|h_reg[2] ; CLOCK_50     ; CLOCK_50    ; 20.000       ; -0.123     ; 4.652      ;
; 15.224 ; timer:t0|r_reg[7]  ; timer:t0|h_reg[3] ; CLOCK_50     ; CLOCK_50    ; 20.000       ; -0.123     ; 4.652      ;
; 15.225 ; timer:t0|r_reg[7]  ; timer:t0|h_reg[0] ; CLOCK_50     ; CLOCK_50    ; 20.000       ; -0.123     ; 4.651      ;
; 15.246 ; timer:t0|r_reg[11] ; timer:t0|h_reg[1] ; CLOCK_50     ; CLOCK_50    ; 20.000       ; -0.122     ; 4.631      ;
; 15.246 ; timer:t0|r_reg[11] ; timer:t0|h_reg[2] ; CLOCK_50     ; CLOCK_50    ; 20.000       ; -0.122     ; 4.631      ;
; 15.246 ; timer:t0|r_reg[11] ; timer:t0|h_reg[3] ; CLOCK_50     ; CLOCK_50    ; 20.000       ; -0.122     ; 4.631      ;
; 15.247 ; timer:t0|r_reg[11] ; timer:t0|h_reg[0] ; CLOCK_50     ; CLOCK_50    ; 20.000       ; -0.122     ; 4.630      ;
; 15.298 ; timer:t0|r_reg[23] ; timer:t0|h_reg[1] ; CLOCK_50     ; CLOCK_50    ; 20.000       ; -0.122     ; 4.579      ;
; 15.298 ; timer:t0|r_reg[23] ; timer:t0|h_reg[2] ; CLOCK_50     ; CLOCK_50    ; 20.000       ; -0.122     ; 4.579      ;
; 15.298 ; timer:t0|r_reg[23] ; timer:t0|h_reg[3] ; CLOCK_50     ; CLOCK_50    ; 20.000       ; -0.122     ; 4.579      ;
; 15.299 ; timer:t0|r_reg[23] ; timer:t0|h_reg[0] ; CLOCK_50     ; CLOCK_50    ; 20.000       ; -0.122     ; 4.578      ;
; 15.315 ; timer:t0|r_reg[13] ; timer:t0|h_reg[1] ; CLOCK_50     ; CLOCK_50    ; 20.000       ; -0.122     ; 4.562      ;
; 15.315 ; timer:t0|r_reg[13] ; timer:t0|h_reg[2] ; CLOCK_50     ; CLOCK_50    ; 20.000       ; -0.122     ; 4.562      ;
; 15.315 ; timer:t0|r_reg[13] ; timer:t0|h_reg[3] ; CLOCK_50     ; CLOCK_50    ; 20.000       ; -0.122     ; 4.562      ;
; 15.316 ; timer:t0|r_reg[13] ; timer:t0|h_reg[0] ; CLOCK_50     ; CLOCK_50    ; 20.000       ; -0.122     ; 4.561      ;
; 15.318 ; timer:t0|r_reg[4]  ; timer:t0|h_reg[1] ; CLOCK_50     ; CLOCK_50    ; 20.000       ; -0.123     ; 4.558      ;
; 15.318 ; timer:t0|r_reg[4]  ; timer:t0|h_reg[2] ; CLOCK_50     ; CLOCK_50    ; 20.000       ; -0.123     ; 4.558      ;
; 15.318 ; timer:t0|r_reg[4]  ; timer:t0|h_reg[3] ; CLOCK_50     ; CLOCK_50    ; 20.000       ; -0.123     ; 4.558      ;
; 15.319 ; timer:t0|r_reg[4]  ; timer:t0|h_reg[0] ; CLOCK_50     ; CLOCK_50    ; 20.000       ; -0.123     ; 4.557      ;
; 15.321 ; timer:t0|r_reg[6]  ; timer:t0|h_reg[4] ; CLOCK_50     ; CLOCK_50    ; 20.000       ; -0.123     ; 4.555      ;
; 15.325 ; timer:t0|r_reg[16] ; timer:t0|h_reg[1] ; CLOCK_50     ; CLOCK_50    ; 20.000       ; -0.122     ; 4.552      ;
; 15.325 ; timer:t0|r_reg[16] ; timer:t0|h_reg[2] ; CLOCK_50     ; CLOCK_50    ; 20.000       ; -0.122     ; 4.552      ;
; 15.325 ; timer:t0|r_reg[16] ; timer:t0|h_reg[3] ; CLOCK_50     ; CLOCK_50    ; 20.000       ; -0.122     ; 4.552      ;
; 15.326 ; timer:t0|r_reg[16] ; timer:t0|h_reg[0] ; CLOCK_50     ; CLOCK_50    ; 20.000       ; -0.122     ; 4.551      ;
; 15.332 ; timer:t0|r_reg[17] ; timer:t0|h_reg[1] ; CLOCK_50     ; CLOCK_50    ; 20.000       ; -0.122     ; 4.545      ;
; 15.332 ; timer:t0|r_reg[17] ; timer:t0|h_reg[2] ; CLOCK_50     ; CLOCK_50    ; 20.000       ; -0.122     ; 4.545      ;
; 15.332 ; timer:t0|r_reg[17] ; timer:t0|h_reg[3] ; CLOCK_50     ; CLOCK_50    ; 20.000       ; -0.122     ; 4.545      ;
; 15.333 ; timer:t0|r_reg[17] ; timer:t0|h_reg[0] ; CLOCK_50     ; CLOCK_50    ; 20.000       ; -0.122     ; 4.544      ;
; 15.341 ; timer:t0|r_reg[9]  ; timer:t0|h_reg[4] ; CLOCK_50     ; CLOCK_50    ; 20.000       ; -0.123     ; 4.535      ;
; 15.354 ; timer:t0|r_reg[8]  ; timer:t0|h_reg[4] ; CLOCK_50     ; CLOCK_50    ; 20.000       ; -0.123     ; 4.522      ;
; 15.355 ; timer:t0|r_reg[20] ; timer:t0|h_reg[1] ; CLOCK_50     ; CLOCK_50    ; 20.000       ; -0.122     ; 4.522      ;
; 15.355 ; timer:t0|r_reg[20] ; timer:t0|h_reg[2] ; CLOCK_50     ; CLOCK_50    ; 20.000       ; -0.122     ; 4.522      ;
; 15.355 ; timer:t0|r_reg[20] ; timer:t0|h_reg[3] ; CLOCK_50     ; CLOCK_50    ; 20.000       ; -0.122     ; 4.522      ;
; 15.356 ; timer:t0|r_reg[20] ; timer:t0|h_reg[0] ; CLOCK_50     ; CLOCK_50    ; 20.000       ; -0.122     ; 4.521      ;
; 15.373 ; timer:t0|s_reg[4]  ; timer:t0|h_reg[3] ; CLOCK_50     ; CLOCK_50    ; 20.000       ; -0.116     ; 4.510      ;
; 15.374 ; timer:t0|s_reg[4]  ; timer:t0|h_reg[0] ; CLOCK_50     ; CLOCK_50    ; 20.000       ; -0.116     ; 4.509      ;
; 15.374 ; timer:t0|s_reg[4]  ; timer:t0|h_reg[1] ; CLOCK_50     ; CLOCK_50    ; 20.000       ; -0.116     ; 4.509      ;
; 15.374 ; timer:t0|s_reg[4]  ; timer:t0|h_reg[2] ; CLOCK_50     ; CLOCK_50    ; 20.000       ; -0.116     ; 4.509      ;
; 15.389 ; timer:t0|s_reg[3]  ; timer:t0|h_reg[3] ; CLOCK_50     ; CLOCK_50    ; 20.000       ; -0.116     ; 4.494      ;
; 15.390 ; timer:t0|s_reg[3]  ; timer:t0|h_reg[0] ; CLOCK_50     ; CLOCK_50    ; 20.000       ; -0.116     ; 4.493      ;
; 15.390 ; timer:t0|s_reg[3]  ; timer:t0|h_reg[1] ; CLOCK_50     ; CLOCK_50    ; 20.000       ; -0.116     ; 4.493      ;
; 15.390 ; timer:t0|s_reg[3]  ; timer:t0|h_reg[2] ; CLOCK_50     ; CLOCK_50    ; 20.000       ; -0.116     ; 4.493      ;
; 15.422 ; timer:t0|r_reg[25] ; timer:t0|h_reg[4] ; CLOCK_50     ; CLOCK_50    ; 20.000       ; -0.122     ; 4.455      ;
; 15.441 ; timer:t0|r_reg[12] ; timer:t0|h_reg[1] ; CLOCK_50     ; CLOCK_50    ; 20.000       ; -0.122     ; 4.436      ;
; 15.441 ; timer:t0|r_reg[12] ; timer:t0|h_reg[2] ; CLOCK_50     ; CLOCK_50    ; 20.000       ; -0.122     ; 4.436      ;
; 15.441 ; timer:t0|r_reg[12] ; timer:t0|h_reg[3] ; CLOCK_50     ; CLOCK_50    ; 20.000       ; -0.122     ; 4.436      ;
; 15.442 ; timer:t0|r_reg[12] ; timer:t0|h_reg[0] ; CLOCK_50     ; CLOCK_50    ; 20.000       ; -0.122     ; 4.435      ;
; 15.450 ; timer:t0|r_reg[24] ; timer:t0|h_reg[1] ; CLOCK_50     ; CLOCK_50    ; 20.000       ; -0.122     ; 4.427      ;
; 15.450 ; timer:t0|r_reg[24] ; timer:t0|h_reg[2] ; CLOCK_50     ; CLOCK_50    ; 20.000       ; -0.122     ; 4.427      ;
; 15.450 ; timer:t0|r_reg[24] ; timer:t0|h_reg[3] ; CLOCK_50     ; CLOCK_50    ; 20.000       ; -0.122     ; 4.427      ;
; 15.451 ; timer:t0|r_reg[24] ; timer:t0|h_reg[0] ; CLOCK_50     ; CLOCK_50    ; 20.000       ; -0.122     ; 4.426      ;
; 15.454 ; timer:t0|r_reg[19] ; timer:t0|h_reg[4] ; CLOCK_50     ; CLOCK_50    ; 20.000       ; -0.122     ; 4.423      ;
; 15.462 ; timer:t0|r_reg[21] ; timer:t0|h_reg[4] ; CLOCK_50     ; CLOCK_50    ; 20.000       ; -0.122     ; 4.415      ;
; 15.463 ; timer:t0|r_reg[18] ; timer:t0|h_reg[1] ; CLOCK_50     ; CLOCK_50    ; 20.000       ; -0.122     ; 4.414      ;
; 15.463 ; timer:t0|r_reg[18] ; timer:t0|h_reg[2] ; CLOCK_50     ; CLOCK_50    ; 20.000       ; -0.122     ; 4.414      ;
; 15.463 ; timer:t0|r_reg[18] ; timer:t0|h_reg[3] ; CLOCK_50     ; CLOCK_50    ; 20.000       ; -0.122     ; 4.414      ;
; 15.464 ; timer:t0|r_reg[18] ; timer:t0|h_reg[0] ; CLOCK_50     ; CLOCK_50    ; 20.000       ; -0.122     ; 4.413      ;
; 15.485 ; timer:t0|r_reg[7]  ; timer:t0|h_reg[4] ; CLOCK_50     ; CLOCK_50    ; 20.000       ; -0.123     ; 4.391      ;
; 15.486 ; timer:t0|r_reg[15] ; timer:t0|h_reg[1] ; CLOCK_50     ; CLOCK_50    ; 20.000       ; -0.122     ; 4.391      ;
; 15.486 ; timer:t0|r_reg[15] ; timer:t0|h_reg[2] ; CLOCK_50     ; CLOCK_50    ; 20.000       ; -0.122     ; 4.391      ;
; 15.486 ; timer:t0|r_reg[15] ; timer:t0|h_reg[3] ; CLOCK_50     ; CLOCK_50    ; 20.000       ; -0.122     ; 4.391      ;
; 15.487 ; timer:t0|r_reg[15] ; timer:t0|h_reg[0] ; CLOCK_50     ; CLOCK_50    ; 20.000       ; -0.122     ; 4.390      ;
; 15.507 ; timer:t0|r_reg[11] ; timer:t0|h_reg[4] ; CLOCK_50     ; CLOCK_50    ; 20.000       ; -0.122     ; 4.370      ;
; 15.514 ; timer:t0|s_reg[5]  ; timer:t0|h_reg[3] ; CLOCK_50     ; CLOCK_50    ; 20.000       ; -0.116     ; 4.369      ;
; 15.515 ; timer:t0|s_reg[5]  ; timer:t0|h_reg[0] ; CLOCK_50     ; CLOCK_50    ; 20.000       ; -0.116     ; 4.368      ;
; 15.515 ; timer:t0|s_reg[5]  ; timer:t0|h_reg[1] ; CLOCK_50     ; CLOCK_50    ; 20.000       ; -0.116     ; 4.368      ;
; 15.515 ; timer:t0|s_reg[5]  ; timer:t0|h_reg[2] ; CLOCK_50     ; CLOCK_50    ; 20.000       ; -0.116     ; 4.368      ;
; 15.531 ; timer:t0|r_reg[10] ; timer:t0|h_reg[1] ; CLOCK_50     ; CLOCK_50    ; 20.000       ; -0.123     ; 4.345      ;
; 15.531 ; timer:t0|r_reg[10] ; timer:t0|h_reg[2] ; CLOCK_50     ; CLOCK_50    ; 20.000       ; -0.123     ; 4.345      ;
; 15.531 ; timer:t0|r_reg[10] ; timer:t0|h_reg[3] ; CLOCK_50     ; CLOCK_50    ; 20.000       ; -0.123     ; 4.345      ;
; 15.532 ; timer:t0|r_reg[10] ; timer:t0|h_reg[0] ; CLOCK_50     ; CLOCK_50    ; 20.000       ; -0.123     ; 4.344      ;
; 15.559 ; timer:t0|r_reg[23] ; timer:t0|h_reg[4] ; CLOCK_50     ; CLOCK_50    ; 20.000       ; -0.122     ; 4.318      ;
; 15.562 ; timer:t0|r_reg[22] ; timer:t0|h_reg[1] ; CLOCK_50     ; CLOCK_50    ; 20.000       ; -0.122     ; 4.315      ;
; 15.562 ; timer:t0|r_reg[22] ; timer:t0|h_reg[2] ; CLOCK_50     ; CLOCK_50    ; 20.000       ; -0.122     ; 4.315      ;
; 15.562 ; timer:t0|r_reg[22] ; timer:t0|h_reg[3] ; CLOCK_50     ; CLOCK_50    ; 20.000       ; -0.122     ; 4.315      ;
+--------+--------------------+-------------------+--------------+-------------+--------------+------------+------------+


+-----------------------------------------------------------------------------------------------------------------------+
; Slow 1200mV 0C Model Hold: 'CLOCK_50'                                                                                 ;
+-------+--------------------+--------------------+--------------+-------------+--------------+------------+------------+
; Slack ; From Node          ; To Node            ; Launch Clock ; Latch Clock ; Relationship ; Clock Skew ; Data Delay ;
+-------+--------------------+--------------------+--------------+-------------+--------------+------------+------------+
; 0.353 ; timer:t0|m_reg[0]  ; timer:t0|m_reg[0]  ; CLOCK_50     ; CLOCK_50    ; 0.000        ; 0.073      ; 0.597      ;
; 0.353 ; timer:t0|m_reg[1]  ; timer:t0|m_reg[1]  ; CLOCK_50     ; CLOCK_50    ; 0.000        ; 0.073      ; 0.597      ;
; 0.353 ; timer:t0|m_reg[2]  ; timer:t0|m_reg[2]  ; CLOCK_50     ; CLOCK_50    ; 0.000        ; 0.073      ; 0.597      ;
; 0.353 ; timer:t0|m_reg[3]  ; timer:t0|m_reg[3]  ; CLOCK_50     ; CLOCK_50    ; 0.000        ; 0.073      ; 0.597      ;
; 0.353 ; timer:t0|m_reg[4]  ; timer:t0|m_reg[4]  ; CLOCK_50     ; CLOCK_50    ; 0.000        ; 0.073      ; 0.597      ;
; 0.353 ; timer:t0|m_reg[5]  ; timer:t0|m_reg[5]  ; CLOCK_50     ; CLOCK_50    ; 0.000        ; 0.073      ; 0.597      ;
; 0.353 ; timer:t0|s_reg[0]  ; timer:t0|s_reg[0]  ; CLOCK_50     ; CLOCK_50    ; 0.000        ; 0.073      ; 0.597      ;
; 0.353 ; timer:t0|s_reg[1]  ; timer:t0|s_reg[1]  ; CLOCK_50     ; CLOCK_50    ; 0.000        ; 0.073      ; 0.597      ;
; 0.353 ; timer:t0|s_reg[2]  ; timer:t0|s_reg[2]  ; CLOCK_50     ; CLOCK_50    ; 0.000        ; 0.073      ; 0.597      ;
; 0.353 ; timer:t0|s_reg[3]  ; timer:t0|s_reg[3]  ; CLOCK_50     ; CLOCK_50    ; 0.000        ; 0.073      ; 0.597      ;
; 0.353 ; timer:t0|s_reg[4]  ; timer:t0|s_reg[4]  ; CLOCK_50     ; CLOCK_50    ; 0.000        ; 0.073      ; 0.597      ;
; 0.353 ; timer:t0|s_reg[5]  ; timer:t0|s_reg[5]  ; CLOCK_50     ; CLOCK_50    ; 0.000        ; 0.073      ; 0.597      ;
; 0.355 ; timer:t0|h_reg[0]  ; timer:t0|h_reg[0]  ; CLOCK_50     ; CLOCK_50    ; 0.000        ; 0.071      ; 0.597      ;
; 0.355 ; timer:t0|h_reg[1]  ; timer:t0|h_reg[1]  ; CLOCK_50     ; CLOCK_50    ; 0.000        ; 0.071      ; 0.597      ;
; 0.355 ; timer:t0|h_reg[3]  ; timer:t0|h_reg[3]  ; CLOCK_50     ; CLOCK_50    ; 0.000        ; 0.071      ; 0.597      ;
; 0.355 ; timer:t0|h_reg[2]  ; timer:t0|h_reg[2]  ; CLOCK_50     ; CLOCK_50    ; 0.000        ; 0.071      ; 0.597      ;
; 0.355 ; timer:t0|h_reg[4]  ; timer:t0|h_reg[4]  ; CLOCK_50     ; CLOCK_50    ; 0.000        ; 0.071      ; 0.597      ;
; 0.400 ; timer:t0|r_reg[25] ; timer:t0|r_reg[25] ; CLOCK_50     ; CLOCK_50    ; 0.000        ; 0.072      ; 0.643      ;
; 0.587 ; timer:t0|r_reg[19] ; timer:t0|r_reg[19] ; CLOCK_50     ; CLOCK_50    ; 0.000        ; 0.072      ; 0.830      ;
; 0.587 ; timer:t0|r_reg[18] ; timer:t0|r_reg[18] ; CLOCK_50     ; CLOCK_50    ; 0.000        ; 0.072      ; 0.830      ;
; 0.587 ; timer:t0|r_reg[16] ; timer:t0|r_reg[16] ; CLOCK_50     ; CLOCK_50    ; 0.000        ; 0.072      ; 0.830      ;
; 0.587 ; timer:t0|r_reg[3]  ; timer:t0|r_reg[3]  ; CLOCK_50     ; CLOCK_50    ; 0.000        ; 0.072      ; 0.830      ;
; 0.587 ; timer:t0|r_reg[2]  ; timer:t0|r_reg[2]  ; CLOCK_50     ; CLOCK_50    ; 0.000        ; 0.072      ; 0.830      ;
; 0.588 ; timer:t0|r_reg[24] ; timer:t0|r_reg[24] ; CLOCK_50     ; CLOCK_50    ; 0.000        ; 0.072      ; 0.831      ;
; 0.588 ; timer:t0|r_reg[15] ; timer:t0|r_reg[15] ; CLOCK_50     ; CLOCK_50    ; 0.000        ; 0.072      ; 0.831      ;
; 0.589 ; timer:t0|r_reg[17] ; timer:t0|r_reg[17] ; CLOCK_50     ; CLOCK_50    ; 0.000        ; 0.072      ; 0.832      ;
; 0.589 ; timer:t0|r_reg[14] ; timer:t0|r_reg[14] ; CLOCK_50     ; CLOCK_50    ; 0.000        ; 0.072      ; 0.832      ;
; 0.589 ; timer:t0|r_reg[5]  ; timer:t0|r_reg[5]  ; CLOCK_50     ; CLOCK_50    ; 0.000        ; 0.072      ; 0.832      ;
; 0.589 ; timer:t0|r_reg[1]  ; timer:t0|r_reg[1]  ; CLOCK_50     ; CLOCK_50    ; 0.000        ; 0.072      ; 0.832      ;
; 0.590 ; timer:t0|r_reg[21] ; timer:t0|r_reg[21] ; CLOCK_50     ; CLOCK_50    ; 0.000        ; 0.072      ; 0.833      ;
; 0.591 ; timer:t0|r_reg[23] ; timer:t0|r_reg[23] ; CLOCK_50     ; CLOCK_50    ; 0.000        ; 0.072      ; 0.834      ;
; 0.592 ; timer:t0|r_reg[22] ; timer:t0|r_reg[22] ; CLOCK_50     ; CLOCK_50    ; 0.000        ; 0.072      ; 0.835      ;
; 0.592 ; timer:t0|r_reg[20] ; timer:t0|r_reg[20] ; CLOCK_50     ; CLOCK_50    ; 0.000        ; 0.072      ; 0.835      ;
; 0.599 ; timer:t0|r_reg[12] ; timer:t0|r_reg[12] ; CLOCK_50     ; CLOCK_50    ; 0.000        ; 0.072      ; 0.842      ;
; 0.601 ; timer:t0|r_reg[13] ; timer:t0|r_reg[13] ; CLOCK_50     ; CLOCK_50    ; 0.000        ; 0.072      ; 0.844      ;
; 0.601 ; timer:t0|r_reg[11] ; timer:t0|r_reg[11] ; CLOCK_50     ; CLOCK_50    ; 0.000        ; 0.072      ; 0.844      ;
; 0.606 ; timer:t0|r_reg[0]  ; timer:t0|r_reg[0]  ; CLOCK_50     ; CLOCK_50    ; 0.000        ; 0.072      ; 0.849      ;
; 0.755 ; timer:t0|h_reg[1]  ; timer:t0|h_reg[3]  ; CLOCK_50     ; CLOCK_50    ; 0.000        ; 0.071      ; 0.997      ;
; 0.759 ; timer:t0|h_reg[1]  ; timer:t0|h_reg[2]  ; CLOCK_50     ; CLOCK_50    ; 0.000        ; 0.071      ; 1.001      ;
; 0.762 ; timer:t0|h_reg[1]  ; timer:t0|h_reg[0]  ; CLOCK_50     ; CLOCK_50    ; 0.000        ; 0.071      ; 1.004      ;
; 0.873 ; timer:t0|r_reg[19] ; timer:t0|r_reg[20] ; CLOCK_50     ; CLOCK_50    ; 0.000        ; 0.072      ; 1.116      ;
; 0.875 ; timer:t0|r_reg[15] ; timer:t0|r_reg[16] ; CLOCK_50     ; CLOCK_50    ; 0.000        ; 0.072      ; 1.118      ;
; 0.875 ; timer:t0|r_reg[18] ; timer:t0|r_reg[19] ; CLOCK_50     ; CLOCK_50    ; 0.000        ; 0.072      ; 1.118      ;
; 0.875 ; timer:t0|r_reg[2]  ; timer:t0|r_reg[3]  ; CLOCK_50     ; CLOCK_50    ; 0.000        ; 0.072      ; 1.118      ;
; 0.875 ; timer:t0|r_reg[16] ; timer:t0|r_reg[17] ; CLOCK_50     ; CLOCK_50    ; 0.000        ; 0.072      ; 1.118      ;
; 0.875 ; timer:t0|r_reg[0]  ; timer:t0|r_reg[1]  ; CLOCK_50     ; CLOCK_50    ; 0.000        ; 0.072      ; 1.118      ;
; 0.876 ; timer:t0|r_reg[24] ; timer:t0|r_reg[25] ; CLOCK_50     ; CLOCK_50    ; 0.000        ; 0.072      ; 1.119      ;
; 0.876 ; timer:t0|r_reg[17] ; timer:t0|r_reg[18] ; CLOCK_50     ; CLOCK_50    ; 0.000        ; 0.072      ; 1.119      ;
; 0.876 ; timer:t0|r_reg[1]  ; timer:t0|r_reg[2]  ; CLOCK_50     ; CLOCK_50    ; 0.000        ; 0.072      ; 1.119      ;
; 0.877 ; timer:t0|r_reg[21] ; timer:t0|r_reg[22] ; CLOCK_50     ; CLOCK_50    ; 0.000        ; 0.072      ; 1.120      ;
; 0.877 ; timer:t0|r_reg[14] ; timer:t0|r_reg[15] ; CLOCK_50     ; CLOCK_50    ; 0.000        ; 0.072      ; 1.120      ;
; 0.878 ; timer:t0|r_reg[23] ; timer:t0|r_reg[24] ; CLOCK_50     ; CLOCK_50    ; 0.000        ; 0.072      ; 1.121      ;
; 0.880 ; timer:t0|r_reg[20] ; timer:t0|r_reg[21] ; CLOCK_50     ; CLOCK_50    ; 0.000        ; 0.072      ; 1.123      ;
; 0.880 ; timer:t0|r_reg[22] ; timer:t0|r_reg[23] ; CLOCK_50     ; CLOCK_50    ; 0.000        ; 0.072      ; 1.123      ;
; 0.886 ; timer:t0|r_reg[18] ; timer:t0|r_reg[20] ; CLOCK_50     ; CLOCK_50    ; 0.000        ; 0.072      ; 1.129      ;
; 0.886 ; timer:t0|r_reg[16] ; timer:t0|r_reg[18] ; CLOCK_50     ; CLOCK_50    ; 0.000        ; 0.072      ; 1.129      ;
; 0.886 ; timer:t0|r_reg[0]  ; timer:t0|r_reg[2]  ; CLOCK_50     ; CLOCK_50    ; 0.000        ; 0.072      ; 1.129      ;
; 0.887 ; timer:t0|r_reg[12] ; timer:t0|r_reg[13] ; CLOCK_50     ; CLOCK_50    ; 0.000        ; 0.072      ; 1.130      ;
; 0.888 ; timer:t0|r_reg[13] ; timer:t0|r_reg[14] ; CLOCK_50     ; CLOCK_50    ; 0.000        ; 0.072      ; 1.131      ;
; 0.888 ; timer:t0|r_reg[11] ; timer:t0|r_reg[12] ; CLOCK_50     ; CLOCK_50    ; 0.000        ; 0.072      ; 1.131      ;
; 0.888 ; timer:t0|r_reg[14] ; timer:t0|r_reg[16] ; CLOCK_50     ; CLOCK_50    ; 0.000        ; 0.072      ; 1.131      ;
; 0.891 ; timer:t0|r_reg[20] ; timer:t0|r_reg[22] ; CLOCK_50     ; CLOCK_50    ; 0.000        ; 0.072      ; 1.134      ;
; 0.891 ; timer:t0|r_reg[22] ; timer:t0|r_reg[24] ; CLOCK_50     ; CLOCK_50    ; 0.000        ; 0.072      ; 1.134      ;
; 0.898 ; timer:t0|r_reg[12] ; timer:t0|r_reg[14] ; CLOCK_50     ; CLOCK_50    ; 0.000        ; 0.072      ; 1.141      ;
; 0.941 ; timer:t0|h_reg[2]  ; timer:t0|h_reg[3]  ; CLOCK_50     ; CLOCK_50    ; 0.000        ; 0.071      ; 1.183      ;
; 0.945 ; timer:t0|h_reg[2]  ; timer:t0|h_reg[1]  ; CLOCK_50     ; CLOCK_50    ; 0.000        ; 0.071      ; 1.187      ;
; 0.946 ; timer:t0|h_reg[0]  ; timer:t0|h_reg[3]  ; CLOCK_50     ; CLOCK_50    ; 0.000        ; 0.071      ; 1.188      ;
; 0.948 ; timer:t0|h_reg[2]  ; timer:t0|h_reg[0]  ; CLOCK_50     ; CLOCK_50    ; 0.000        ; 0.071      ; 1.190      ;
; 0.950 ; timer:t0|h_reg[0]  ; timer:t0|h_reg[1]  ; CLOCK_50     ; CLOCK_50    ; 0.000        ; 0.071      ; 1.192      ;
; 0.950 ; timer:t0|h_reg[0]  ; timer:t0|h_reg[2]  ; CLOCK_50     ; CLOCK_50    ; 0.000        ; 0.071      ; 1.192      ;
; 0.972 ; timer:t0|r_reg[3]  ; timer:t0|r_reg[5]  ; CLOCK_50     ; CLOCK_50    ; 0.000        ; 0.072      ; 1.215      ;
; 0.972 ; timer:t0|r_reg[19] ; timer:t0|r_reg[21] ; CLOCK_50     ; CLOCK_50    ; 0.000        ; 0.072      ; 1.215      ;
; 0.974 ; timer:t0|r_reg[15] ; timer:t0|r_reg[17] ; CLOCK_50     ; CLOCK_50    ; 0.000        ; 0.072      ; 1.217      ;
; 0.975 ; timer:t0|r_reg[17] ; timer:t0|r_reg[19] ; CLOCK_50     ; CLOCK_50    ; 0.000        ; 0.072      ; 1.218      ;
; 0.975 ; timer:t0|r_reg[1]  ; timer:t0|r_reg[3]  ; CLOCK_50     ; CLOCK_50    ; 0.000        ; 0.072      ; 1.218      ;
; 0.976 ; timer:t0|r_reg[21] ; timer:t0|r_reg[23] ; CLOCK_50     ; CLOCK_50    ; 0.000        ; 0.072      ; 1.219      ;
; 0.977 ; timer:t0|r_reg[23] ; timer:t0|r_reg[25] ; CLOCK_50     ; CLOCK_50    ; 0.000        ; 0.072      ; 1.220      ;
; 0.983 ; timer:t0|r_reg[19] ; timer:t0|r_reg[22] ; CLOCK_50     ; CLOCK_50    ; 0.000        ; 0.072      ; 1.226      ;
; 0.985 ; timer:t0|r_reg[15] ; timer:t0|r_reg[18] ; CLOCK_50     ; CLOCK_50    ; 0.000        ; 0.072      ; 1.228      ;
; 0.985 ; timer:t0|r_reg[2]  ; timer:t0|r_reg[5]  ; CLOCK_50     ; CLOCK_50    ; 0.000        ; 0.072      ; 1.228      ;
; 0.985 ; timer:t0|r_reg[18] ; timer:t0|r_reg[21] ; CLOCK_50     ; CLOCK_50    ; 0.000        ; 0.072      ; 1.228      ;
; 0.985 ; timer:t0|r_reg[16] ; timer:t0|r_reg[19] ; CLOCK_50     ; CLOCK_50    ; 0.000        ; 0.072      ; 1.228      ;
; 0.985 ; timer:t0|r_reg[0]  ; timer:t0|r_reg[3]  ; CLOCK_50     ; CLOCK_50    ; 0.000        ; 0.072      ; 1.228      ;
; 0.986 ; timer:t0|r_reg[17] ; timer:t0|r_reg[20] ; CLOCK_50     ; CLOCK_50    ; 0.000        ; 0.072      ; 1.229      ;
; 0.987 ; timer:t0|r_reg[13] ; timer:t0|r_reg[15] ; CLOCK_50     ; CLOCK_50    ; 0.000        ; 0.072      ; 1.230      ;
; 0.987 ; timer:t0|r_reg[11] ; timer:t0|r_reg[13] ; CLOCK_50     ; CLOCK_50    ; 0.000        ; 0.072      ; 1.230      ;
; 0.987 ; timer:t0|r_reg[21] ; timer:t0|r_reg[24] ; CLOCK_50     ; CLOCK_50    ; 0.000        ; 0.072      ; 1.230      ;
; 0.987 ; timer:t0|r_reg[14] ; timer:t0|r_reg[17] ; CLOCK_50     ; CLOCK_50    ; 0.000        ; 0.072      ; 1.230      ;
; 0.989 ; timer:t0|h_reg[1]  ; timer:t0|h_reg[4]  ; CLOCK_50     ; CLOCK_50    ; 0.000        ; 0.071      ; 1.231      ;
; 0.990 ; timer:t0|r_reg[20] ; timer:t0|r_reg[23] ; CLOCK_50     ; CLOCK_50    ; 0.000        ; 0.072      ; 1.233      ;
; 0.990 ; timer:t0|r_reg[22] ; timer:t0|r_reg[25] ; CLOCK_50     ; CLOCK_50    ; 0.000        ; 0.072      ; 1.233      ;
; 0.996 ; timer:t0|r_reg[18] ; timer:t0|r_reg[22] ; CLOCK_50     ; CLOCK_50    ; 0.000        ; 0.072      ; 1.239      ;
; 0.996 ; timer:t0|r_reg[16] ; timer:t0|r_reg[20] ; CLOCK_50     ; CLOCK_50    ; 0.000        ; 0.072      ; 1.239      ;
; 0.997 ; timer:t0|r_reg[12] ; timer:t0|r_reg[15] ; CLOCK_50     ; CLOCK_50    ; 0.000        ; 0.072      ; 1.240      ;
; 0.998 ; timer:t0|r_reg[13] ; timer:t0|r_reg[16] ; CLOCK_50     ; CLOCK_50    ; 0.000        ; 0.072      ; 1.241      ;
; 0.998 ; timer:t0|r_reg[11] ; timer:t0|r_reg[14] ; CLOCK_50     ; CLOCK_50    ; 0.000        ; 0.072      ; 1.241      ;
; 0.998 ; timer:t0|r_reg[14] ; timer:t0|r_reg[18] ; CLOCK_50     ; CLOCK_50    ; 0.000        ; 0.072      ; 1.241      ;
; 1.001 ; timer:t0|r_reg[20] ; timer:t0|r_reg[24] ; CLOCK_50     ; CLOCK_50    ; 0.000        ; 0.072      ; 1.244      ;
; 1.008 ; timer:t0|r_reg[12] ; timer:t0|r_reg[16] ; CLOCK_50     ; CLOCK_50    ; 0.000        ; 0.072      ; 1.251      ;
; 1.082 ; timer:t0|r_reg[19] ; timer:t0|r_reg[23] ; CLOCK_50     ; CLOCK_50    ; 0.000        ; 0.072      ; 1.325      ;
+-------+--------------------+--------------------+--------------+-------------+--------------+------------+------------+


+--------------------------------------------------------------------------------------------------------------------------------------------------------------------------------------------------------------------------------------------------+
; Slow 1200mV 0C Model Hold: 'pll_timer_inst|altpll_component|auto_generated|pll1|clk[0]'                                                                                                                                                          ;
+-------+-----------------------------------+-----------------------------------+------------------------------------------------------------+------------------------------------------------------------+--------------+------------+------------+
; Slack ; From Node                         ; To Node                           ; Launch Clock                                               ; Latch Clock                                                ; Relationship ; Clock Skew ; Data Delay ;
+-------+-----------------------------------+-----------------------------------+------------------------------------------------------------+------------------------------------------------------------+--------------+------------+------------+
; 0.354 ; bin2bcd:bin2bcd0|bcds[0]          ; bin2bcd:bin2bcd0|bcds[0]          ; pll_timer_inst|altpll_component|auto_generated|pll1|clk[0] ; pll_timer_inst|altpll_component|auto_generated|pll1|clk[0] ; 0.000        ; 0.072      ; 0.597      ;
; 0.355 ; bin2bcd:bin2bcd0|bcds[1]          ; bin2bcd:bin2bcd0|bcds[1]          ; pll_timer_inst|altpll_component|auto_generated|pll1|clk[0] ; pll_timer_inst|altpll_component|auto_generated|pll1|clk[0] ; 0.000        ; 0.071      ; 0.597      ;
; 0.355 ; bin2bcd:bin2bcd0|bcds[3]          ; bin2bcd:bin2bcd0|bcds[3]          ; pll_timer_inst|altpll_component|auto_generated|pll1|clk[0] ; pll_timer_inst|altpll_component|auto_generated|pll1|clk[0] ; 0.000        ; 0.071      ; 0.597      ;
; 0.355 ; bin2bcd:bin2bcd0|bcds[2]          ; bin2bcd:bin2bcd0|bcds[2]          ; pll_timer_inst|altpll_component|auto_generated|pll1|clk[0] ; pll_timer_inst|altpll_component|auto_generated|pll1|clk[0] ; 0.000        ; 0.071      ; 0.597      ;
; 0.355 ; bin2bcd:bin2bcd0|bcds[5]          ; bin2bcd:bin2bcd0|bcds[5]          ; pll_timer_inst|altpll_component|auto_generated|pll1|clk[0] ; pll_timer_inst|altpll_component|auto_generated|pll1|clk[0] ; 0.000        ; 0.071      ; 0.597      ;
; 0.355 ; bin2bcd:bin2bcd0|bcds[6]          ; bin2bcd:bin2bcd0|bcds[6]          ; pll_timer_inst|altpll_component|auto_generated|pll1|clk[0] ; pll_timer_inst|altpll_component|auto_generated|pll1|clk[0] ; 0.000        ; 0.071      ; 0.597      ;
; 0.355 ; bin2bcd:bin2bcd0|bcds[4]          ; bin2bcd:bin2bcd0|bcds[4]          ; pll_timer_inst|altpll_component|auto_generated|pll1|clk[0] ; pll_timer_inst|altpll_component|auto_generated|pll1|clk[0] ; 0.000        ; 0.071      ; 0.597      ;
; 0.355 ; bin2bcd:bin2bcd0|shift_counter[1] ; bin2bcd:bin2bcd0|shift_counter[1] ; pll_timer_inst|altpll_component|auto_generated|pll1|clk[0] ; pll_timer_inst|altpll_component|auto_generated|pll1|clk[0] ; 0.000        ; 0.071      ; 0.597      ;
; 0.355 ; bin2bcd:bin2bcd0|shift_counter[2] ; bin2bcd:bin2bcd0|shift_counter[2] ; pll_timer_inst|altpll_component|auto_generated|pll1|clk[0] ; pll_timer_inst|altpll_component|auto_generated|pll1|clk[0] ; 0.000        ; 0.071      ; 0.597      ;
; 0.356 ; bin2bcd:bin2bcd2|bcds[5]          ; bin2bcd:bin2bcd2|bcds[5]          ; pll_timer_inst|altpll_component|auto_generated|pll1|clk[0] ; pll_timer_inst|altpll_component|auto_generated|pll1|clk[0] ; 0.000        ; 0.070      ; 0.597      ;
; 0.356 ; bin2bcd:bin2bcd2|bcds[6]          ; bin2bcd:bin2bcd2|bcds[6]          ; pll_timer_inst|altpll_component|auto_generated|pll1|clk[0] ; pll_timer_inst|altpll_component|auto_generated|pll1|clk[0] ; 0.000        ; 0.070      ; 0.597      ;
; 0.356 ; bin2bcd:bin2bcd2|bcds[4]          ; bin2bcd:bin2bcd2|bcds[4]          ; pll_timer_inst|altpll_component|auto_generated|pll1|clk[0] ; pll_timer_inst|altpll_component|auto_generated|pll1|clk[0] ; 0.000        ; 0.070      ; 0.597      ;
; 0.356 ; bin2bcd:bin2bcd2|bcds[1]          ; bin2bcd:bin2bcd2|bcds[1]          ; pll_timer_inst|altpll_component|auto_generated|pll1|clk[0] ; pll_timer_inst|altpll_component|auto_generated|pll1|clk[0] ; 0.000        ; 0.070      ; 0.597      ;
; 0.356 ; bin2bcd:bin2bcd2|bcds[3]          ; bin2bcd:bin2bcd2|bcds[3]          ; pll_timer_inst|altpll_component|auto_generated|pll1|clk[0] ; pll_timer_inst|altpll_component|auto_generated|pll1|clk[0] ; 0.000        ; 0.070      ; 0.597      ;
; 0.356 ; bin2bcd:bin2bcd2|bcds[2]          ; bin2bcd:bin2bcd2|bcds[2]          ; pll_timer_inst|altpll_component|auto_generated|pll1|clk[0] ; pll_timer_inst|altpll_component|auto_generated|pll1|clk[0] ; 0.000        ; 0.070      ; 0.597      ;
; 0.356 ; bin2bcd:bin2bcd2|bcds[0]          ; bin2bcd:bin2bcd2|bcds[0]          ; pll_timer_inst|altpll_component|auto_generated|pll1|clk[0] ; pll_timer_inst|altpll_component|auto_generated|pll1|clk[0] ; 0.000        ; 0.070      ; 0.597      ;
; 0.356 ; bin2bcd:bin2bcd1|bcds[5]          ; bin2bcd:bin2bcd1|bcds[5]          ; pll_timer_inst|altpll_component|auto_generated|pll1|clk[0] ; pll_timer_inst|altpll_component|auto_generated|pll1|clk[0] ; 0.000        ; 0.070      ; 0.597      ;
; 0.356 ; bin2bcd:bin2bcd1|bcds[6]          ; bin2bcd:bin2bcd1|bcds[6]          ; pll_timer_inst|altpll_component|auto_generated|pll1|clk[0] ; pll_timer_inst|altpll_component|auto_generated|pll1|clk[0] ; 0.000        ; 0.070      ; 0.597      ;
; 0.356 ; bin2bcd:bin2bcd1|bcds[3]          ; bin2bcd:bin2bcd1|bcds[3]          ; pll_timer_inst|altpll_component|auto_generated|pll1|clk[0] ; pll_timer_inst|altpll_component|auto_generated|pll1|clk[0] ; 0.000        ; 0.070      ; 0.597      ;
; 0.356 ; bin2bcd:bin2bcd1|bcds[0]          ; bin2bcd:bin2bcd1|bcds[0]          ; pll_timer_inst|altpll_component|auto_generated|pll1|clk[0] ; pll_timer_inst|altpll_component|auto_generated|pll1|clk[0] ; 0.000        ; 0.070      ; 0.597      ;
; 0.356 ; bin2bcd:bin2bcd0|shift_counter[0] ; bin2bcd:bin2bcd0|shift_counter[0] ; pll_timer_inst|altpll_component|auto_generated|pll1|clk[0] ; pll_timer_inst|altpll_component|auto_generated|pll1|clk[0] ; 0.000        ; 0.070      ; 0.597      ;
; 0.356 ; bin2bcd:bin2bcd2|shift_counter[0] ; bin2bcd:bin2bcd2|shift_counter[0] ; pll_timer_inst|altpll_component|auto_generated|pll1|clk[0] ; pll_timer_inst|altpll_component|auto_generated|pll1|clk[0] ; 0.000        ; 0.070      ; 0.597      ;
; 0.356 ; bin2bcd:bin2bcd2|shift_counter[2] ; bin2bcd:bin2bcd2|shift_counter[2] ; pll_timer_inst|altpll_component|auto_generated|pll1|clk[0] ; pll_timer_inst|altpll_component|auto_generated|pll1|clk[0] ; 0.000        ; 0.070      ; 0.597      ;
; 0.357 ; bin2bcd:bin2bcd1|bcds[4]          ; bin2bcd:bin2bcd1|bcds[4]          ; pll_timer_inst|altpll_component|auto_generated|pll1|clk[0] ; pll_timer_inst|altpll_component|auto_generated|pll1|clk[0] ; 0.000        ; 0.069      ; 0.597      ;
; 0.357 ; bin2bcd:bin2bcd1|bcds[1]          ; bin2bcd:bin2bcd1|bcds[1]          ; pll_timer_inst|altpll_component|auto_generated|pll1|clk[0] ; pll_timer_inst|altpll_component|auto_generated|pll1|clk[0] ; 0.000        ; 0.069      ; 0.597      ;
; 0.357 ; bin2bcd:bin2bcd1|bcds[2]          ; bin2bcd:bin2bcd1|bcds[2]          ; pll_timer_inst|altpll_component|auto_generated|pll1|clk[0] ; pll_timer_inst|altpll_component|auto_generated|pll1|clk[0] ; 0.000        ; 0.069      ; 0.597      ;
; 0.380 ; bin2bcd:bin2bcd0|state.start      ; bin2bcd:bin2bcd0|state.shift      ; pll_timer_inst|altpll_component|auto_generated|pll1|clk[0] ; pll_timer_inst|altpll_component|auto_generated|pll1|clk[0] ; 0.000        ; 0.072      ; 0.623      ;
; 0.434 ; bin2bcd:bin2bcd2|state.done       ; bin2bcd:bin2bcd2|state.start      ; pll_timer_inst|altpll_component|auto_generated|pll1|clk[0] ; pll_timer_inst|altpll_component|auto_generated|pll1|clk[0] ; 0.000        ; 0.070      ; 0.675      ;
; 0.441 ; bin2bcd:bin2bcd0|bcds[6]          ; bin2bcd:bin2bcd0|bcds[7]          ; pll_timer_inst|altpll_component|auto_generated|pll1|clk[0] ; pll_timer_inst|altpll_component|auto_generated|pll1|clk[0] ; 0.000        ; 0.071      ; 0.683      ;
; 0.445 ; bin2bcd:bin2bcd2|state.done       ; bin2bcd:bin2bcd2|shift_counter[0] ; pll_timer_inst|altpll_component|auto_generated|pll1|clk[0] ; pll_timer_inst|altpll_component|auto_generated|pll1|clk[0] ; 0.000        ; 0.070      ; 0.686      ;
; 0.447 ; bin2bcd:bin2bcd2|state.done       ; bin2bcd:bin2bcd2|shift_counter[2] ; pll_timer_inst|altpll_component|auto_generated|pll1|clk[0] ; pll_timer_inst|altpll_component|auto_generated|pll1|clk[0] ; 0.000        ; 0.070      ; 0.688      ;
; 0.469 ; bin2bcd:bin2bcd0|state.shift      ; bin2bcd:bin2bcd1|binary[4]        ; pll_timer_inst|altpll_component|auto_generated|pll1|clk[0] ; pll_timer_inst|altpll_component|auto_generated|pll1|clk[0] ; 0.000        ; 0.072      ; 0.712      ;
; 0.470 ; bin2bcd:bin2bcd0|state.shift      ; bin2bcd:bin2bcd1|binary[1]        ; pll_timer_inst|altpll_component|auto_generated|pll1|clk[0] ; pll_timer_inst|altpll_component|auto_generated|pll1|clk[0] ; 0.000        ; 0.072      ; 0.713      ;
; 0.472 ; bin2bcd:bin2bcd0|state.shift      ; bin2bcd:bin2bcd0|binary[5]        ; pll_timer_inst|altpll_component|auto_generated|pll1|clk[0] ; pll_timer_inst|altpll_component|auto_generated|pll1|clk[0] ; 0.000        ; 0.072      ; 0.715      ;
; 0.472 ; bin2bcd:bin2bcd2|state.shift      ; bin2bcd:bin2bcd2|binary[0]        ; pll_timer_inst|altpll_component|auto_generated|pll1|clk[0] ; pll_timer_inst|altpll_component|auto_generated|pll1|clk[0] ; 0.000        ; 0.070      ; 0.713      ;
; 0.473 ; bin2bcd:bin2bcd2|state.shift      ; bin2bcd:bin2bcd2|binary[3]        ; pll_timer_inst|altpll_component|auto_generated|pll1|clk[0] ; pll_timer_inst|altpll_component|auto_generated|pll1|clk[0] ; 0.000        ; 0.070      ; 0.714      ;
; 0.473 ; bin2bcd:bin2bcd0|state.shift      ; bin2bcd:bin2bcd0|binary[1]        ; pll_timer_inst|altpll_component|auto_generated|pll1|clk[0] ; pll_timer_inst|altpll_component|auto_generated|pll1|clk[0] ; 0.000        ; 0.072      ; 0.716      ;
; 0.474 ; bin2bcd:bin2bcd0|state.shift      ; bin2bcd:bin2bcd1|binary[2]        ; pll_timer_inst|altpll_component|auto_generated|pll1|clk[0] ; pll_timer_inst|altpll_component|auto_generated|pll1|clk[0] ; 0.000        ; 0.072      ; 0.717      ;
; 0.475 ; bin2bcd:bin2bcd0|state.shift      ; bin2bcd:bin2bcd0|binary[4]        ; pll_timer_inst|altpll_component|auto_generated|pll1|clk[0] ; pll_timer_inst|altpll_component|auto_generated|pll1|clk[0] ; 0.000        ; 0.072      ; 0.718      ;
; 0.475 ; bin2bcd:bin2bcd0|state.shift      ; bin2bcd:bin2bcd0|binary[2]        ; pll_timer_inst|altpll_component|auto_generated|pll1|clk[0] ; pll_timer_inst|altpll_component|auto_generated|pll1|clk[0] ; 0.000        ; 0.072      ; 0.718      ;
; 0.476 ; bin2bcd:bin2bcd0|state.shift      ; bin2bcd:bin2bcd1|binary[5]        ; pll_timer_inst|altpll_component|auto_generated|pll1|clk[0] ; pll_timer_inst|altpll_component|auto_generated|pll1|clk[0] ; 0.000        ; 0.072      ; 0.719      ;
; 0.476 ; bin2bcd:bin2bcd0|state.shift      ; bin2bcd:bin2bcd1|binary[0]        ; pll_timer_inst|altpll_component|auto_generated|pll1|clk[0] ; pll_timer_inst|altpll_component|auto_generated|pll1|clk[0] ; 0.000        ; 0.072      ; 0.719      ;
; 0.477 ; bin2bcd:bin2bcd2|state.shift      ; bin2bcd:bin2bcd2|binary[4]        ; pll_timer_inst|altpll_component|auto_generated|pll1|clk[0] ; pll_timer_inst|altpll_component|auto_generated|pll1|clk[0] ; 0.000        ; 0.070      ; 0.718      ;
; 0.477 ; bin2bcd:bin2bcd0|state.shift      ; bin2bcd:bin2bcd1|binary[3]        ; pll_timer_inst|altpll_component|auto_generated|pll1|clk[0] ; pll_timer_inst|altpll_component|auto_generated|pll1|clk[0] ; 0.000        ; 0.072      ; 0.720      ;
; 0.477 ; bin2bcd:bin2bcd0|state.shift      ; bin2bcd:bin2bcd0|binary[0]        ; pll_timer_inst|altpll_component|auto_generated|pll1|clk[0] ; pll_timer_inst|altpll_component|auto_generated|pll1|clk[0] ; 0.000        ; 0.072      ; 0.720      ;
; 0.478 ; bin2bcd:bin2bcd0|state.shift      ; bin2bcd:bin2bcd0|binary[3]        ; pll_timer_inst|altpll_component|auto_generated|pll1|clk[0] ; pll_timer_inst|altpll_component|auto_generated|pll1|clk[0] ; 0.000        ; 0.072      ; 0.721      ;
; 0.485 ; bin2bcd:bin2bcd2|state.shift      ; bin2bcd:bin2bcd2|state.done       ; pll_timer_inst|altpll_component|auto_generated|pll1|clk[0] ; pll_timer_inst|altpll_component|auto_generated|pll1|clk[0] ; 0.000        ; 0.070      ; 0.726      ;
; 0.486 ; bin2bcd:bin2bcd2|state.shift      ; bin2bcd:bin2bcd2|shift_counter[1] ; pll_timer_inst|altpll_component|auto_generated|pll1|clk[0] ; pll_timer_inst|altpll_component|auto_generated|pll1|clk[0] ; 0.000        ; 0.070      ; 0.727      ;
; 0.508 ; bin2bcd:bin2bcd0|binary[0]        ; bin2bcd:bin2bcd0|binary[1]        ; pll_timer_inst|altpll_component|auto_generated|pll1|clk[0] ; pll_timer_inst|altpll_component|auto_generated|pll1|clk[0] ; 0.000        ; 0.072      ; 0.751      ;
; 0.508 ; bin2bcd:bin2bcd1|binary[2]        ; bin2bcd:bin2bcd1|binary[3]        ; pll_timer_inst|altpll_component|auto_generated|pll1|clk[0] ; pll_timer_inst|altpll_component|auto_generated|pll1|clk[0] ; 0.000        ; 0.072      ; 0.751      ;
; 0.509 ; bin2bcd:bin2bcd1|binary[4]        ; bin2bcd:bin2bcd1|binary[5]        ; pll_timer_inst|altpll_component|auto_generated|pll1|clk[0] ; pll_timer_inst|altpll_component|auto_generated|pll1|clk[0] ; 0.000        ; 0.072      ; 0.752      ;
; 0.511 ; bin2bcd:bin2bcd2|binary[1]        ; bin2bcd:bin2bcd2|binary[2]        ; pll_timer_inst|altpll_component|auto_generated|pll1|clk[0] ; pll_timer_inst|altpll_component|auto_generated|pll1|clk[0] ; 0.000        ; 0.070      ; 0.752      ;
; 0.522 ; bin2bcd:bin2bcd2|binary[0]        ; bin2bcd:bin2bcd2|binary[1]        ; pll_timer_inst|altpll_component|auto_generated|pll1|clk[0] ; pll_timer_inst|altpll_component|auto_generated|pll1|clk[0] ; 0.000        ; 0.070      ; 0.763      ;
; 0.563 ; bin2bcd:bin2bcd2|binary[0]        ; bin2bcd:bin2bcd2|binary[0]        ; pll_timer_inst|altpll_component|auto_generated|pll1|clk[0] ; pll_timer_inst|altpll_component|auto_generated|pll1|clk[0] ; 0.000        ; 0.070      ; 0.804      ;
; 0.564 ; bin2bcd:bin2bcd0|bcds[3]          ; bin2bcd:bin2bcd0|bcds_out_reg[3]  ; pll_timer_inst|altpll_component|auto_generated|pll1|clk[0] ; pll_timer_inst|altpll_component|auto_generated|pll1|clk[0] ; 0.000        ; 0.071      ; 0.806      ;
; 0.570 ; bin2bcd:bin2bcd2|bcds[7]          ; bin2bcd:bin2bcd2|bcds_out_reg[7]  ; pll_timer_inst|altpll_component|auto_generated|pll1|clk[0] ; pll_timer_inst|altpll_component|auto_generated|pll1|clk[0] ; 0.000        ; 0.070      ; 0.811      ;
; 0.571 ; bin2bcd:bin2bcd1|bcds[1]          ; bin2bcd:bin2bcd1|bcds_out_reg[1]  ; pll_timer_inst|altpll_component|auto_generated|pll1|clk[0] ; pll_timer_inst|altpll_component|auto_generated|pll1|clk[0] ; 0.000        ; 0.069      ; 0.811      ;
; 0.581 ; bin2bcd:bin2bcd1|bcds[5]          ; bin2bcd:bin2bcd1|bcds_out_reg[5]  ; pll_timer_inst|altpll_component|auto_generated|pll1|clk[0] ; pll_timer_inst|altpll_component|auto_generated|pll1|clk[0] ; 0.000        ; 0.070      ; 0.822      ;
; 0.582 ; bin2bcd:bin2bcd0|bcds[1]          ; bin2bcd:bin2bcd0|bcds_out_reg[1]  ; pll_timer_inst|altpll_component|auto_generated|pll1|clk[0] ; pll_timer_inst|altpll_component|auto_generated|pll1|clk[0] ; 0.000        ; 0.071      ; 0.824      ;
; 0.582 ; bin2bcd:bin2bcd0|binary[4]        ; bin2bcd:bin2bcd0|binary[5]        ; pll_timer_inst|altpll_component|auto_generated|pll1|clk[0] ; pll_timer_inst|altpll_component|auto_generated|pll1|clk[0] ; 0.000        ; 0.072      ; 0.825      ;
; 0.582 ; bin2bcd:bin2bcd1|binary[1]        ; bin2bcd:bin2bcd1|binary[2]        ; pll_timer_inst|altpll_component|auto_generated|pll1|clk[0] ; pll_timer_inst|altpll_component|auto_generated|pll1|clk[0] ; 0.000        ; 0.072      ; 0.825      ;
; 0.582 ; bin2bcd:bin2bcd0|binary[2]        ; bin2bcd:bin2bcd0|binary[3]        ; pll_timer_inst|altpll_component|auto_generated|pll1|clk[0] ; pll_timer_inst|altpll_component|auto_generated|pll1|clk[0] ; 0.000        ; 0.072      ; 0.825      ;
; 0.584 ; bin2bcd:bin2bcd1|binary[0]        ; bin2bcd:bin2bcd1|binary[1]        ; pll_timer_inst|altpll_component|auto_generated|pll1|clk[0] ; pll_timer_inst|altpll_component|auto_generated|pll1|clk[0] ; 0.000        ; 0.072      ; 0.827      ;
; 0.585 ; bin2bcd:bin2bcd2|binary[2]        ; bin2bcd:bin2bcd2|binary[3]        ; pll_timer_inst|altpll_component|auto_generated|pll1|clk[0] ; pll_timer_inst|altpll_component|auto_generated|pll1|clk[0] ; 0.000        ; 0.070      ; 0.826      ;
; 0.585 ; bin2bcd:bin2bcd0|binary[3]        ; bin2bcd:bin2bcd0|binary[4]        ; pll_timer_inst|altpll_component|auto_generated|pll1|clk[0] ; pll_timer_inst|altpll_component|auto_generated|pll1|clk[0] ; 0.000        ; 0.072      ; 0.828      ;
; 0.585 ; bin2bcd:bin2bcd2|binary[3]        ; bin2bcd:bin2bcd2|binary[4]        ; pll_timer_inst|altpll_component|auto_generated|pll1|clk[0] ; pll_timer_inst|altpll_component|auto_generated|pll1|clk[0] ; 0.000        ; 0.070      ; 0.826      ;
; 0.586 ; bin2bcd:bin2bcd0|binary[1]        ; bin2bcd:bin2bcd0|binary[2]        ; pll_timer_inst|altpll_component|auto_generated|pll1|clk[0] ; pll_timer_inst|altpll_component|auto_generated|pll1|clk[0] ; 0.000        ; 0.072      ; 0.829      ;
; 0.588 ; bin2bcd:bin2bcd1|binary[3]        ; bin2bcd:bin2bcd1|binary[4]        ; pll_timer_inst|altpll_component|auto_generated|pll1|clk[0] ; pll_timer_inst|altpll_component|auto_generated|pll1|clk[0] ; 0.000        ; 0.072      ; 0.831      ;
; 0.591 ; bin2bcd:bin2bcd1|bcds[6]          ; bin2bcd:bin2bcd1|bcds_out_reg[6]  ; pll_timer_inst|altpll_component|auto_generated|pll1|clk[0] ; pll_timer_inst|altpll_component|auto_generated|pll1|clk[0] ; 0.000        ; 0.070      ; 0.832      ;
; 0.595 ; bin2bcd:bin2bcd0|shift_counter[2] ; bin2bcd:bin2bcd0|state.done       ; pll_timer_inst|altpll_component|auto_generated|pll1|clk[0] ; pll_timer_inst|altpll_component|auto_generated|pll1|clk[0] ; 0.000        ; 0.071      ; 0.837      ;
; 0.599 ; bin2bcd:bin2bcd0|state.done       ; bin2bcd:bin2bcd0|bcds[4]          ; pll_timer_inst|altpll_component|auto_generated|pll1|clk[0] ; pll_timer_inst|altpll_component|auto_generated|pll1|clk[0] ; 0.000        ; 0.071      ; 0.841      ;
; 0.603 ; bin2bcd:bin2bcd0|state.done       ; bin2bcd:bin2bcd0|shift_counter[2] ; pll_timer_inst|altpll_component|auto_generated|pll1|clk[0] ; pll_timer_inst|altpll_component|auto_generated|pll1|clk[0] ; 0.000        ; 0.071      ; 0.845      ;
; 0.605 ; bin2bcd:bin2bcd0|shift_counter[1] ; bin2bcd:bin2bcd0|state.done       ; pll_timer_inst|altpll_component|auto_generated|pll1|clk[0] ; pll_timer_inst|altpll_component|auto_generated|pll1|clk[0] ; 0.000        ; 0.071      ; 0.847      ;
; 0.611 ; bin2bcd:bin2bcd2|bcds[6]          ; bin2bcd:bin2bcd2|bcds[7]          ; pll_timer_inst|altpll_component|auto_generated|pll1|clk[0] ; pll_timer_inst|altpll_component|auto_generated|pll1|clk[0] ; 0.000        ; 0.070      ; 0.852      ;
; 0.612 ; bin2bcd:bin2bcd2|state.start      ; bin2bcd:bin2bcd2|state.shift      ; pll_timer_inst|altpll_component|auto_generated|pll1|clk[0] ; pll_timer_inst|altpll_component|auto_generated|pll1|clk[0] ; 0.000        ; 0.070      ; 0.853      ;
; 0.651 ; bin2bcd:bin2bcd2|shift_counter[0] ; bin2bcd:bin2bcd2|state.done       ; pll_timer_inst|altpll_component|auto_generated|pll1|clk[0] ; pll_timer_inst|altpll_component|auto_generated|pll1|clk[0] ; 0.000        ; 0.070      ; 0.892      ;
; 0.655 ; bin2bcd:bin2bcd2|shift_counter[1] ; bin2bcd:bin2bcd2|state.done       ; pll_timer_inst|altpll_component|auto_generated|pll1|clk[0] ; pll_timer_inst|altpll_component|auto_generated|pll1|clk[0] ; 0.000        ; 0.070      ; 0.896      ;
; 0.667 ; bin2bcd:bin2bcd1|bcds[6]          ; bin2bcd:bin2bcd1|bcds[7]          ; pll_timer_inst|altpll_component|auto_generated|pll1|clk[0] ; pll_timer_inst|altpll_component|auto_generated|pll1|clk[0] ; 0.000        ; 0.070      ; 0.908      ;
; 0.678 ; bin2bcd:bin2bcd2|state.shift      ; bin2bcd:bin2bcd2|shift_counter[2] ; pll_timer_inst|altpll_component|auto_generated|pll1|clk[0] ; pll_timer_inst|altpll_component|auto_generated|pll1|clk[0] ; 0.000        ; 0.070      ; 0.919      ;
; 0.689 ; bin2bcd:bin2bcd2|shift_counter[2] ; bin2bcd:bin2bcd2|shift_counter[1] ; pll_timer_inst|altpll_component|auto_generated|pll1|clk[0] ; pll_timer_inst|altpll_component|auto_generated|pll1|clk[0] ; 0.000        ; 0.070      ; 0.930      ;
; 0.696 ; bin2bcd:bin2bcd2|state.shift      ; bin2bcd:bin2bcd2|shift_counter[0] ; pll_timer_inst|altpll_component|auto_generated|pll1|clk[0] ; pll_timer_inst|altpll_component|auto_generated|pll1|clk[0] ; 0.000        ; 0.070      ; 0.937      ;
; 0.699 ; bin2bcd:bin2bcd2|shift_counter[2] ; bin2bcd:bin2bcd2|state.done       ; pll_timer_inst|altpll_component|auto_generated|pll1|clk[0] ; pll_timer_inst|altpll_component|auto_generated|pll1|clk[0] ; 0.000        ; 0.070      ; 0.940      ;
; 0.699 ; bin2bcd:bin2bcd2|state.shift      ; bin2bcd:bin2bcd2|binary[1]        ; pll_timer_inst|altpll_component|auto_generated|pll1|clk[0] ; pll_timer_inst|altpll_component|auto_generated|pll1|clk[0] ; 0.000        ; 0.070      ; 0.940      ;
; 0.706 ; bin2bcd:bin2bcd2|state.shift      ; bin2bcd:bin2bcd2|binary[2]        ; pll_timer_inst|altpll_component|auto_generated|pll1|clk[0] ; pll_timer_inst|altpll_component|auto_generated|pll1|clk[0] ; 0.000        ; 0.070      ; 0.947      ;
; 0.721 ; bin2bcd:bin2bcd2|bcds[3]          ; bin2bcd:bin2bcd2|bcds[1]          ; pll_timer_inst|altpll_component|auto_generated|pll1|clk[0] ; pll_timer_inst|altpll_component|auto_generated|pll1|clk[0] ; 0.000        ; 0.070      ; 0.962      ;
; 0.749 ; bin2bcd:bin2bcd2|bcds[6]          ; bin2bcd:bin2bcd2|bcds_out_reg[6]  ; pll_timer_inst|altpll_component|auto_generated|pll1|clk[0] ; pll_timer_inst|altpll_component|auto_generated|pll1|clk[0] ; 0.000        ; 0.070      ; 0.990      ;
; 0.749 ; bin2bcd:bin2bcd0|bcds[4]          ; bin2bcd:bin2bcd0|bcds_out_reg[4]  ; pll_timer_inst|altpll_component|auto_generated|pll1|clk[0] ; pll_timer_inst|altpll_component|auto_generated|pll1|clk[0] ; 0.000        ; 0.074      ; 0.994      ;
; 0.751 ; bin2bcd:bin2bcd0|bcds[5]          ; bin2bcd:bin2bcd0|bcds_out_reg[5]  ; pll_timer_inst|altpll_component|auto_generated|pll1|clk[0] ; pll_timer_inst|altpll_component|auto_generated|pll1|clk[0] ; 0.000        ; 0.074      ; 0.996      ;
; 0.769 ; bin2bcd:bin2bcd0|bcds[6]          ; bin2bcd:bin2bcd0|bcds_out_reg[6]  ; pll_timer_inst|altpll_component|auto_generated|pll1|clk[0] ; pll_timer_inst|altpll_component|auto_generated|pll1|clk[0] ; 0.000        ; 0.074      ; 1.014      ;
; 0.817 ; bin2bcd:bin2bcd1|bcds[1]          ; bin2bcd:bin2bcd1|bcds[2]          ; pll_timer_inst|altpll_component|auto_generated|pll1|clk[0] ; pll_timer_inst|altpll_component|auto_generated|pll1|clk[0] ; 0.000        ; 0.069      ; 1.057      ;
; 0.832 ; bin2bcd:bin2bcd2|state.done       ; bin2bcd:bin2bcd2|binary[0]        ; pll_timer_inst|altpll_component|auto_generated|pll1|clk[0] ; pll_timer_inst|altpll_component|auto_generated|pll1|clk[0] ; 0.000        ; 0.070      ; 1.073      ;
; 0.919 ; bin2bcd:bin2bcd0|shift_counter[1] ; bin2bcd:bin2bcd0|shift_counter[2] ; pll_timer_inst|altpll_component|auto_generated|pll1|clk[0] ; pll_timer_inst|altpll_component|auto_generated|pll1|clk[0] ; 0.000        ; 0.071      ; 1.161      ;
; 0.924 ; bin2bcd:bin2bcd1|bcds[2]          ; bin2bcd:bin2bcd1|bcds_out_reg[2]  ; pll_timer_inst|altpll_component|auto_generated|pll1|clk[0] ; pll_timer_inst|altpll_component|auto_generated|pll1|clk[0] ; 0.000        ; 0.069      ; 1.164      ;
; 0.927 ; bin2bcd:bin2bcd0|bcds[7]          ; bin2bcd:bin2bcd0|bcds_out_reg[7]  ; pll_timer_inst|altpll_component|auto_generated|pll1|clk[0] ; pll_timer_inst|altpll_component|auto_generated|pll1|clk[0] ; 0.000        ; 0.074      ; 1.172      ;
; 0.928 ; bin2bcd:bin2bcd2|shift_counter[1] ; bin2bcd:bin2bcd2|binary[0]        ; pll_timer_inst|altpll_component|auto_generated|pll1|clk[0] ; pll_timer_inst|altpll_component|auto_generated|pll1|clk[0] ; 0.000        ; 0.070      ; 1.169      ;
; 0.929 ; bin2bcd:bin2bcd1|bcds[7]          ; bin2bcd:bin2bcd1|bcds_out_reg[7]  ; pll_timer_inst|altpll_component|auto_generated|pll1|clk[0] ; pll_timer_inst|altpll_component|auto_generated|pll1|clk[0] ; 0.000        ; 0.070      ; 1.170      ;
; 0.932 ; bin2bcd:bin2bcd2|bcds[3]          ; bin2bcd:bin2bcd2|bcds[4]          ; pll_timer_inst|altpll_component|auto_generated|pll1|clk[0] ; pll_timer_inst|altpll_component|auto_generated|pll1|clk[0] ; 0.000        ; 0.070      ; 1.173      ;
; 0.935 ; bin2bcd:bin2bcd0|bcds[2]          ; bin2bcd:bin2bcd0|bcds_out_reg[2]  ; pll_timer_inst|altpll_component|auto_generated|pll1|clk[0] ; pll_timer_inst|altpll_component|auto_generated|pll1|clk[0] ; 0.000        ; 0.071      ; 1.177      ;
; 0.937 ; bin2bcd:bin2bcd0|bcds[4]          ; bin2bcd:bin2bcd0|bcds[5]          ; pll_timer_inst|altpll_component|auto_generated|pll1|clk[0] ; pll_timer_inst|altpll_component|auto_generated|pll1|clk[0] ; 0.000        ; 0.071      ; 1.179      ;
; 0.938 ; bin2bcd:bin2bcd0|state.done       ; bin2bcd:bin2bcd0|bcds[5]          ; pll_timer_inst|altpll_component|auto_generated|pll1|clk[0] ; pll_timer_inst|altpll_component|auto_generated|pll1|clk[0] ; 0.000        ; 0.071      ; 1.180      ;
+-------+-----------------------------------+-----------------------------------+------------------------------------------------------------+------------------------------------------------------------+--------------+------------+------------+


+-----------------------------------------------------------------------------------------------------------------------------------------------------------------------------+
; Slow 1200mV 0C Model Recovery: 'pll_timer_inst|altpll_component|auto_generated|pll1|clk[0]'                                                                                 ;
+--------+-----------+-----------------------------------+--------------+------------------------------------------------------------+--------------+------------+------------+
; Slack  ; From Node ; To Node                           ; Launch Clock ; Latch Clock                                                ; Relationship ; Clock Skew ; Data Delay ;
+--------+-----------+-----------------------------------+--------------+------------------------------------------------------------+--------------+------------+------------+
; 3.699  ; KEY[0]    ; bin2bcd:bin2bcd2|bcds_out_reg[4]  ; CLOCK_50     ; pll_timer_inst|altpll_component|auto_generated|pll1|clk[0] ; 10.000       ; -0.063     ; 6.187      ;
; 3.699  ; KEY[0]    ; bin2bcd:bin2bcd2|bcds[7]          ; CLOCK_50     ; pll_timer_inst|altpll_component|auto_generated|pll1|clk[0] ; 10.000       ; -0.063     ; 6.187      ;
; 3.699  ; KEY[0]    ; bin2bcd:bin2bcd2|bcds[6]          ; CLOCK_50     ; pll_timer_inst|altpll_component|auto_generated|pll1|clk[0] ; 10.000       ; -0.063     ; 6.187      ;
; 3.699  ; KEY[0]    ; bin2bcd:bin2bcd2|bcds[5]          ; CLOCK_50     ; pll_timer_inst|altpll_component|auto_generated|pll1|clk[0] ; 10.000       ; -0.063     ; 6.187      ;
; 3.699  ; KEY[0]    ; bin2bcd:bin2bcd2|bcds_out_reg[5]  ; CLOCK_50     ; pll_timer_inst|altpll_component|auto_generated|pll1|clk[0] ; 10.000       ; -0.063     ; 6.187      ;
; 3.699  ; KEY[0]    ; bin2bcd:bin2bcd2|bcds_out_reg[6]  ; CLOCK_50     ; pll_timer_inst|altpll_component|auto_generated|pll1|clk[0] ; 10.000       ; -0.063     ; 6.187      ;
; 3.699  ; KEY[0]    ; bin2bcd:bin2bcd2|bcds_out_reg[7]  ; CLOCK_50     ; pll_timer_inst|altpll_component|auto_generated|pll1|clk[0] ; 10.000       ; -0.063     ; 6.187      ;
; 3.896  ; KEY[0]    ; bin2bcd:bin2bcd2|bcds_out_reg[0]  ; CLOCK_50     ; pll_timer_inst|altpll_component|auto_generated|pll1|clk[0] ; 10.000       ; -0.055     ; 5.998      ;
; 3.896  ; KEY[0]    ; bin2bcd:bin2bcd2|bcds_out_reg[1]  ; CLOCK_50     ; pll_timer_inst|altpll_component|auto_generated|pll1|clk[0] ; 10.000       ; -0.055     ; 5.998      ;
; 3.896  ; KEY[0]    ; bin2bcd:bin2bcd2|bcds_out_reg[2]  ; CLOCK_50     ; pll_timer_inst|altpll_component|auto_generated|pll1|clk[0] ; 10.000       ; -0.055     ; 5.998      ;
; 3.896  ; KEY[0]    ; bin2bcd:bin2bcd2|bcds_out_reg[3]  ; CLOCK_50     ; pll_timer_inst|altpll_component|auto_generated|pll1|clk[0] ; 10.000       ; -0.055     ; 5.998      ;
; 4.100  ; KEY[0]    ; bin2bcd:bin2bcd2|bcds[0]          ; CLOCK_50     ; pll_timer_inst|altpll_component|auto_generated|pll1|clk[0] ; 10.000       ; -0.077     ; 5.772      ;
; 4.100  ; KEY[0]    ; bin2bcd:bin2bcd2|bcds[2]          ; CLOCK_50     ; pll_timer_inst|altpll_component|auto_generated|pll1|clk[0] ; 10.000       ; -0.077     ; 5.772      ;
; 4.100  ; KEY[0]    ; bin2bcd:bin2bcd2|bcds[3]          ; CLOCK_50     ; pll_timer_inst|altpll_component|auto_generated|pll1|clk[0] ; 10.000       ; -0.077     ; 5.772      ;
; 4.100  ; KEY[0]    ; bin2bcd:bin2bcd2|bcds[1]          ; CLOCK_50     ; pll_timer_inst|altpll_component|auto_generated|pll1|clk[0] ; 10.000       ; -0.077     ; 5.772      ;
; 4.100  ; KEY[0]    ; bin2bcd:bin2bcd2|bcds[4]          ; CLOCK_50     ; pll_timer_inst|altpll_component|auto_generated|pll1|clk[0] ; 10.000       ; -0.077     ; 5.772      ;
; 4.210  ; KEY[0]    ; bin2bcd:bin2bcd2|shift_counter[0] ; CLOCK_50     ; pll_timer_inst|altpll_component|auto_generated|pll1|clk[0] ; 10.000       ; -0.078     ; 5.661      ;
; 4.210  ; KEY[0]    ; bin2bcd:bin2bcd2|shift_counter[1] ; CLOCK_50     ; pll_timer_inst|altpll_component|auto_generated|pll1|clk[0] ; 10.000       ; -0.078     ; 5.661      ;
; 4.210  ; KEY[0]    ; bin2bcd:bin2bcd2|shift_counter[2] ; CLOCK_50     ; pll_timer_inst|altpll_component|auto_generated|pll1|clk[0] ; 10.000       ; -0.078     ; 5.661      ;
; 4.210  ; KEY[0]    ; bin2bcd:bin2bcd2|state.start      ; CLOCK_50     ; pll_timer_inst|altpll_component|auto_generated|pll1|clk[0] ; 10.000       ; -0.078     ; 5.661      ;
; 4.210  ; KEY[0]    ; bin2bcd:bin2bcd2|state.shift      ; CLOCK_50     ; pll_timer_inst|altpll_component|auto_generated|pll1|clk[0] ; 10.000       ; -0.078     ; 5.661      ;
; 4.210  ; KEY[0]    ; bin2bcd:bin2bcd2|state.done       ; CLOCK_50     ; pll_timer_inst|altpll_component|auto_generated|pll1|clk[0] ; 10.000       ; -0.078     ; 5.661      ;
; 4.210  ; KEY[0]    ; bin2bcd:bin2bcd2|binary[0]        ; CLOCK_50     ; pll_timer_inst|altpll_component|auto_generated|pll1|clk[0] ; 10.000       ; -0.078     ; 5.661      ;
; 4.210  ; KEY[0]    ; bin2bcd:bin2bcd2|binary[1]        ; CLOCK_50     ; pll_timer_inst|altpll_component|auto_generated|pll1|clk[0] ; 10.000       ; -0.078     ; 5.661      ;
; 4.210  ; KEY[0]    ; bin2bcd:bin2bcd2|binary[2]        ; CLOCK_50     ; pll_timer_inst|altpll_component|auto_generated|pll1|clk[0] ; 10.000       ; -0.078     ; 5.661      ;
; 4.210  ; KEY[0]    ; bin2bcd:bin2bcd2|binary[3]        ; CLOCK_50     ; pll_timer_inst|altpll_component|auto_generated|pll1|clk[0] ; 10.000       ; -0.078     ; 5.661      ;
; 4.210  ; KEY[0]    ; bin2bcd:bin2bcd2|binary[4]        ; CLOCK_50     ; pll_timer_inst|altpll_component|auto_generated|pll1|clk[0] ; 10.000       ; -0.078     ; 5.661      ;
; 4.566  ; KEY[0]    ; bin2bcd:bin2bcd1|bcds_out_reg[0]  ; CLOCK_50     ; pll_timer_inst|altpll_component|auto_generated|pll1|clk[0] ; 10.000       ; -0.091     ; 5.292      ;
; 4.566  ; KEY[0]    ; bin2bcd:bin2bcd1|bcds[2]          ; CLOCK_50     ; pll_timer_inst|altpll_component|auto_generated|pll1|clk[0] ; 10.000       ; -0.091     ; 5.292      ;
; 4.566  ; KEY[0]    ; bin2bcd:bin2bcd1|bcds[1]          ; CLOCK_50     ; pll_timer_inst|altpll_component|auto_generated|pll1|clk[0] ; 10.000       ; -0.091     ; 5.292      ;
; 4.566  ; KEY[0]    ; bin2bcd:bin2bcd1|bcds_out_reg[1]  ; CLOCK_50     ; pll_timer_inst|altpll_component|auto_generated|pll1|clk[0] ; 10.000       ; -0.091     ; 5.292      ;
; 4.566  ; KEY[0]    ; bin2bcd:bin2bcd1|bcds_out_reg[2]  ; CLOCK_50     ; pll_timer_inst|altpll_component|auto_generated|pll1|clk[0] ; 10.000       ; -0.091     ; 5.292      ;
; 4.566  ; KEY[0]    ; bin2bcd:bin2bcd1|bcds_out_reg[3]  ; CLOCK_50     ; pll_timer_inst|altpll_component|auto_generated|pll1|clk[0] ; 10.000       ; -0.091     ; 5.292      ;
; 4.566  ; KEY[0]    ; bin2bcd:bin2bcd1|bcds[4]          ; CLOCK_50     ; pll_timer_inst|altpll_component|auto_generated|pll1|clk[0] ; 10.000       ; -0.091     ; 5.292      ;
; 4.607  ; KEY[0]    ; bin2bcd:bin2bcd0|shift_counter[0] ; CLOCK_50     ; pll_timer_inst|altpll_component|auto_generated|pll1|clk[0] ; 10.000       ; -0.081     ; 5.261      ;
; 4.607  ; KEY[0]    ; bin2bcd:bin2bcd1|bcds_out_reg[4]  ; CLOCK_50     ; pll_timer_inst|altpll_component|auto_generated|pll1|clk[0] ; 10.000       ; -0.081     ; 5.261      ;
; 4.607  ; KEY[0]    ; bin2bcd:bin2bcd1|bcds[6]          ; CLOCK_50     ; pll_timer_inst|altpll_component|auto_generated|pll1|clk[0] ; 10.000       ; -0.081     ; 5.261      ;
; 4.607  ; KEY[0]    ; bin2bcd:bin2bcd1|bcds[7]          ; CLOCK_50     ; pll_timer_inst|altpll_component|auto_generated|pll1|clk[0] ; 10.000       ; -0.081     ; 5.261      ;
; 4.607  ; KEY[0]    ; bin2bcd:bin2bcd1|bcds[5]          ; CLOCK_50     ; pll_timer_inst|altpll_component|auto_generated|pll1|clk[0] ; 10.000       ; -0.081     ; 5.261      ;
; 4.607  ; KEY[0]    ; bin2bcd:bin2bcd1|bcds_out_reg[5]  ; CLOCK_50     ; pll_timer_inst|altpll_component|auto_generated|pll1|clk[0] ; 10.000       ; -0.081     ; 5.261      ;
; 4.607  ; KEY[0]    ; bin2bcd:bin2bcd1|bcds_out_reg[6]  ; CLOCK_50     ; pll_timer_inst|altpll_component|auto_generated|pll1|clk[0] ; 10.000       ; -0.081     ; 5.261      ;
; 4.607  ; KEY[0]    ; bin2bcd:bin2bcd1|bcds_out_reg[7]  ; CLOCK_50     ; pll_timer_inst|altpll_component|auto_generated|pll1|clk[0] ; 10.000       ; -0.081     ; 5.261      ;
; 4.664  ; KEY[0]    ; bin2bcd:bin2bcd0|bcds_out_reg[0]  ; CLOCK_50     ; pll_timer_inst|altpll_component|auto_generated|pll1|clk[0] ; 10.000       ; -0.053     ; 5.232      ;
; 4.664  ; KEY[0]    ; bin2bcd:bin2bcd0|bcds[2]          ; CLOCK_50     ; pll_timer_inst|altpll_component|auto_generated|pll1|clk[0] ; 10.000       ; -0.053     ; 5.232      ;
; 4.664  ; KEY[0]    ; bin2bcd:bin2bcd0|bcds[3]          ; CLOCK_50     ; pll_timer_inst|altpll_component|auto_generated|pll1|clk[0] ; 10.000       ; -0.053     ; 5.232      ;
; 4.664  ; KEY[0]    ; bin2bcd:bin2bcd0|bcds[1]          ; CLOCK_50     ; pll_timer_inst|altpll_component|auto_generated|pll1|clk[0] ; 10.000       ; -0.053     ; 5.232      ;
; 4.664  ; KEY[0]    ; bin2bcd:bin2bcd0|bcds_out_reg[1]  ; CLOCK_50     ; pll_timer_inst|altpll_component|auto_generated|pll1|clk[0] ; 10.000       ; -0.053     ; 5.232      ;
; 4.664  ; KEY[0]    ; bin2bcd:bin2bcd0|bcds_out_reg[2]  ; CLOCK_50     ; pll_timer_inst|altpll_component|auto_generated|pll1|clk[0] ; 10.000       ; -0.053     ; 5.232      ;
; 4.664  ; KEY[0]    ; bin2bcd:bin2bcd0|bcds_out_reg[3]  ; CLOCK_50     ; pll_timer_inst|altpll_component|auto_generated|pll1|clk[0] ; 10.000       ; -0.053     ; 5.232      ;
; 4.724  ; KEY[0]    ; bin2bcd:bin2bcd1|bcds[0]          ; CLOCK_50     ; pll_timer_inst|altpll_component|auto_generated|pll1|clk[0] ; 10.000       ; -0.080     ; 5.145      ;
; 4.724  ; KEY[0]    ; bin2bcd:bin2bcd1|bcds[3]          ; CLOCK_50     ; pll_timer_inst|altpll_component|auto_generated|pll1|clk[0] ; 10.000       ; -0.080     ; 5.145      ;
; 4.730  ; KEY[0]    ; bin2bcd:bin2bcd0|shift_counter[1] ; CLOCK_50     ; pll_timer_inst|altpll_component|auto_generated|pll1|clk[0] ; 10.000       ; -0.050     ; 5.169      ;
; 4.730  ; KEY[0]    ; bin2bcd:bin2bcd0|shift_counter[2] ; CLOCK_50     ; pll_timer_inst|altpll_component|auto_generated|pll1|clk[0] ; 10.000       ; -0.050     ; 5.169      ;
; 4.730  ; KEY[0]    ; bin2bcd:bin2bcd0|state.done       ; CLOCK_50     ; pll_timer_inst|altpll_component|auto_generated|pll1|clk[0] ; 10.000       ; -0.050     ; 5.169      ;
; 4.730  ; KEY[0]    ; bin2bcd:bin2bcd0|bcds[4]          ; CLOCK_50     ; pll_timer_inst|altpll_component|auto_generated|pll1|clk[0] ; 10.000       ; -0.050     ; 5.169      ;
; 4.730  ; KEY[0]    ; bin2bcd:bin2bcd0|bcds[6]          ; CLOCK_50     ; pll_timer_inst|altpll_component|auto_generated|pll1|clk[0] ; 10.000       ; -0.050     ; 5.169      ;
; 4.730  ; KEY[0]    ; bin2bcd:bin2bcd0|bcds[7]          ; CLOCK_50     ; pll_timer_inst|altpll_component|auto_generated|pll1|clk[0] ; 10.000       ; -0.050     ; 5.169      ;
; 4.730  ; KEY[0]    ; bin2bcd:bin2bcd0|bcds[5]          ; CLOCK_50     ; pll_timer_inst|altpll_component|auto_generated|pll1|clk[0] ; 10.000       ; -0.050     ; 5.169      ;
; 4.752  ; KEY[0]    ; bin2bcd:bin2bcd0|state.start      ; CLOCK_50     ; pll_timer_inst|altpll_component|auto_generated|pll1|clk[0] ; 10.000       ; -0.037     ; 5.160      ;
; 4.752  ; KEY[0]    ; bin2bcd:bin2bcd0|state.shift      ; CLOCK_50     ; pll_timer_inst|altpll_component|auto_generated|pll1|clk[0] ; 10.000       ; -0.037     ; 5.160      ;
; 4.752  ; KEY[0]    ; bin2bcd:bin2bcd0|binary[0]        ; CLOCK_50     ; pll_timer_inst|altpll_component|auto_generated|pll1|clk[0] ; 10.000       ; -0.037     ; 5.160      ;
; 4.752  ; KEY[0]    ; bin2bcd:bin2bcd0|binary[1]        ; CLOCK_50     ; pll_timer_inst|altpll_component|auto_generated|pll1|clk[0] ; 10.000       ; -0.037     ; 5.160      ;
; 4.752  ; KEY[0]    ; bin2bcd:bin2bcd0|binary[2]        ; CLOCK_50     ; pll_timer_inst|altpll_component|auto_generated|pll1|clk[0] ; 10.000       ; -0.037     ; 5.160      ;
; 4.752  ; KEY[0]    ; bin2bcd:bin2bcd0|binary[3]        ; CLOCK_50     ; pll_timer_inst|altpll_component|auto_generated|pll1|clk[0] ; 10.000       ; -0.037     ; 5.160      ;
; 4.752  ; KEY[0]    ; bin2bcd:bin2bcd0|binary[4]        ; CLOCK_50     ; pll_timer_inst|altpll_component|auto_generated|pll1|clk[0] ; 10.000       ; -0.037     ; 5.160      ;
; 4.752  ; KEY[0]    ; bin2bcd:bin2bcd0|binary[5]        ; CLOCK_50     ; pll_timer_inst|altpll_component|auto_generated|pll1|clk[0] ; 10.000       ; -0.037     ; 5.160      ;
; 4.752  ; KEY[0]    ; bin2bcd:bin2bcd0|bcds[0]          ; CLOCK_50     ; pll_timer_inst|altpll_component|auto_generated|pll1|clk[0] ; 10.000       ; -0.037     ; 5.160      ;
; 4.752  ; KEY[0]    ; bin2bcd:bin2bcd1|binary[0]        ; CLOCK_50     ; pll_timer_inst|altpll_component|auto_generated|pll1|clk[0] ; 10.000       ; -0.037     ; 5.160      ;
; 4.752  ; KEY[0]    ; bin2bcd:bin2bcd1|binary[1]        ; CLOCK_50     ; pll_timer_inst|altpll_component|auto_generated|pll1|clk[0] ; 10.000       ; -0.037     ; 5.160      ;
; 4.752  ; KEY[0]    ; bin2bcd:bin2bcd1|binary[2]        ; CLOCK_50     ; pll_timer_inst|altpll_component|auto_generated|pll1|clk[0] ; 10.000       ; -0.037     ; 5.160      ;
; 4.752  ; KEY[0]    ; bin2bcd:bin2bcd1|binary[3]        ; CLOCK_50     ; pll_timer_inst|altpll_component|auto_generated|pll1|clk[0] ; 10.000       ; -0.037     ; 5.160      ;
; 4.752  ; KEY[0]    ; bin2bcd:bin2bcd1|binary[4]        ; CLOCK_50     ; pll_timer_inst|altpll_component|auto_generated|pll1|clk[0] ; 10.000       ; -0.037     ; 5.160      ;
; 4.752  ; KEY[0]    ; bin2bcd:bin2bcd1|binary[5]        ; CLOCK_50     ; pll_timer_inst|altpll_component|auto_generated|pll1|clk[0] ; 10.000       ; -0.037     ; 5.160      ;
; 4.951  ; KEY[0]    ; bin2bcd:bin2bcd0|bcds_out_reg[4]  ; CLOCK_50     ; pll_timer_inst|altpll_component|auto_generated|pll1|clk[0] ; 10.000       ; -0.047     ; 4.951      ;
; 4.951  ; KEY[0]    ; bin2bcd:bin2bcd0|bcds_out_reg[5]  ; CLOCK_50     ; pll_timer_inst|altpll_component|auto_generated|pll1|clk[0] ; 10.000       ; -0.047     ; 4.951      ;
; 4.951  ; KEY[0]    ; bin2bcd:bin2bcd0|bcds_out_reg[6]  ; CLOCK_50     ; pll_timer_inst|altpll_component|auto_generated|pll1|clk[0] ; 10.000       ; -0.047     ; 4.951      ;
; 4.951  ; KEY[0]    ; bin2bcd:bin2bcd0|bcds_out_reg[7]  ; CLOCK_50     ; pll_timer_inst|altpll_component|auto_generated|pll1|clk[0] ; 10.000       ; -0.047     ; 4.951      ;
; 13.914 ; KEY[0]    ; bin2bcd:bin2bcd2|bcds_out_reg[4]  ; CLOCK_50     ; pll_timer_inst|altpll_component|auto_generated|pll1|clk[0] ; 20.000       ; -0.063     ; 5.972      ;
; 13.914 ; KEY[0]    ; bin2bcd:bin2bcd2|bcds[7]          ; CLOCK_50     ; pll_timer_inst|altpll_component|auto_generated|pll1|clk[0] ; 20.000       ; -0.063     ; 5.972      ;
; 13.914 ; KEY[0]    ; bin2bcd:bin2bcd2|bcds[6]          ; CLOCK_50     ; pll_timer_inst|altpll_component|auto_generated|pll1|clk[0] ; 20.000       ; -0.063     ; 5.972      ;
; 13.914 ; KEY[0]    ; bin2bcd:bin2bcd2|bcds[5]          ; CLOCK_50     ; pll_timer_inst|altpll_component|auto_generated|pll1|clk[0] ; 20.000       ; -0.063     ; 5.972      ;
; 13.914 ; KEY[0]    ; bin2bcd:bin2bcd2|bcds_out_reg[5]  ; CLOCK_50     ; pll_timer_inst|altpll_component|auto_generated|pll1|clk[0] ; 20.000       ; -0.063     ; 5.972      ;
; 13.914 ; KEY[0]    ; bin2bcd:bin2bcd2|bcds_out_reg[6]  ; CLOCK_50     ; pll_timer_inst|altpll_component|auto_generated|pll1|clk[0] ; 20.000       ; -0.063     ; 5.972      ;
; 13.914 ; KEY[0]    ; bin2bcd:bin2bcd2|bcds_out_reg[7]  ; CLOCK_50     ; pll_timer_inst|altpll_component|auto_generated|pll1|clk[0] ; 20.000       ; -0.063     ; 5.972      ;
; 14.136 ; KEY[0]    ; bin2bcd:bin2bcd2|bcds_out_reg[0]  ; CLOCK_50     ; pll_timer_inst|altpll_component|auto_generated|pll1|clk[0] ; 20.000       ; -0.055     ; 5.758      ;
; 14.136 ; KEY[0]    ; bin2bcd:bin2bcd2|bcds_out_reg[1]  ; CLOCK_50     ; pll_timer_inst|altpll_component|auto_generated|pll1|clk[0] ; 20.000       ; -0.055     ; 5.758      ;
; 14.136 ; KEY[0]    ; bin2bcd:bin2bcd2|bcds_out_reg[2]  ; CLOCK_50     ; pll_timer_inst|altpll_component|auto_generated|pll1|clk[0] ; 20.000       ; -0.055     ; 5.758      ;
; 14.136 ; KEY[0]    ; bin2bcd:bin2bcd2|bcds_out_reg[3]  ; CLOCK_50     ; pll_timer_inst|altpll_component|auto_generated|pll1|clk[0] ; 20.000       ; -0.055     ; 5.758      ;
; 14.353 ; KEY[0]    ; bin2bcd:bin2bcd2|bcds[0]          ; CLOCK_50     ; pll_timer_inst|altpll_component|auto_generated|pll1|clk[0] ; 20.000       ; -0.077     ; 5.519      ;
; 14.353 ; KEY[0]    ; bin2bcd:bin2bcd2|bcds[2]          ; CLOCK_50     ; pll_timer_inst|altpll_component|auto_generated|pll1|clk[0] ; 20.000       ; -0.077     ; 5.519      ;
; 14.353 ; KEY[0]    ; bin2bcd:bin2bcd2|bcds[3]          ; CLOCK_50     ; pll_timer_inst|altpll_component|auto_generated|pll1|clk[0] ; 20.000       ; -0.077     ; 5.519      ;
; 14.353 ; KEY[0]    ; bin2bcd:bin2bcd2|bcds[1]          ; CLOCK_50     ; pll_timer_inst|altpll_component|auto_generated|pll1|clk[0] ; 20.000       ; -0.077     ; 5.519      ;
; 14.353 ; KEY[0]    ; bin2bcd:bin2bcd2|bcds[4]          ; CLOCK_50     ; pll_timer_inst|altpll_component|auto_generated|pll1|clk[0] ; 20.000       ; -0.077     ; 5.519      ;
; 14.460 ; KEY[0]    ; bin2bcd:bin2bcd2|shift_counter[0] ; CLOCK_50     ; pll_timer_inst|altpll_component|auto_generated|pll1|clk[0] ; 20.000       ; -0.078     ; 5.411      ;
; 14.460 ; KEY[0]    ; bin2bcd:bin2bcd2|shift_counter[1] ; CLOCK_50     ; pll_timer_inst|altpll_component|auto_generated|pll1|clk[0] ; 20.000       ; -0.078     ; 5.411      ;
; 14.460 ; KEY[0]    ; bin2bcd:bin2bcd2|shift_counter[2] ; CLOCK_50     ; pll_timer_inst|altpll_component|auto_generated|pll1|clk[0] ; 20.000       ; -0.078     ; 5.411      ;
; 14.460 ; KEY[0]    ; bin2bcd:bin2bcd2|state.start      ; CLOCK_50     ; pll_timer_inst|altpll_component|auto_generated|pll1|clk[0] ; 20.000       ; -0.078     ; 5.411      ;
; 14.460 ; KEY[0]    ; bin2bcd:bin2bcd2|state.shift      ; CLOCK_50     ; pll_timer_inst|altpll_component|auto_generated|pll1|clk[0] ; 20.000       ; -0.078     ; 5.411      ;
; 14.460 ; KEY[0]    ; bin2bcd:bin2bcd2|state.done       ; CLOCK_50     ; pll_timer_inst|altpll_component|auto_generated|pll1|clk[0] ; 20.000       ; -0.078     ; 5.411      ;
; 14.460 ; KEY[0]    ; bin2bcd:bin2bcd2|binary[0]        ; CLOCK_50     ; pll_timer_inst|altpll_component|auto_generated|pll1|clk[0] ; 20.000       ; -0.078     ; 5.411      ;
+--------+-----------+-----------------------------------+--------------+------------------------------------------------------------+--------------+------------+------------+


+---------------------------------------------------------------------------------------------------------------+
; Slow 1200mV 0C Model Recovery: 'CLOCK_50'                                                                     ;
+--------+-----------+--------------------+--------------+-------------+--------------+------------+------------+
; Slack  ; From Node ; To Node            ; Launch Clock ; Latch Clock ; Relationship ; Clock Skew ; Data Delay ;
+--------+-----------+--------------------+--------------+-------------+--------------+------------+------------+
; 7.211  ; KEY[0]    ; timer:t0|r_reg[0]  ; CLOCK_50     ; CLOCK_50    ; 10.000       ; 2.690      ; 5.478      ;
; 7.211  ; KEY[0]    ; timer:t0|r_reg[1]  ; CLOCK_50     ; CLOCK_50    ; 10.000       ; 2.690      ; 5.478      ;
; 7.211  ; KEY[0]    ; timer:t0|r_reg[2]  ; CLOCK_50     ; CLOCK_50    ; 10.000       ; 2.690      ; 5.478      ;
; 7.211  ; KEY[0]    ; timer:t0|r_reg[3]  ; CLOCK_50     ; CLOCK_50    ; 10.000       ; 2.690      ; 5.478      ;
; 7.211  ; KEY[0]    ; timer:t0|r_reg[5]  ; CLOCK_50     ; CLOCK_50    ; 10.000       ; 2.690      ; 5.478      ;
; 7.211  ; KEY[0]    ; timer:t0|r_reg[11] ; CLOCK_50     ; CLOCK_50    ; 10.000       ; 2.690      ; 5.478      ;
; 7.211  ; KEY[0]    ; timer:t0|r_reg[12] ; CLOCK_50     ; CLOCK_50    ; 10.000       ; 2.690      ; 5.478      ;
; 7.219  ; KEY[0]    ; timer:t0|r_reg[13] ; CLOCK_50     ; CLOCK_50    ; 10.000       ; 2.690      ; 5.470      ;
; 7.219  ; KEY[0]    ; timer:t0|r_reg[14] ; CLOCK_50     ; CLOCK_50    ; 10.000       ; 2.690      ; 5.470      ;
; 7.219  ; KEY[0]    ; timer:t0|r_reg[15] ; CLOCK_50     ; CLOCK_50    ; 10.000       ; 2.690      ; 5.470      ;
; 7.219  ; KEY[0]    ; timer:t0|r_reg[16] ; CLOCK_50     ; CLOCK_50    ; 10.000       ; 2.690      ; 5.470      ;
; 7.219  ; KEY[0]    ; timer:t0|r_reg[17] ; CLOCK_50     ; CLOCK_50    ; 10.000       ; 2.690      ; 5.470      ;
; 7.219  ; KEY[0]    ; timer:t0|r_reg[18] ; CLOCK_50     ; CLOCK_50    ; 10.000       ; 2.690      ; 5.470      ;
; 7.219  ; KEY[0]    ; timer:t0|r_reg[19] ; CLOCK_50     ; CLOCK_50    ; 10.000       ; 2.690      ; 5.470      ;
; 7.219  ; KEY[0]    ; timer:t0|r_reg[20] ; CLOCK_50     ; CLOCK_50    ; 10.000       ; 2.690      ; 5.470      ;
; 7.219  ; KEY[0]    ; timer:t0|r_reg[21] ; CLOCK_50     ; CLOCK_50    ; 10.000       ; 2.690      ; 5.470      ;
; 7.219  ; KEY[0]    ; timer:t0|r_reg[22] ; CLOCK_50     ; CLOCK_50    ; 10.000       ; 2.690      ; 5.470      ;
; 7.219  ; KEY[0]    ; timer:t0|r_reg[23] ; CLOCK_50     ; CLOCK_50    ; 10.000       ; 2.690      ; 5.470      ;
; 7.219  ; KEY[0]    ; timer:t0|r_reg[24] ; CLOCK_50     ; CLOCK_50    ; 10.000       ; 2.690      ; 5.470      ;
; 7.219  ; KEY[0]    ; timer:t0|r_reg[25] ; CLOCK_50     ; CLOCK_50    ; 10.000       ; 2.690      ; 5.470      ;
; 7.233  ; KEY[0]    ; timer:t0|r_reg[7]  ; CLOCK_50     ; CLOCK_50    ; 10.000       ; 2.691      ; 5.457      ;
; 7.233  ; KEY[0]    ; timer:t0|r_reg[9]  ; CLOCK_50     ; CLOCK_50    ; 10.000       ; 2.691      ; 5.457      ;
; 7.233  ; KEY[0]    ; timer:t0|r_reg[8]  ; CLOCK_50     ; CLOCK_50    ; 10.000       ; 2.691      ; 5.457      ;
; 7.233  ; KEY[0]    ; timer:t0|r_reg[6]  ; CLOCK_50     ; CLOCK_50    ; 10.000       ; 2.691      ; 5.457      ;
; 7.233  ; KEY[0]    ; timer:t0|r_reg[4]  ; CLOCK_50     ; CLOCK_50    ; 10.000       ; 2.691      ; 5.457      ;
; 7.233  ; KEY[0]    ; timer:t0|r_reg[10] ; CLOCK_50     ; CLOCK_50    ; 10.000       ; 2.691      ; 5.457      ;
; 7.502  ; KEY[0]    ; timer:t0|m_reg[1]  ; CLOCK_50     ; CLOCK_50    ; 10.000       ; 2.704      ; 5.201      ;
; 7.502  ; KEY[0]    ; timer:t0|m_reg[2]  ; CLOCK_50     ; CLOCK_50    ; 10.000       ; 2.704      ; 5.201      ;
; 7.502  ; KEY[0]    ; timer:t0|m_reg[3]  ; CLOCK_50     ; CLOCK_50    ; 10.000       ; 2.704      ; 5.201      ;
; 7.502  ; KEY[0]    ; timer:t0|m_reg[4]  ; CLOCK_50     ; CLOCK_50    ; 10.000       ; 2.704      ; 5.201      ;
; 7.502  ; KEY[0]    ; timer:t0|m_reg[5]  ; CLOCK_50     ; CLOCK_50    ; 10.000       ; 2.704      ; 5.201      ;
; 7.502  ; KEY[0]    ; timer:t0|m_reg[0]  ; CLOCK_50     ; CLOCK_50    ; 10.000       ; 2.704      ; 5.201      ;
; 7.515  ; KEY[0]    ; timer:t0|h_reg[1]  ; CLOCK_50     ; CLOCK_50    ; 10.000       ; 2.661      ; 5.145      ;
; 7.515  ; KEY[0]    ; timer:t0|h_reg[2]  ; CLOCK_50     ; CLOCK_50    ; 10.000       ; 2.661      ; 5.145      ;
; 7.515  ; KEY[0]    ; timer:t0|h_reg[3]  ; CLOCK_50     ; CLOCK_50    ; 10.000       ; 2.661      ; 5.145      ;
; 7.515  ; KEY[0]    ; timer:t0|h_reg[4]  ; CLOCK_50     ; CLOCK_50    ; 10.000       ; 2.661      ; 5.145      ;
; 7.515  ; KEY[0]    ; timer:t0|h_reg[0]  ; CLOCK_50     ; CLOCK_50    ; 10.000       ; 2.661      ; 5.145      ;
; 7.533  ; KEY[0]    ; timer:t0|s_reg[1]  ; CLOCK_50     ; CLOCK_50    ; 10.000       ; 2.704      ; 5.170      ;
; 7.533  ; KEY[0]    ; timer:t0|s_reg[2]  ; CLOCK_50     ; CLOCK_50    ; 10.000       ; 2.704      ; 5.170      ;
; 7.533  ; KEY[0]    ; timer:t0|s_reg[3]  ; CLOCK_50     ; CLOCK_50    ; 10.000       ; 2.704      ; 5.170      ;
; 7.533  ; KEY[0]    ; timer:t0|s_reg[4]  ; CLOCK_50     ; CLOCK_50    ; 10.000       ; 2.704      ; 5.170      ;
; 7.533  ; KEY[0]    ; timer:t0|s_reg[5]  ; CLOCK_50     ; CLOCK_50    ; 10.000       ; 2.704      ; 5.170      ;
; 7.533  ; KEY[0]    ; timer:t0|s_reg[0]  ; CLOCK_50     ; CLOCK_50    ; 10.000       ; 2.704      ; 5.170      ;
; 17.382 ; KEY[0]    ; timer:t0|r_reg[0]  ; CLOCK_50     ; CLOCK_50    ; 20.000       ; 2.690      ; 5.307      ;
; 17.382 ; KEY[0]    ; timer:t0|r_reg[1]  ; CLOCK_50     ; CLOCK_50    ; 20.000       ; 2.690      ; 5.307      ;
; 17.382 ; KEY[0]    ; timer:t0|r_reg[2]  ; CLOCK_50     ; CLOCK_50    ; 20.000       ; 2.690      ; 5.307      ;
; 17.382 ; KEY[0]    ; timer:t0|r_reg[3]  ; CLOCK_50     ; CLOCK_50    ; 20.000       ; 2.690      ; 5.307      ;
; 17.382 ; KEY[0]    ; timer:t0|r_reg[5]  ; CLOCK_50     ; CLOCK_50    ; 20.000       ; 2.690      ; 5.307      ;
; 17.382 ; KEY[0]    ; timer:t0|r_reg[11] ; CLOCK_50     ; CLOCK_50    ; 20.000       ; 2.690      ; 5.307      ;
; 17.382 ; KEY[0]    ; timer:t0|r_reg[12] ; CLOCK_50     ; CLOCK_50    ; 20.000       ; 2.690      ; 5.307      ;
; 17.395 ; KEY[0]    ; timer:t0|r_reg[13] ; CLOCK_50     ; CLOCK_50    ; 20.000       ; 2.690      ; 5.294      ;
; 17.395 ; KEY[0]    ; timer:t0|r_reg[14] ; CLOCK_50     ; CLOCK_50    ; 20.000       ; 2.690      ; 5.294      ;
; 17.395 ; KEY[0]    ; timer:t0|r_reg[15] ; CLOCK_50     ; CLOCK_50    ; 20.000       ; 2.690      ; 5.294      ;
; 17.395 ; KEY[0]    ; timer:t0|r_reg[16] ; CLOCK_50     ; CLOCK_50    ; 20.000       ; 2.690      ; 5.294      ;
; 17.395 ; KEY[0]    ; timer:t0|r_reg[17] ; CLOCK_50     ; CLOCK_50    ; 20.000       ; 2.690      ; 5.294      ;
; 17.395 ; KEY[0]    ; timer:t0|r_reg[18] ; CLOCK_50     ; CLOCK_50    ; 20.000       ; 2.690      ; 5.294      ;
; 17.395 ; KEY[0]    ; timer:t0|r_reg[19] ; CLOCK_50     ; CLOCK_50    ; 20.000       ; 2.690      ; 5.294      ;
; 17.395 ; KEY[0]    ; timer:t0|r_reg[20] ; CLOCK_50     ; CLOCK_50    ; 20.000       ; 2.690      ; 5.294      ;
; 17.395 ; KEY[0]    ; timer:t0|r_reg[21] ; CLOCK_50     ; CLOCK_50    ; 20.000       ; 2.690      ; 5.294      ;
; 17.395 ; KEY[0]    ; timer:t0|r_reg[22] ; CLOCK_50     ; CLOCK_50    ; 20.000       ; 2.690      ; 5.294      ;
; 17.395 ; KEY[0]    ; timer:t0|r_reg[23] ; CLOCK_50     ; CLOCK_50    ; 20.000       ; 2.690      ; 5.294      ;
; 17.395 ; KEY[0]    ; timer:t0|r_reg[24] ; CLOCK_50     ; CLOCK_50    ; 20.000       ; 2.690      ; 5.294      ;
; 17.395 ; KEY[0]    ; timer:t0|r_reg[25] ; CLOCK_50     ; CLOCK_50    ; 20.000       ; 2.690      ; 5.294      ;
; 17.413 ; KEY[0]    ; timer:t0|r_reg[7]  ; CLOCK_50     ; CLOCK_50    ; 20.000       ; 2.691      ; 5.277      ;
; 17.413 ; KEY[0]    ; timer:t0|r_reg[9]  ; CLOCK_50     ; CLOCK_50    ; 20.000       ; 2.691      ; 5.277      ;
; 17.413 ; KEY[0]    ; timer:t0|r_reg[8]  ; CLOCK_50     ; CLOCK_50    ; 20.000       ; 2.691      ; 5.277      ;
; 17.413 ; KEY[0]    ; timer:t0|r_reg[6]  ; CLOCK_50     ; CLOCK_50    ; 20.000       ; 2.691      ; 5.277      ;
; 17.413 ; KEY[0]    ; timer:t0|r_reg[4]  ; CLOCK_50     ; CLOCK_50    ; 20.000       ; 2.691      ; 5.277      ;
; 17.413 ; KEY[0]    ; timer:t0|r_reg[10] ; CLOCK_50     ; CLOCK_50    ; 20.000       ; 2.691      ; 5.277      ;
; 17.702 ; KEY[0]    ; timer:t0|m_reg[1]  ; CLOCK_50     ; CLOCK_50    ; 20.000       ; 2.704      ; 5.001      ;
; 17.702 ; KEY[0]    ; timer:t0|m_reg[2]  ; CLOCK_50     ; CLOCK_50    ; 20.000       ; 2.704      ; 5.001      ;
; 17.702 ; KEY[0]    ; timer:t0|m_reg[3]  ; CLOCK_50     ; CLOCK_50    ; 20.000       ; 2.704      ; 5.001      ;
; 17.702 ; KEY[0]    ; timer:t0|m_reg[4]  ; CLOCK_50     ; CLOCK_50    ; 20.000       ; 2.704      ; 5.001      ;
; 17.702 ; KEY[0]    ; timer:t0|m_reg[5]  ; CLOCK_50     ; CLOCK_50    ; 20.000       ; 2.704      ; 5.001      ;
; 17.702 ; KEY[0]    ; timer:t0|m_reg[0]  ; CLOCK_50     ; CLOCK_50    ; 20.000       ; 2.704      ; 5.001      ;
; 17.715 ; KEY[0]    ; timer:t0|h_reg[1]  ; CLOCK_50     ; CLOCK_50    ; 20.000       ; 2.661      ; 4.945      ;
; 17.715 ; KEY[0]    ; timer:t0|h_reg[2]  ; CLOCK_50     ; CLOCK_50    ; 20.000       ; 2.661      ; 4.945      ;
; 17.715 ; KEY[0]    ; timer:t0|h_reg[3]  ; CLOCK_50     ; CLOCK_50    ; 20.000       ; 2.661      ; 4.945      ;
; 17.715 ; KEY[0]    ; timer:t0|h_reg[4]  ; CLOCK_50     ; CLOCK_50    ; 20.000       ; 2.661      ; 4.945      ;
; 17.715 ; KEY[0]    ; timer:t0|h_reg[0]  ; CLOCK_50     ; CLOCK_50    ; 20.000       ; 2.661      ; 4.945      ;
; 17.731 ; KEY[0]    ; timer:t0|s_reg[1]  ; CLOCK_50     ; CLOCK_50    ; 20.000       ; 2.704      ; 4.972      ;
; 17.731 ; KEY[0]    ; timer:t0|s_reg[2]  ; CLOCK_50     ; CLOCK_50    ; 20.000       ; 2.704      ; 4.972      ;
; 17.731 ; KEY[0]    ; timer:t0|s_reg[3]  ; CLOCK_50     ; CLOCK_50    ; 20.000       ; 2.704      ; 4.972      ;
; 17.731 ; KEY[0]    ; timer:t0|s_reg[4]  ; CLOCK_50     ; CLOCK_50    ; 20.000       ; 2.704      ; 4.972      ;
; 17.731 ; KEY[0]    ; timer:t0|s_reg[5]  ; CLOCK_50     ; CLOCK_50    ; 20.000       ; 2.704      ; 4.972      ;
; 17.731 ; KEY[0]    ; timer:t0|s_reg[0]  ; CLOCK_50     ; CLOCK_50    ; 20.000       ; 2.704      ; 4.972      ;
+--------+-----------+--------------------+--------------+-------------+--------------+------------+------------+


+---------------------------------------------------------------------------------------------------------------+
; Slow 1200mV 0C Model Removal: 'CLOCK_50'                                                                      ;
+--------+-----------+--------------------+--------------+-------------+--------------+------------+------------+
; Slack  ; From Node ; To Node            ; Launch Clock ; Latch Clock ; Relationship ; Clock Skew ; Data Delay ;
+--------+-----------+--------------------+--------------+-------------+--------------+------------+------------+
; 1.773  ; KEY[0]    ; timer:t0|s_reg[1]  ; CLOCK_50     ; CLOCK_50    ; 0.000        ; 2.805      ; 4.749      ;
; 1.773  ; KEY[0]    ; timer:t0|s_reg[2]  ; CLOCK_50     ; CLOCK_50    ; 0.000        ; 2.805      ; 4.749      ;
; 1.773  ; KEY[0]    ; timer:t0|s_reg[3]  ; CLOCK_50     ; CLOCK_50    ; 0.000        ; 2.805      ; 4.749      ;
; 1.773  ; KEY[0]    ; timer:t0|s_reg[4]  ; CLOCK_50     ; CLOCK_50    ; 0.000        ; 2.805      ; 4.749      ;
; 1.773  ; KEY[0]    ; timer:t0|s_reg[5]  ; CLOCK_50     ; CLOCK_50    ; 0.000        ; 2.805      ; 4.749      ;
; 1.773  ; KEY[0]    ; timer:t0|s_reg[0]  ; CLOCK_50     ; CLOCK_50    ; 0.000        ; 2.805      ; 4.749      ;
; 1.792  ; KEY[0]    ; timer:t0|h_reg[1]  ; CLOCK_50     ; CLOCK_50    ; 0.000        ; 2.760      ; 4.723      ;
; 1.792  ; KEY[0]    ; timer:t0|h_reg[2]  ; CLOCK_50     ; CLOCK_50    ; 0.000        ; 2.760      ; 4.723      ;
; 1.792  ; KEY[0]    ; timer:t0|h_reg[3]  ; CLOCK_50     ; CLOCK_50    ; 0.000        ; 2.760      ; 4.723      ;
; 1.792  ; KEY[0]    ; timer:t0|h_reg[4]  ; CLOCK_50     ; CLOCK_50    ; 0.000        ; 2.760      ; 4.723      ;
; 1.792  ; KEY[0]    ; timer:t0|h_reg[0]  ; CLOCK_50     ; CLOCK_50    ; 0.000        ; 2.760      ; 4.723      ;
; 1.801  ; KEY[0]    ; timer:t0|m_reg[1]  ; CLOCK_50     ; CLOCK_50    ; 0.000        ; 2.805      ; 4.777      ;
; 1.801  ; KEY[0]    ; timer:t0|m_reg[2]  ; CLOCK_50     ; CLOCK_50    ; 0.000        ; 2.805      ; 4.777      ;
; 1.801  ; KEY[0]    ; timer:t0|m_reg[3]  ; CLOCK_50     ; CLOCK_50    ; 0.000        ; 2.805      ; 4.777      ;
; 1.801  ; KEY[0]    ; timer:t0|m_reg[4]  ; CLOCK_50     ; CLOCK_50    ; 0.000        ; 2.805      ; 4.777      ;
; 1.801  ; KEY[0]    ; timer:t0|m_reg[5]  ; CLOCK_50     ; CLOCK_50    ; 0.000        ; 2.805      ; 4.777      ;
; 1.801  ; KEY[0]    ; timer:t0|m_reg[0]  ; CLOCK_50     ; CLOCK_50    ; 0.000        ; 2.805      ; 4.777      ;
; 2.080  ; KEY[0]    ; timer:t0|r_reg[7]  ; CLOCK_50     ; CLOCK_50    ; 0.000        ; 2.791      ; 5.042      ;
; 2.080  ; KEY[0]    ; timer:t0|r_reg[9]  ; CLOCK_50     ; CLOCK_50    ; 0.000        ; 2.791      ; 5.042      ;
; 2.080  ; KEY[0]    ; timer:t0|r_reg[8]  ; CLOCK_50     ; CLOCK_50    ; 0.000        ; 2.791      ; 5.042      ;
; 2.080  ; KEY[0]    ; timer:t0|r_reg[6]  ; CLOCK_50     ; CLOCK_50    ; 0.000        ; 2.791      ; 5.042      ;
; 2.080  ; KEY[0]    ; timer:t0|r_reg[4]  ; CLOCK_50     ; CLOCK_50    ; 0.000        ; 2.791      ; 5.042      ;
; 2.080  ; KEY[0]    ; timer:t0|r_reg[10] ; CLOCK_50     ; CLOCK_50    ; 0.000        ; 2.791      ; 5.042      ;
; 2.097  ; KEY[0]    ; timer:t0|r_reg[13] ; CLOCK_50     ; CLOCK_50    ; 0.000        ; 2.790      ; 5.058      ;
; 2.097  ; KEY[0]    ; timer:t0|r_reg[14] ; CLOCK_50     ; CLOCK_50    ; 0.000        ; 2.790      ; 5.058      ;
; 2.097  ; KEY[0]    ; timer:t0|r_reg[15] ; CLOCK_50     ; CLOCK_50    ; 0.000        ; 2.790      ; 5.058      ;
; 2.097  ; KEY[0]    ; timer:t0|r_reg[16] ; CLOCK_50     ; CLOCK_50    ; 0.000        ; 2.790      ; 5.058      ;
; 2.097  ; KEY[0]    ; timer:t0|r_reg[17] ; CLOCK_50     ; CLOCK_50    ; 0.000        ; 2.790      ; 5.058      ;
; 2.097  ; KEY[0]    ; timer:t0|r_reg[18] ; CLOCK_50     ; CLOCK_50    ; 0.000        ; 2.790      ; 5.058      ;
; 2.097  ; KEY[0]    ; timer:t0|r_reg[19] ; CLOCK_50     ; CLOCK_50    ; 0.000        ; 2.790      ; 5.058      ;
; 2.097  ; KEY[0]    ; timer:t0|r_reg[20] ; CLOCK_50     ; CLOCK_50    ; 0.000        ; 2.790      ; 5.058      ;
; 2.097  ; KEY[0]    ; timer:t0|r_reg[21] ; CLOCK_50     ; CLOCK_50    ; 0.000        ; 2.790      ; 5.058      ;
; 2.097  ; KEY[0]    ; timer:t0|r_reg[22] ; CLOCK_50     ; CLOCK_50    ; 0.000        ; 2.790      ; 5.058      ;
; 2.097  ; KEY[0]    ; timer:t0|r_reg[23] ; CLOCK_50     ; CLOCK_50    ; 0.000        ; 2.790      ; 5.058      ;
; 2.097  ; KEY[0]    ; timer:t0|r_reg[24] ; CLOCK_50     ; CLOCK_50    ; 0.000        ; 2.790      ; 5.058      ;
; 2.097  ; KEY[0]    ; timer:t0|r_reg[25] ; CLOCK_50     ; CLOCK_50    ; 0.000        ; 2.790      ; 5.058      ;
; 2.110  ; KEY[0]    ; timer:t0|r_reg[0]  ; CLOCK_50     ; CLOCK_50    ; 0.000        ; 2.790      ; 5.071      ;
; 2.110  ; KEY[0]    ; timer:t0|r_reg[1]  ; CLOCK_50     ; CLOCK_50    ; 0.000        ; 2.790      ; 5.071      ;
; 2.110  ; KEY[0]    ; timer:t0|r_reg[2]  ; CLOCK_50     ; CLOCK_50    ; 0.000        ; 2.790      ; 5.071      ;
; 2.110  ; KEY[0]    ; timer:t0|r_reg[3]  ; CLOCK_50     ; CLOCK_50    ; 0.000        ; 2.790      ; 5.071      ;
; 2.110  ; KEY[0]    ; timer:t0|r_reg[5]  ; CLOCK_50     ; CLOCK_50    ; 0.000        ; 2.790      ; 5.071      ;
; 2.110  ; KEY[0]    ; timer:t0|r_reg[11] ; CLOCK_50     ; CLOCK_50    ; 0.000        ; 2.790      ; 5.071      ;
; 2.110  ; KEY[0]    ; timer:t0|r_reg[12] ; CLOCK_50     ; CLOCK_50    ; 0.000        ; 2.790      ; 5.071      ;
; 11.950 ; KEY[0]    ; timer:t0|s_reg[1]  ; CLOCK_50     ; CLOCK_50    ; -10.000      ; 2.805      ; 4.946      ;
; 11.950 ; KEY[0]    ; timer:t0|s_reg[2]  ; CLOCK_50     ; CLOCK_50    ; -10.000      ; 2.805      ; 4.946      ;
; 11.950 ; KEY[0]    ; timer:t0|s_reg[3]  ; CLOCK_50     ; CLOCK_50    ; -10.000      ; 2.805      ; 4.946      ;
; 11.950 ; KEY[0]    ; timer:t0|s_reg[4]  ; CLOCK_50     ; CLOCK_50    ; -10.000      ; 2.805      ; 4.946      ;
; 11.950 ; KEY[0]    ; timer:t0|s_reg[5]  ; CLOCK_50     ; CLOCK_50    ; -10.000      ; 2.805      ; 4.946      ;
; 11.950 ; KEY[0]    ; timer:t0|s_reg[0]  ; CLOCK_50     ; CLOCK_50    ; -10.000      ; 2.805      ; 4.946      ;
; 11.971 ; KEY[0]    ; timer:t0|h_reg[1]  ; CLOCK_50     ; CLOCK_50    ; -10.000      ; 2.760      ; 4.922      ;
; 11.971 ; KEY[0]    ; timer:t0|h_reg[2]  ; CLOCK_50     ; CLOCK_50    ; -10.000      ; 2.760      ; 4.922      ;
; 11.971 ; KEY[0]    ; timer:t0|h_reg[3]  ; CLOCK_50     ; CLOCK_50    ; -10.000      ; 2.760      ; 4.922      ;
; 11.971 ; KEY[0]    ; timer:t0|h_reg[4]  ; CLOCK_50     ; CLOCK_50    ; -10.000      ; 2.760      ; 4.922      ;
; 11.971 ; KEY[0]    ; timer:t0|h_reg[0]  ; CLOCK_50     ; CLOCK_50    ; -10.000      ; 2.760      ; 4.922      ;
; 11.980 ; KEY[0]    ; timer:t0|m_reg[1]  ; CLOCK_50     ; CLOCK_50    ; -10.000      ; 2.805      ; 4.976      ;
; 11.980 ; KEY[0]    ; timer:t0|m_reg[2]  ; CLOCK_50     ; CLOCK_50    ; -10.000      ; 2.805      ; 4.976      ;
; 11.980 ; KEY[0]    ; timer:t0|m_reg[3]  ; CLOCK_50     ; CLOCK_50    ; -10.000      ; 2.805      ; 4.976      ;
; 11.980 ; KEY[0]    ; timer:t0|m_reg[4]  ; CLOCK_50     ; CLOCK_50    ; -10.000      ; 2.805      ; 4.976      ;
; 11.980 ; KEY[0]    ; timer:t0|m_reg[5]  ; CLOCK_50     ; CLOCK_50    ; -10.000      ; 2.805      ; 4.976      ;
; 11.980 ; KEY[0]    ; timer:t0|m_reg[0]  ; CLOCK_50     ; CLOCK_50    ; -10.000      ; 2.805      ; 4.976      ;
; 12.240 ; KEY[0]    ; timer:t0|r_reg[7]  ; CLOCK_50     ; CLOCK_50    ; -10.000      ; 2.791      ; 5.222      ;
; 12.240 ; KEY[0]    ; timer:t0|r_reg[9]  ; CLOCK_50     ; CLOCK_50    ; -10.000      ; 2.791      ; 5.222      ;
; 12.240 ; KEY[0]    ; timer:t0|r_reg[8]  ; CLOCK_50     ; CLOCK_50    ; -10.000      ; 2.791      ; 5.222      ;
; 12.240 ; KEY[0]    ; timer:t0|r_reg[6]  ; CLOCK_50     ; CLOCK_50    ; -10.000      ; 2.791      ; 5.222      ;
; 12.240 ; KEY[0]    ; timer:t0|r_reg[4]  ; CLOCK_50     ; CLOCK_50    ; -10.000      ; 2.791      ; 5.222      ;
; 12.240 ; KEY[0]    ; timer:t0|r_reg[10] ; CLOCK_50     ; CLOCK_50    ; -10.000      ; 2.791      ; 5.222      ;
; 12.253 ; KEY[0]    ; timer:t0|r_reg[13] ; CLOCK_50     ; CLOCK_50    ; -10.000      ; 2.790      ; 5.234      ;
; 12.253 ; KEY[0]    ; timer:t0|r_reg[14] ; CLOCK_50     ; CLOCK_50    ; -10.000      ; 2.790      ; 5.234      ;
; 12.253 ; KEY[0]    ; timer:t0|r_reg[15] ; CLOCK_50     ; CLOCK_50    ; -10.000      ; 2.790      ; 5.234      ;
; 12.253 ; KEY[0]    ; timer:t0|r_reg[16] ; CLOCK_50     ; CLOCK_50    ; -10.000      ; 2.790      ; 5.234      ;
; 12.253 ; KEY[0]    ; timer:t0|r_reg[17] ; CLOCK_50     ; CLOCK_50    ; -10.000      ; 2.790      ; 5.234      ;
; 12.253 ; KEY[0]    ; timer:t0|r_reg[18] ; CLOCK_50     ; CLOCK_50    ; -10.000      ; 2.790      ; 5.234      ;
; 12.253 ; KEY[0]    ; timer:t0|r_reg[19] ; CLOCK_50     ; CLOCK_50    ; -10.000      ; 2.790      ; 5.234      ;
; 12.253 ; KEY[0]    ; timer:t0|r_reg[20] ; CLOCK_50     ; CLOCK_50    ; -10.000      ; 2.790      ; 5.234      ;
; 12.253 ; KEY[0]    ; timer:t0|r_reg[21] ; CLOCK_50     ; CLOCK_50    ; -10.000      ; 2.790      ; 5.234      ;
; 12.253 ; KEY[0]    ; timer:t0|r_reg[22] ; CLOCK_50     ; CLOCK_50    ; -10.000      ; 2.790      ; 5.234      ;
; 12.253 ; KEY[0]    ; timer:t0|r_reg[23] ; CLOCK_50     ; CLOCK_50    ; -10.000      ; 2.790      ; 5.234      ;
; 12.253 ; KEY[0]    ; timer:t0|r_reg[24] ; CLOCK_50     ; CLOCK_50    ; -10.000      ; 2.790      ; 5.234      ;
; 12.253 ; KEY[0]    ; timer:t0|r_reg[25] ; CLOCK_50     ; CLOCK_50    ; -10.000      ; 2.790      ; 5.234      ;
; 12.261 ; KEY[0]    ; timer:t0|r_reg[0]  ; CLOCK_50     ; CLOCK_50    ; -10.000      ; 2.790      ; 5.242      ;
; 12.261 ; KEY[0]    ; timer:t0|r_reg[1]  ; CLOCK_50     ; CLOCK_50    ; -10.000      ; 2.790      ; 5.242      ;
; 12.261 ; KEY[0]    ; timer:t0|r_reg[2]  ; CLOCK_50     ; CLOCK_50    ; -10.000      ; 2.790      ; 5.242      ;
; 12.261 ; KEY[0]    ; timer:t0|r_reg[3]  ; CLOCK_50     ; CLOCK_50    ; -10.000      ; 2.790      ; 5.242      ;
; 12.261 ; KEY[0]    ; timer:t0|r_reg[5]  ; CLOCK_50     ; CLOCK_50    ; -10.000      ; 2.790      ; 5.242      ;
; 12.261 ; KEY[0]    ; timer:t0|r_reg[11] ; CLOCK_50     ; CLOCK_50    ; -10.000      ; 2.790      ; 5.242      ;
; 12.261 ; KEY[0]    ; timer:t0|r_reg[12] ; CLOCK_50     ; CLOCK_50    ; -10.000      ; 2.790      ; 5.242      ;
+--------+-----------+--------------------+--------------+-------------+--------------+------------+------------+


+-----------------------------------------------------------------------------------------------------------------------------------------------------------------------------+
; Slow 1200mV 0C Model Removal: 'pll_timer_inst|altpll_component|auto_generated|pll1|clk[0]'                                                                                  ;
+--------+-----------+-----------------------------------+--------------+------------------------------------------------------------+--------------+------------+------------+
; Slack  ; From Node ; To Node                           ; Launch Clock ; Latch Clock                                                ; Relationship ; Clock Skew ; Data Delay ;
+--------+-----------+-----------------------------------+--------------+------------------------------------------------------------+--------------+------------+------------+
; 3.867  ; KEY[0]    ; bin2bcd:bin2bcd0|bcds_out_reg[4]  ; CLOCK_50     ; pll_timer_inst|altpll_component|auto_generated|pll1|clk[0] ; 0.000        ; 0.382      ; 4.520      ;
; 3.867  ; KEY[0]    ; bin2bcd:bin2bcd0|bcds_out_reg[5]  ; CLOCK_50     ; pll_timer_inst|altpll_component|auto_generated|pll1|clk[0] ; 0.000        ; 0.382      ; 4.520      ;
; 3.867  ; KEY[0]    ; bin2bcd:bin2bcd0|bcds_out_reg[6]  ; CLOCK_50     ; pll_timer_inst|altpll_component|auto_generated|pll1|clk[0] ; 0.000        ; 0.382      ; 4.520      ;
; 3.867  ; KEY[0]    ; bin2bcd:bin2bcd0|bcds_out_reg[7]  ; CLOCK_50     ; pll_timer_inst|altpll_component|auto_generated|pll1|clk[0] ; 0.000        ; 0.382      ; 4.520      ;
; 4.073  ; KEY[0]    ; bin2bcd:bin2bcd0|state.start      ; CLOCK_50     ; pll_timer_inst|altpll_component|auto_generated|pll1|clk[0] ; 0.000        ; 0.393      ; 4.737      ;
; 4.073  ; KEY[0]    ; bin2bcd:bin2bcd0|state.shift      ; CLOCK_50     ; pll_timer_inst|altpll_component|auto_generated|pll1|clk[0] ; 0.000        ; 0.393      ; 4.737      ;
; 4.073  ; KEY[0]    ; bin2bcd:bin2bcd0|binary[0]        ; CLOCK_50     ; pll_timer_inst|altpll_component|auto_generated|pll1|clk[0] ; 0.000        ; 0.393      ; 4.737      ;
; 4.073  ; KEY[0]    ; bin2bcd:bin2bcd0|binary[1]        ; CLOCK_50     ; pll_timer_inst|altpll_component|auto_generated|pll1|clk[0] ; 0.000        ; 0.393      ; 4.737      ;
; 4.073  ; KEY[0]    ; bin2bcd:bin2bcd0|binary[2]        ; CLOCK_50     ; pll_timer_inst|altpll_component|auto_generated|pll1|clk[0] ; 0.000        ; 0.393      ; 4.737      ;
; 4.073  ; KEY[0]    ; bin2bcd:bin2bcd0|binary[3]        ; CLOCK_50     ; pll_timer_inst|altpll_component|auto_generated|pll1|clk[0] ; 0.000        ; 0.393      ; 4.737      ;
; 4.073  ; KEY[0]    ; bin2bcd:bin2bcd0|binary[4]        ; CLOCK_50     ; pll_timer_inst|altpll_component|auto_generated|pll1|clk[0] ; 0.000        ; 0.393      ; 4.737      ;
; 4.073  ; KEY[0]    ; bin2bcd:bin2bcd0|binary[5]        ; CLOCK_50     ; pll_timer_inst|altpll_component|auto_generated|pll1|clk[0] ; 0.000        ; 0.393      ; 4.737      ;
; 4.073  ; KEY[0]    ; bin2bcd:bin2bcd0|bcds[0]          ; CLOCK_50     ; pll_timer_inst|altpll_component|auto_generated|pll1|clk[0] ; 0.000        ; 0.393      ; 4.737      ;
; 4.073  ; KEY[0]    ; bin2bcd:bin2bcd1|binary[0]        ; CLOCK_50     ; pll_timer_inst|altpll_component|auto_generated|pll1|clk[0] ; 0.000        ; 0.393      ; 4.737      ;
; 4.073  ; KEY[0]    ; bin2bcd:bin2bcd1|binary[1]        ; CLOCK_50     ; pll_timer_inst|altpll_component|auto_generated|pll1|clk[0] ; 0.000        ; 0.393      ; 4.737      ;
; 4.073  ; KEY[0]    ; bin2bcd:bin2bcd1|binary[2]        ; CLOCK_50     ; pll_timer_inst|altpll_component|auto_generated|pll1|clk[0] ; 0.000        ; 0.393      ; 4.737      ;
; 4.073  ; KEY[0]    ; bin2bcd:bin2bcd1|binary[3]        ; CLOCK_50     ; pll_timer_inst|altpll_component|auto_generated|pll1|clk[0] ; 0.000        ; 0.393      ; 4.737      ;
; 4.073  ; KEY[0]    ; bin2bcd:bin2bcd1|binary[4]        ; CLOCK_50     ; pll_timer_inst|altpll_component|auto_generated|pll1|clk[0] ; 0.000        ; 0.393      ; 4.737      ;
; 4.073  ; KEY[0]    ; bin2bcd:bin2bcd1|binary[5]        ; CLOCK_50     ; pll_timer_inst|altpll_component|auto_generated|pll1|clk[0] ; 0.000        ; 0.393      ; 4.737      ;
; 4.104  ; KEY[0]    ; bin2bcd:bin2bcd1|bcds[0]          ; CLOCK_50     ; pll_timer_inst|altpll_component|auto_generated|pll1|clk[0] ; 0.000        ; 0.348      ; 4.723      ;
; 4.104  ; KEY[0]    ; bin2bcd:bin2bcd1|bcds[3]          ; CLOCK_50     ; pll_timer_inst|altpll_component|auto_generated|pll1|clk[0] ; 0.000        ; 0.348      ; 4.723      ;
; 4.115  ; KEY[0]    ; bin2bcd:bin2bcd0|shift_counter[1] ; CLOCK_50     ; pll_timer_inst|altpll_component|auto_generated|pll1|clk[0] ; 0.000        ; 0.379      ; 4.765      ;
; 4.115  ; KEY[0]    ; bin2bcd:bin2bcd0|shift_counter[2] ; CLOCK_50     ; pll_timer_inst|altpll_component|auto_generated|pll1|clk[0] ; 0.000        ; 0.379      ; 4.765      ;
; 4.115  ; KEY[0]    ; bin2bcd:bin2bcd0|state.done       ; CLOCK_50     ; pll_timer_inst|altpll_component|auto_generated|pll1|clk[0] ; 0.000        ; 0.379      ; 4.765      ;
; 4.115  ; KEY[0]    ; bin2bcd:bin2bcd0|bcds[4]          ; CLOCK_50     ; pll_timer_inst|altpll_component|auto_generated|pll1|clk[0] ; 0.000        ; 0.379      ; 4.765      ;
; 4.115  ; KEY[0]    ; bin2bcd:bin2bcd0|bcds[6]          ; CLOCK_50     ; pll_timer_inst|altpll_component|auto_generated|pll1|clk[0] ; 0.000        ; 0.379      ; 4.765      ;
; 4.115  ; KEY[0]    ; bin2bcd:bin2bcd0|bcds[7]          ; CLOCK_50     ; pll_timer_inst|altpll_component|auto_generated|pll1|clk[0] ; 0.000        ; 0.379      ; 4.765      ;
; 4.115  ; KEY[0]    ; bin2bcd:bin2bcd0|bcds[5]          ; CLOCK_50     ; pll_timer_inst|altpll_component|auto_generated|pll1|clk[0] ; 0.000        ; 0.379      ; 4.765      ;
; 4.136  ; KEY[0]    ; bin2bcd:bin2bcd0|bcds_out_reg[0]  ; CLOCK_50     ; pll_timer_inst|altpll_component|auto_generated|pll1|clk[0] ; 0.000        ; 0.376      ; 4.783      ;
; 4.136  ; KEY[0]    ; bin2bcd:bin2bcd0|bcds[2]          ; CLOCK_50     ; pll_timer_inst|altpll_component|auto_generated|pll1|clk[0] ; 0.000        ; 0.376      ; 4.783      ;
; 4.136  ; KEY[0]    ; bin2bcd:bin2bcd0|bcds[3]          ; CLOCK_50     ; pll_timer_inst|altpll_component|auto_generated|pll1|clk[0] ; 0.000        ; 0.376      ; 4.783      ;
; 4.136  ; KEY[0]    ; bin2bcd:bin2bcd0|bcds[1]          ; CLOCK_50     ; pll_timer_inst|altpll_component|auto_generated|pll1|clk[0] ; 0.000        ; 0.376      ; 4.783      ;
; 4.136  ; KEY[0]    ; bin2bcd:bin2bcd0|bcds_out_reg[1]  ; CLOCK_50     ; pll_timer_inst|altpll_component|auto_generated|pll1|clk[0] ; 0.000        ; 0.376      ; 4.783      ;
; 4.136  ; KEY[0]    ; bin2bcd:bin2bcd0|bcds_out_reg[2]  ; CLOCK_50     ; pll_timer_inst|altpll_component|auto_generated|pll1|clk[0] ; 0.000        ; 0.376      ; 4.783      ;
; 4.136  ; KEY[0]    ; bin2bcd:bin2bcd0|bcds_out_reg[3]  ; CLOCK_50     ; pll_timer_inst|altpll_component|auto_generated|pll1|clk[0] ; 0.000        ; 0.376      ; 4.783      ;
; 4.196  ; KEY[0]    ; bin2bcd:bin2bcd0|shift_counter[0] ; CLOCK_50     ; pll_timer_inst|altpll_component|auto_generated|pll1|clk[0] ; 0.000        ; 0.347      ; 4.814      ;
; 4.196  ; KEY[0]    ; bin2bcd:bin2bcd1|bcds_out_reg[4]  ; CLOCK_50     ; pll_timer_inst|altpll_component|auto_generated|pll1|clk[0] ; 0.000        ; 0.347      ; 4.814      ;
; 4.196  ; KEY[0]    ; bin2bcd:bin2bcd1|bcds[6]          ; CLOCK_50     ; pll_timer_inst|altpll_component|auto_generated|pll1|clk[0] ; 0.000        ; 0.347      ; 4.814      ;
; 4.196  ; KEY[0]    ; bin2bcd:bin2bcd1|bcds[7]          ; CLOCK_50     ; pll_timer_inst|altpll_component|auto_generated|pll1|clk[0] ; 0.000        ; 0.347      ; 4.814      ;
; 4.196  ; KEY[0]    ; bin2bcd:bin2bcd1|bcds[5]          ; CLOCK_50     ; pll_timer_inst|altpll_component|auto_generated|pll1|clk[0] ; 0.000        ; 0.347      ; 4.814      ;
; 4.196  ; KEY[0]    ; bin2bcd:bin2bcd1|bcds_out_reg[5]  ; CLOCK_50     ; pll_timer_inst|altpll_component|auto_generated|pll1|clk[0] ; 0.000        ; 0.347      ; 4.814      ;
; 4.196  ; KEY[0]    ; bin2bcd:bin2bcd1|bcds_out_reg[6]  ; CLOCK_50     ; pll_timer_inst|altpll_component|auto_generated|pll1|clk[0] ; 0.000        ; 0.347      ; 4.814      ;
; 4.196  ; KEY[0]    ; bin2bcd:bin2bcd1|bcds_out_reg[7]  ; CLOCK_50     ; pll_timer_inst|altpll_component|auto_generated|pll1|clk[0] ; 0.000        ; 0.347      ; 4.814      ;
; 4.242  ; KEY[0]    ; bin2bcd:bin2bcd1|bcds_out_reg[0]  ; CLOCK_50     ; pll_timer_inst|altpll_component|auto_generated|pll1|clk[0] ; 0.000        ; 0.336      ; 4.849      ;
; 4.242  ; KEY[0]    ; bin2bcd:bin2bcd1|bcds[2]          ; CLOCK_50     ; pll_timer_inst|altpll_component|auto_generated|pll1|clk[0] ; 0.000        ; 0.336      ; 4.849      ;
; 4.242  ; KEY[0]    ; bin2bcd:bin2bcd1|bcds[1]          ; CLOCK_50     ; pll_timer_inst|altpll_component|auto_generated|pll1|clk[0] ; 0.000        ; 0.336      ; 4.849      ;
; 4.242  ; KEY[0]    ; bin2bcd:bin2bcd1|bcds_out_reg[1]  ; CLOCK_50     ; pll_timer_inst|altpll_component|auto_generated|pll1|clk[0] ; 0.000        ; 0.336      ; 4.849      ;
; 4.242  ; KEY[0]    ; bin2bcd:bin2bcd1|bcds_out_reg[2]  ; CLOCK_50     ; pll_timer_inst|altpll_component|auto_generated|pll1|clk[0] ; 0.000        ; 0.336      ; 4.849      ;
; 4.242  ; KEY[0]    ; bin2bcd:bin2bcd1|bcds_out_reg[3]  ; CLOCK_50     ; pll_timer_inst|altpll_component|auto_generated|pll1|clk[0] ; 0.000        ; 0.336      ; 4.849      ;
; 4.242  ; KEY[0]    ; bin2bcd:bin2bcd1|bcds[4]          ; CLOCK_50     ; pll_timer_inst|altpll_component|auto_generated|pll1|clk[0] ; 0.000        ; 0.336      ; 4.849      ;
; 4.550  ; KEY[0]    ; bin2bcd:bin2bcd2|shift_counter[0] ; CLOCK_50     ; pll_timer_inst|altpll_component|auto_generated|pll1|clk[0] ; 0.000        ; 0.350      ; 5.171      ;
; 4.550  ; KEY[0]    ; bin2bcd:bin2bcd2|shift_counter[1] ; CLOCK_50     ; pll_timer_inst|altpll_component|auto_generated|pll1|clk[0] ; 0.000        ; 0.350      ; 5.171      ;
; 4.550  ; KEY[0]    ; bin2bcd:bin2bcd2|shift_counter[2] ; CLOCK_50     ; pll_timer_inst|altpll_component|auto_generated|pll1|clk[0] ; 0.000        ; 0.350      ; 5.171      ;
; 4.550  ; KEY[0]    ; bin2bcd:bin2bcd2|state.start      ; CLOCK_50     ; pll_timer_inst|altpll_component|auto_generated|pll1|clk[0] ; 0.000        ; 0.350      ; 5.171      ;
; 4.550  ; KEY[0]    ; bin2bcd:bin2bcd2|state.shift      ; CLOCK_50     ; pll_timer_inst|altpll_component|auto_generated|pll1|clk[0] ; 0.000        ; 0.350      ; 5.171      ;
; 4.550  ; KEY[0]    ; bin2bcd:bin2bcd2|state.done       ; CLOCK_50     ; pll_timer_inst|altpll_component|auto_generated|pll1|clk[0] ; 0.000        ; 0.350      ; 5.171      ;
; 4.550  ; KEY[0]    ; bin2bcd:bin2bcd2|binary[0]        ; CLOCK_50     ; pll_timer_inst|altpll_component|auto_generated|pll1|clk[0] ; 0.000        ; 0.350      ; 5.171      ;
; 4.550  ; KEY[0]    ; bin2bcd:bin2bcd2|binary[1]        ; CLOCK_50     ; pll_timer_inst|altpll_component|auto_generated|pll1|clk[0] ; 0.000        ; 0.350      ; 5.171      ;
; 4.550  ; KEY[0]    ; bin2bcd:bin2bcd2|binary[2]        ; CLOCK_50     ; pll_timer_inst|altpll_component|auto_generated|pll1|clk[0] ; 0.000        ; 0.350      ; 5.171      ;
; 4.550  ; KEY[0]    ; bin2bcd:bin2bcd2|binary[3]        ; CLOCK_50     ; pll_timer_inst|altpll_component|auto_generated|pll1|clk[0] ; 0.000        ; 0.350      ; 5.171      ;
; 4.550  ; KEY[0]    ; bin2bcd:bin2bcd2|binary[4]        ; CLOCK_50     ; pll_timer_inst|altpll_component|auto_generated|pll1|clk[0] ; 0.000        ; 0.350      ; 5.171      ;
; 4.652  ; KEY[0]    ; bin2bcd:bin2bcd2|bcds[0]          ; CLOCK_50     ; pll_timer_inst|altpll_component|auto_generated|pll1|clk[0] ; 0.000        ; 0.351      ; 5.274      ;
; 4.652  ; KEY[0]    ; bin2bcd:bin2bcd2|bcds[2]          ; CLOCK_50     ; pll_timer_inst|altpll_component|auto_generated|pll1|clk[0] ; 0.000        ; 0.351      ; 5.274      ;
; 4.652  ; KEY[0]    ; bin2bcd:bin2bcd2|bcds[3]          ; CLOCK_50     ; pll_timer_inst|altpll_component|auto_generated|pll1|clk[0] ; 0.000        ; 0.351      ; 5.274      ;
; 4.652  ; KEY[0]    ; bin2bcd:bin2bcd2|bcds[1]          ; CLOCK_50     ; pll_timer_inst|altpll_component|auto_generated|pll1|clk[0] ; 0.000        ; 0.351      ; 5.274      ;
; 4.652  ; KEY[0]    ; bin2bcd:bin2bcd2|bcds[4]          ; CLOCK_50     ; pll_timer_inst|altpll_component|auto_generated|pll1|clk[0] ; 0.000        ; 0.351      ; 5.274      ;
; 4.859  ; KEY[0]    ; bin2bcd:bin2bcd2|bcds_out_reg[0]  ; CLOCK_50     ; pll_timer_inst|altpll_component|auto_generated|pll1|clk[0] ; 0.000        ; 0.374      ; 5.504      ;
; 4.859  ; KEY[0]    ; bin2bcd:bin2bcd2|bcds_out_reg[1]  ; CLOCK_50     ; pll_timer_inst|altpll_component|auto_generated|pll1|clk[0] ; 0.000        ; 0.374      ; 5.504      ;
; 4.859  ; KEY[0]    ; bin2bcd:bin2bcd2|bcds_out_reg[2]  ; CLOCK_50     ; pll_timer_inst|altpll_component|auto_generated|pll1|clk[0] ; 0.000        ; 0.374      ; 5.504      ;
; 4.859  ; KEY[0]    ; bin2bcd:bin2bcd2|bcds_out_reg[3]  ; CLOCK_50     ; pll_timer_inst|altpll_component|auto_generated|pll1|clk[0] ; 0.000        ; 0.374      ; 5.504      ;
; 5.073  ; KEY[0]    ; bin2bcd:bin2bcd2|bcds_out_reg[4]  ; CLOCK_50     ; pll_timer_inst|altpll_component|auto_generated|pll1|clk[0] ; 0.000        ; 0.365      ; 5.709      ;
; 5.073  ; KEY[0]    ; bin2bcd:bin2bcd2|bcds[7]          ; CLOCK_50     ; pll_timer_inst|altpll_component|auto_generated|pll1|clk[0] ; 0.000        ; 0.365      ; 5.709      ;
; 5.073  ; KEY[0]    ; bin2bcd:bin2bcd2|bcds[6]          ; CLOCK_50     ; pll_timer_inst|altpll_component|auto_generated|pll1|clk[0] ; 0.000        ; 0.365      ; 5.709      ;
; 5.073  ; KEY[0]    ; bin2bcd:bin2bcd2|bcds[5]          ; CLOCK_50     ; pll_timer_inst|altpll_component|auto_generated|pll1|clk[0] ; 0.000        ; 0.365      ; 5.709      ;
; 5.073  ; KEY[0]    ; bin2bcd:bin2bcd2|bcds_out_reg[5]  ; CLOCK_50     ; pll_timer_inst|altpll_component|auto_generated|pll1|clk[0] ; 0.000        ; 0.365      ; 5.709      ;
; 5.073  ; KEY[0]    ; bin2bcd:bin2bcd2|bcds_out_reg[6]  ; CLOCK_50     ; pll_timer_inst|altpll_component|auto_generated|pll1|clk[0] ; 0.000        ; 0.365      ; 5.709      ;
; 5.073  ; KEY[0]    ; bin2bcd:bin2bcd2|bcds_out_reg[7]  ; CLOCK_50     ; pll_timer_inst|altpll_component|auto_generated|pll1|clk[0] ; 0.000        ; 0.365      ; 5.709      ;
; 14.083 ; KEY[0]    ; bin2bcd:bin2bcd0|bcds_out_reg[4]  ; CLOCK_50     ; pll_timer_inst|altpll_component|auto_generated|pll1|clk[0] ; -10.000      ; 0.382      ; 4.736      ;
; 14.083 ; KEY[0]    ; bin2bcd:bin2bcd0|bcds_out_reg[5]  ; CLOCK_50     ; pll_timer_inst|altpll_component|auto_generated|pll1|clk[0] ; -10.000      ; 0.382      ; 4.736      ;
; 14.083 ; KEY[0]    ; bin2bcd:bin2bcd0|bcds_out_reg[6]  ; CLOCK_50     ; pll_timer_inst|altpll_component|auto_generated|pll1|clk[0] ; -10.000      ; 0.382      ; 4.736      ;
; 14.083 ; KEY[0]    ; bin2bcd:bin2bcd0|bcds_out_reg[7]  ; CLOCK_50     ; pll_timer_inst|altpll_component|auto_generated|pll1|clk[0] ; -10.000      ; 0.382      ; 4.736      ;
; 14.272 ; KEY[0]    ; bin2bcd:bin2bcd0|state.start      ; CLOCK_50     ; pll_timer_inst|altpll_component|auto_generated|pll1|clk[0] ; -10.000      ; 0.393      ; 4.936      ;
; 14.272 ; KEY[0]    ; bin2bcd:bin2bcd0|state.shift      ; CLOCK_50     ; pll_timer_inst|altpll_component|auto_generated|pll1|clk[0] ; -10.000      ; 0.393      ; 4.936      ;
; 14.272 ; KEY[0]    ; bin2bcd:bin2bcd0|binary[0]        ; CLOCK_50     ; pll_timer_inst|altpll_component|auto_generated|pll1|clk[0] ; -10.000      ; 0.393      ; 4.936      ;
; 14.272 ; KEY[0]    ; bin2bcd:bin2bcd0|binary[1]        ; CLOCK_50     ; pll_timer_inst|altpll_component|auto_generated|pll1|clk[0] ; -10.000      ; 0.393      ; 4.936      ;
; 14.272 ; KEY[0]    ; bin2bcd:bin2bcd0|binary[2]        ; CLOCK_50     ; pll_timer_inst|altpll_component|auto_generated|pll1|clk[0] ; -10.000      ; 0.393      ; 4.936      ;
; 14.272 ; KEY[0]    ; bin2bcd:bin2bcd0|binary[3]        ; CLOCK_50     ; pll_timer_inst|altpll_component|auto_generated|pll1|clk[0] ; -10.000      ; 0.393      ; 4.936      ;
; 14.272 ; KEY[0]    ; bin2bcd:bin2bcd0|binary[4]        ; CLOCK_50     ; pll_timer_inst|altpll_component|auto_generated|pll1|clk[0] ; -10.000      ; 0.393      ; 4.936      ;
; 14.272 ; KEY[0]    ; bin2bcd:bin2bcd0|binary[5]        ; CLOCK_50     ; pll_timer_inst|altpll_component|auto_generated|pll1|clk[0] ; -10.000      ; 0.393      ; 4.936      ;
; 14.272 ; KEY[0]    ; bin2bcd:bin2bcd0|bcds[0]          ; CLOCK_50     ; pll_timer_inst|altpll_component|auto_generated|pll1|clk[0] ; -10.000      ; 0.393      ; 4.936      ;
; 14.272 ; KEY[0]    ; bin2bcd:bin2bcd1|binary[0]        ; CLOCK_50     ; pll_timer_inst|altpll_component|auto_generated|pll1|clk[0] ; -10.000      ; 0.393      ; 4.936      ;
; 14.272 ; KEY[0]    ; bin2bcd:bin2bcd1|binary[1]        ; CLOCK_50     ; pll_timer_inst|altpll_component|auto_generated|pll1|clk[0] ; -10.000      ; 0.393      ; 4.936      ;
; 14.272 ; KEY[0]    ; bin2bcd:bin2bcd1|binary[2]        ; CLOCK_50     ; pll_timer_inst|altpll_component|auto_generated|pll1|clk[0] ; -10.000      ; 0.393      ; 4.936      ;
; 14.272 ; KEY[0]    ; bin2bcd:bin2bcd1|binary[3]        ; CLOCK_50     ; pll_timer_inst|altpll_component|auto_generated|pll1|clk[0] ; -10.000      ; 0.393      ; 4.936      ;
; 14.272 ; KEY[0]    ; bin2bcd:bin2bcd1|binary[4]        ; CLOCK_50     ; pll_timer_inst|altpll_component|auto_generated|pll1|clk[0] ; -10.000      ; 0.393      ; 4.936      ;
; 14.272 ; KEY[0]    ; bin2bcd:bin2bcd1|binary[5]        ; CLOCK_50     ; pll_timer_inst|altpll_component|auto_generated|pll1|clk[0] ; -10.000      ; 0.393      ; 4.936      ;
; 14.295 ; KEY[0]    ; bin2bcd:bin2bcd0|shift_counter[1] ; CLOCK_50     ; pll_timer_inst|altpll_component|auto_generated|pll1|clk[0] ; -10.000      ; 0.379      ; 4.945      ;
; 14.295 ; KEY[0]    ; bin2bcd:bin2bcd0|shift_counter[2] ; CLOCK_50     ; pll_timer_inst|altpll_component|auto_generated|pll1|clk[0] ; -10.000      ; 0.379      ; 4.945      ;
; 14.295 ; KEY[0]    ; bin2bcd:bin2bcd0|state.done       ; CLOCK_50     ; pll_timer_inst|altpll_component|auto_generated|pll1|clk[0] ; -10.000      ; 0.379      ; 4.945      ;
; 14.295 ; KEY[0]    ; bin2bcd:bin2bcd0|bcds[4]          ; CLOCK_50     ; pll_timer_inst|altpll_component|auto_generated|pll1|clk[0] ; -10.000      ; 0.379      ; 4.945      ;
+--------+-----------+-----------------------------------+--------------+------------------------------------------------------------+--------------+------------+------------+


----------------------------------------------
; Slow 1200mV 0C Model Metastability Summary ;
----------------------------------------------
No synchronizer chains to report.


+-------------------------------------------------------------------------------------+
; Fast 1200mV 0C Model Setup Summary                                                  ;
+------------------------------------------------------------+--------+---------------+
; Clock                                                      ; Slack  ; End Point TNS ;
+------------------------------------------------------------+--------+---------------+
; pll_timer_inst|altpll_component|auto_generated|pll1|clk[0] ; 16.060 ; 0.000         ;
; CLOCK_50                                                   ; 17.116 ; 0.000         ;
+------------------------------------------------------------+--------+---------------+


+------------------------------------------------------------------------------------+
; Fast 1200mV 0C Model Hold Summary                                                  ;
+------------------------------------------------------------+-------+---------------+
; Clock                                                      ; Slack ; End Point TNS ;
+------------------------------------------------------------+-------+---------------+
; pll_timer_inst|altpll_component|auto_generated|pll1|clk[0] ; 0.178 ; 0.000         ;
; CLOCK_50                                                   ; 0.180 ; 0.000         ;
+------------------------------------------------------------+-------+---------------+


+------------------------------------------------------------------------------------+
; Fast 1200mV 0C Model Recovery Summary                                              ;
+------------------------------------------------------------+-------+---------------+
; Clock                                                      ; Slack ; End Point TNS ;
+------------------------------------------------------------+-------+---------------+
; pll_timer_inst|altpll_component|auto_generated|pll1|clk[0] ; 5.747 ; 0.000         ;
; CLOCK_50                                                   ; 7.947 ; 0.000         ;
+------------------------------------------------------------+-------+---------------+


+------------------------------------------------------------------------------------+
; Fast 1200mV 0C Model Removal Summary                                               ;
+------------------------------------------------------------+-------+---------------+
; Clock                                                      ; Slack ; End Point TNS ;
+------------------------------------------------------------+-------+---------------+
; CLOCK_50                                                   ; 0.909 ; 0.000         ;
; pll_timer_inst|altpll_component|auto_generated|pll1|clk[0] ; 2.189 ; 0.000         ;
+------------------------------------------------------------+-------+---------------+


+-----------------------------------------------------------------------------------------+
; Fast 1200mV 0C Model Minimum Pulse Width Summary                                        ;
+------------------------------------------------------------+------------+---------------+
; Clock                                                      ; Slack      ; End Point TNS ;
+------------------------------------------------------------+------------+---------------+
; CLOCK_50                                                   ; 9.438      ; 0.000         ;
; pll_timer_inst|altpll_component|auto_generated|pll1|clk[0] ; 249999.774 ; 0.000         ;
+------------------------------------------------------------+------------+---------------+


+------------------------------------------------------------------------------------------------------------------------------------------------------------------------------------------------------------------------------------------------------+
; Fast 1200mV 0C Model Setup: 'pll_timer_inst|altpll_component|auto_generated|pll1|clk[0]'                                                                                                                                                             ;
+------------+-----------------------------------+----------------------------------+------------------------------------------------------------+------------------------------------------------------------+--------------+------------+------------+
; Slack      ; From Node                         ; To Node                          ; Launch Clock                                               ; Latch Clock                                                ; Relationship ; Clock Skew ; Data Delay ;
+------------+-----------------------------------+----------------------------------+------------------------------------------------------------+------------------------------------------------------------+--------------+------------+------------+
; 16.060     ; timer:t0|h_reg[4]                 ; bin2bcd:bin2bcd2|binary[4]       ; CLOCK_50                                                   ; pll_timer_inst|altpll_component|auto_generated|pll1|clk[0] ; 20.000       ; -1.746     ; 2.131      ;
; 16.096     ; timer:t0|h_reg[3]                 ; bin2bcd:bin2bcd2|binary[3]       ; CLOCK_50                                                   ; pll_timer_inst|altpll_component|auto_generated|pll1|clk[0] ; 20.000       ; -1.746     ; 2.095      ;
; 16.190     ; timer:t0|h_reg[0]                 ; bin2bcd:bin2bcd2|binary[0]       ; CLOCK_50                                                   ; pll_timer_inst|altpll_component|auto_generated|pll1|clk[0] ; 20.000       ; -1.746     ; 2.001      ;
; 16.579     ; timer:t0|h_reg[2]                 ; bin2bcd:bin2bcd2|binary[2]       ; CLOCK_50                                                   ; pll_timer_inst|altpll_component|auto_generated|pll1|clk[0] ; 20.000       ; -1.746     ; 1.612      ;
; 16.805     ; timer:t0|h_reg[1]                 ; bin2bcd:bin2bcd2|binary[1]       ; CLOCK_50                                                   ; pll_timer_inst|altpll_component|auto_generated|pll1|clk[0] ; 20.000       ; -1.746     ; 1.386      ;
; 17.284     ; timer:t0|s_reg[1]                 ; bin2bcd:bin2bcd0|binary[1]       ; CLOCK_50                                                   ; pll_timer_inst|altpll_component|auto_generated|pll1|clk[0] ; 20.000       ; -1.751     ; 0.902      ;
; 17.361     ; timer:t0|s_reg[0]                 ; bin2bcd:bin2bcd0|binary[0]       ; CLOCK_50                                                   ; pll_timer_inst|altpll_component|auto_generated|pll1|clk[0] ; 20.000       ; -1.751     ; 0.825      ;
; 17.362     ; timer:t0|s_reg[5]                 ; bin2bcd:bin2bcd0|binary[5]       ; CLOCK_50                                                   ; pll_timer_inst|altpll_component|auto_generated|pll1|clk[0] ; 20.000       ; -1.751     ; 0.824      ;
; 17.486     ; timer:t0|s_reg[4]                 ; bin2bcd:bin2bcd0|binary[4]       ; CLOCK_50                                                   ; pll_timer_inst|altpll_component|auto_generated|pll1|clk[0] ; 20.000       ; -1.751     ; 0.700      ;
; 17.487     ; timer:t0|s_reg[2]                 ; bin2bcd:bin2bcd0|binary[2]       ; CLOCK_50                                                   ; pll_timer_inst|altpll_component|auto_generated|pll1|clk[0] ; 20.000       ; -1.751     ; 0.699      ;
; 17.491     ; timer:t0|s_reg[3]                 ; bin2bcd:bin2bcd0|binary[3]       ; CLOCK_50                                                   ; pll_timer_inst|altpll_component|auto_generated|pll1|clk[0] ; 20.000       ; -1.751     ; 0.695      ;
; 17.528     ; timer:t0|m_reg[2]                 ; bin2bcd:bin2bcd1|binary[2]       ; CLOCK_50                                                   ; pll_timer_inst|altpll_component|auto_generated|pll1|clk[0] ; 20.000       ; -1.750     ; 0.659      ;
; 17.545     ; timer:t0|m_reg[5]                 ; bin2bcd:bin2bcd1|binary[5]       ; CLOCK_50                                                   ; pll_timer_inst|altpll_component|auto_generated|pll1|clk[0] ; 20.000       ; -1.750     ; 0.642      ;
; 17.558     ; timer:t0|m_reg[3]                 ; bin2bcd:bin2bcd1|binary[3]       ; CLOCK_50                                                   ; pll_timer_inst|altpll_component|auto_generated|pll1|clk[0] ; 20.000       ; -1.750     ; 0.629      ;
; 17.564     ; timer:t0|m_reg[1]                 ; bin2bcd:bin2bcd1|binary[1]       ; CLOCK_50                                                   ; pll_timer_inst|altpll_component|auto_generated|pll1|clk[0] ; 20.000       ; -1.750     ; 0.623      ;
; 17.644     ; timer:t0|m_reg[0]                 ; bin2bcd:bin2bcd1|binary[0]       ; CLOCK_50                                                   ; pll_timer_inst|altpll_component|auto_generated|pll1|clk[0] ; 20.000       ; -1.750     ; 0.543      ;
; 17.646     ; timer:t0|m_reg[4]                 ; bin2bcd:bin2bcd1|binary[4]       ; CLOCK_50                                                   ; pll_timer_inst|altpll_component|auto_generated|pll1|clk[0] ; 20.000       ; -1.750     ; 0.541      ;
; 499994.701 ; bin2bcd:bin2bcd0|shift_counter[0] ; bin2bcd:bin2bcd0|bcds[4]         ; pll_timer_inst|altpll_component|auto_generated|pll1|clk[0] ; pll_timer_inst|altpll_component|auto_generated|pll1|clk[0] ; 500000.000   ; -0.011     ; 5.275      ;
; 499995.005 ; bin2bcd:bin2bcd0|state.shift      ; bin2bcd:bin2bcd0|bcds[4]         ; pll_timer_inst|altpll_component|auto_generated|pll1|clk[0] ; pll_timer_inst|altpll_component|auto_generated|pll1|clk[0] ; 500000.000   ; -0.056     ; 4.926      ;
; 499995.525 ; bin2bcd:bin2bcd0|shift_counter[1] ; bin2bcd:bin2bcd0|bcds[4]         ; pll_timer_inst|altpll_component|auto_generated|pll1|clk[0] ; pll_timer_inst|altpll_component|auto_generated|pll1|clk[0] ; 500000.000   ; -0.044     ; 4.418      ;
; 499995.530 ; bin2bcd:bin2bcd0|shift_counter[2] ; bin2bcd:bin2bcd0|bcds[4]         ; pll_timer_inst|altpll_component|auto_generated|pll1|clk[0] ; pll_timer_inst|altpll_component|auto_generated|pll1|clk[0] ; 500000.000   ; -0.044     ; 4.413      ;
; 499995.647 ; bin2bcd:bin2bcd0|bcds[0]          ; bin2bcd:bin2bcd0|bcds[4]         ; pll_timer_inst|altpll_component|auto_generated|pll1|clk[0] ; pll_timer_inst|altpll_component|auto_generated|pll1|clk[0] ; 500000.000   ; -0.056     ; 4.284      ;
; 499995.826 ; bin2bcd:bin2bcd0|shift_counter[0] ; bin2bcd:bin2bcd0|bcds[3]         ; pll_timer_inst|altpll_component|auto_generated|pll1|clk[0] ; pll_timer_inst|altpll_component|auto_generated|pll1|clk[0] ; 500000.000   ; -0.028     ; 4.133      ;
; 499996.040 ; bin2bcd:bin2bcd0|shift_counter[0] ; bin2bcd:bin2bcd0|bcds[1]         ; pll_timer_inst|altpll_component|auto_generated|pll1|clk[0] ; pll_timer_inst|altpll_component|auto_generated|pll1|clk[0] ; 500000.000   ; -0.028     ; 3.919      ;
; 499996.086 ; bin2bcd:bin2bcd0|shift_counter[0] ; bin2bcd:bin2bcd0|bcds[2]         ; pll_timer_inst|altpll_component|auto_generated|pll1|clk[0] ; pll_timer_inst|altpll_component|auto_generated|pll1|clk[0] ; 500000.000   ; -0.028     ; 3.873      ;
; 499996.130 ; bin2bcd:bin2bcd0|state.shift      ; bin2bcd:bin2bcd0|bcds[3]         ; pll_timer_inst|altpll_component|auto_generated|pll1|clk[0] ; pll_timer_inst|altpll_component|auto_generated|pll1|clk[0] ; 500000.000   ; -0.073     ; 3.784      ;
; 499996.390 ; bin2bcd:bin2bcd0|state.shift      ; bin2bcd:bin2bcd0|bcds[2]         ; pll_timer_inst|altpll_component|auto_generated|pll1|clk[0] ; pll_timer_inst|altpll_component|auto_generated|pll1|clk[0] ; 500000.000   ; -0.073     ; 3.524      ;
; 499996.435 ; bin2bcd:bin2bcd0|state.shift      ; bin2bcd:bin2bcd0|bcds[1]         ; pll_timer_inst|altpll_component|auto_generated|pll1|clk[0] ; pll_timer_inst|altpll_component|auto_generated|pll1|clk[0] ; 500000.000   ; -0.073     ; 3.479      ;
; 499996.650 ; bin2bcd:bin2bcd0|shift_counter[1] ; bin2bcd:bin2bcd0|bcds[3]         ; pll_timer_inst|altpll_component|auto_generated|pll1|clk[0] ; pll_timer_inst|altpll_component|auto_generated|pll1|clk[0] ; 500000.000   ; -0.061     ; 3.276      ;
; 499996.655 ; bin2bcd:bin2bcd0|shift_counter[2] ; bin2bcd:bin2bcd0|bcds[3]         ; pll_timer_inst|altpll_component|auto_generated|pll1|clk[0] ; pll_timer_inst|altpll_component|auto_generated|pll1|clk[0] ; 500000.000   ; -0.061     ; 3.271      ;
; 499996.788 ; bin2bcd:bin2bcd0|shift_counter[0] ; bin2bcd:bin2bcd1|bcds[3]         ; pll_timer_inst|altpll_component|auto_generated|pll1|clk[0] ; pll_timer_inst|altpll_component|auto_generated|pll1|clk[0] ; 500000.000   ; -0.042     ; 3.157      ;
; 499996.868 ; bin2bcd:bin2bcd0|shift_counter[1] ; bin2bcd:bin2bcd0|bcds[1]         ; pll_timer_inst|altpll_component|auto_generated|pll1|clk[0] ; pll_timer_inst|altpll_component|auto_generated|pll1|clk[0] ; 500000.000   ; -0.061     ; 3.058      ;
; 499996.873 ; bin2bcd:bin2bcd0|shift_counter[2] ; bin2bcd:bin2bcd0|bcds[1]         ; pll_timer_inst|altpll_component|auto_generated|pll1|clk[0] ; pll_timer_inst|altpll_component|auto_generated|pll1|clk[0] ; 500000.000   ; -0.061     ; 3.053      ;
; 499996.910 ; bin2bcd:bin2bcd0|shift_counter[1] ; bin2bcd:bin2bcd0|bcds[2]         ; pll_timer_inst|altpll_component|auto_generated|pll1|clk[0] ; pll_timer_inst|altpll_component|auto_generated|pll1|clk[0] ; 500000.000   ; -0.061     ; 3.016      ;
; 499996.915 ; bin2bcd:bin2bcd0|shift_counter[2] ; bin2bcd:bin2bcd0|bcds[2]         ; pll_timer_inst|altpll_component|auto_generated|pll1|clk[0] ; pll_timer_inst|altpll_component|auto_generated|pll1|clk[0] ; 500000.000   ; -0.061     ; 3.011      ;
; 499996.935 ; bin2bcd:bin2bcd0|bcds[0]          ; bin2bcd:bin2bcd0|bcds[3]         ; pll_timer_inst|altpll_component|auto_generated|pll1|clk[0] ; pll_timer_inst|altpll_component|auto_generated|pll1|clk[0] ; 500000.000   ; -0.073     ; 2.979      ;
; 499997.092 ; bin2bcd:bin2bcd0|state.shift      ; bin2bcd:bin2bcd1|bcds[3]         ; pll_timer_inst|altpll_component|auto_generated|pll1|clk[0] ; pll_timer_inst|altpll_component|auto_generated|pll1|clk[0] ; 500000.000   ; -0.087     ; 2.808      ;
; 499997.122 ; bin2bcd:bin2bcd0|state.done       ; bin2bcd:bin2bcd0|bcds[1]         ; pll_timer_inst|altpll_component|auto_generated|pll1|clk[0] ; pll_timer_inst|altpll_component|auto_generated|pll1|clk[0] ; 500000.000   ; -0.061     ; 2.804      ;
; 499997.155 ; bin2bcd:bin2bcd0|shift_counter[0] ; bin2bcd:bin2bcd1|bcds[0]         ; pll_timer_inst|altpll_component|auto_generated|pll1|clk[0] ; pll_timer_inst|altpll_component|auto_generated|pll1|clk[0] ; 500000.000   ; -0.042     ; 2.790      ;
; 499997.166 ; bin2bcd:bin2bcd0|shift_counter[0] ; bin2bcd:bin2bcd1|bcds[1]         ; pll_timer_inst|altpll_component|auto_generated|pll1|clk[0] ; pll_timer_inst|altpll_component|auto_generated|pll1|clk[0] ; 500000.000   ; -0.054     ; 2.767      ;
; 499997.229 ; bin2bcd:bin2bcd0|shift_counter[0] ; bin2bcd:bin2bcd1|bcds[4]         ; pll_timer_inst|altpll_component|auto_generated|pll1|clk[0] ; pll_timer_inst|altpll_component|auto_generated|pll1|clk[0] ; 500000.000   ; -0.054     ; 2.704      ;
; 499997.252 ; bin2bcd:bin2bcd0|shift_counter[0] ; bin2bcd:bin2bcd1|bcds[6]         ; pll_timer_inst|altpll_component|auto_generated|pll1|clk[0] ; pll_timer_inst|altpll_component|auto_generated|pll1|clk[0] ; 500000.000   ; -0.043     ; 2.692      ;
; 499997.255 ; bin2bcd:bin2bcd0|shift_counter[0] ; bin2bcd:bin2bcd1|bcds[5]         ; pll_timer_inst|altpll_component|auto_generated|pll1|clk[0] ; pll_timer_inst|altpll_component|auto_generated|pll1|clk[0] ; 500000.000   ; -0.043     ; 2.689      ;
; 499997.255 ; bin2bcd:bin2bcd0|shift_counter[0] ; bin2bcd:bin2bcd0|bcds[0]         ; pll_timer_inst|altpll_component|auto_generated|pll1|clk[0] ; pll_timer_inst|altpll_component|auto_generated|pll1|clk[0] ; 500000.000   ; 0.000      ; 2.732      ;
; 499997.296 ; bin2bcd:bin2bcd0|state.done       ; bin2bcd:bin2bcd0|bcds_out_reg[0] ; pll_timer_inst|altpll_component|auto_generated|pll1|clk[0] ; pll_timer_inst|altpll_component|auto_generated|pll1|clk[0] ; 500000.000   ; -0.061     ; 2.630      ;
; 499997.296 ; bin2bcd:bin2bcd0|state.done       ; bin2bcd:bin2bcd0|bcds_out_reg[3] ; pll_timer_inst|altpll_component|auto_generated|pll1|clk[0] ; pll_timer_inst|altpll_component|auto_generated|pll1|clk[0] ; 500000.000   ; -0.061     ; 2.630      ;
; 499997.296 ; bin2bcd:bin2bcd0|state.done       ; bin2bcd:bin2bcd0|bcds_out_reg[2] ; pll_timer_inst|altpll_component|auto_generated|pll1|clk[0] ; pll_timer_inst|altpll_component|auto_generated|pll1|clk[0] ; 500000.000   ; -0.061     ; 2.630      ;
; 499997.296 ; bin2bcd:bin2bcd0|state.done       ; bin2bcd:bin2bcd0|bcds_out_reg[1] ; pll_timer_inst|altpll_component|auto_generated|pll1|clk[0] ; pll_timer_inst|altpll_component|auto_generated|pll1|clk[0] ; 500000.000   ; -0.061     ; 2.630      ;
; 499997.302 ; bin2bcd:bin2bcd0|state.shift      ; bin2bcd:bin2bcd1|bcds[0]         ; pll_timer_inst|altpll_component|auto_generated|pll1|clk[0] ; pll_timer_inst|altpll_component|auto_generated|pll1|clk[0] ; 500000.000   ; -0.087     ; 2.598      ;
; 499997.305 ; bin2bcd:bin2bcd0|bcds[0]          ; bin2bcd:bin2bcd0|bcds[2]         ; pll_timer_inst|altpll_component|auto_generated|pll1|clk[0] ; pll_timer_inst|altpll_component|auto_generated|pll1|clk[0] ; 500000.000   ; -0.073     ; 2.609      ;
; 499997.309 ; bin2bcd:bin2bcd0|shift_counter[0] ; bin2bcd:bin2bcd1|bcds[2]         ; pll_timer_inst|altpll_component|auto_generated|pll1|clk[0] ; pll_timer_inst|altpll_component|auto_generated|pll1|clk[0] ; 500000.000   ; -0.054     ; 2.624      ;
; 499997.312 ; bin2bcd:bin2bcd0|bcds[1]          ; bin2bcd:bin2bcd0|bcds[4]         ; pll_timer_inst|altpll_component|auto_generated|pll1|clk[0] ; pll_timer_inst|altpll_component|auto_generated|pll1|clk[0] ; 500000.000   ; -0.057     ; 2.618      ;
; 499997.370 ; bin2bcd:bin2bcd0|state.done       ; bin2bcd:bin2bcd0|bcds[2]         ; pll_timer_inst|altpll_component|auto_generated|pll1|clk[0] ; pll_timer_inst|altpll_component|auto_generated|pll1|clk[0] ; 500000.000   ; -0.061     ; 2.556      ;
; 499997.372 ; bin2bcd:bin2bcd0|state.done       ; bin2bcd:bin2bcd0|bcds[3]         ; pll_timer_inst|altpll_component|auto_generated|pll1|clk[0] ; pll_timer_inst|altpll_component|auto_generated|pll1|clk[0] ; 500000.000   ; -0.061     ; 2.554      ;
; 499997.444 ; bin2bcd:bin2bcd0|shift_counter[0] ; bin2bcd:bin2bcd1|binary[5]       ; pll_timer_inst|altpll_component|auto_generated|pll1|clk[0] ; pll_timer_inst|altpll_component|auto_generated|pll1|clk[0] ; 500000.000   ; 0.000      ; 2.543      ;
; 499997.444 ; bin2bcd:bin2bcd0|shift_counter[0] ; bin2bcd:bin2bcd1|binary[4]       ; pll_timer_inst|altpll_component|auto_generated|pll1|clk[0] ; pll_timer_inst|altpll_component|auto_generated|pll1|clk[0] ; 500000.000   ; 0.000      ; 2.543      ;
; 499997.444 ; bin2bcd:bin2bcd0|shift_counter[0] ; bin2bcd:bin2bcd1|binary[3]       ; pll_timer_inst|altpll_component|auto_generated|pll1|clk[0] ; pll_timer_inst|altpll_component|auto_generated|pll1|clk[0] ; 500000.000   ; 0.000      ; 2.543      ;
; 499997.444 ; bin2bcd:bin2bcd0|shift_counter[0] ; bin2bcd:bin2bcd1|binary[2]       ; pll_timer_inst|altpll_component|auto_generated|pll1|clk[0] ; pll_timer_inst|altpll_component|auto_generated|pll1|clk[0] ; 500000.000   ; 0.000      ; 2.543      ;
; 499997.444 ; bin2bcd:bin2bcd0|shift_counter[0] ; bin2bcd:bin2bcd1|binary[1]       ; pll_timer_inst|altpll_component|auto_generated|pll1|clk[0] ; pll_timer_inst|altpll_component|auto_generated|pll1|clk[0] ; 500000.000   ; 0.000      ; 2.543      ;
; 499997.444 ; bin2bcd:bin2bcd0|shift_counter[0] ; bin2bcd:bin2bcd0|binary[5]       ; pll_timer_inst|altpll_component|auto_generated|pll1|clk[0] ; pll_timer_inst|altpll_component|auto_generated|pll1|clk[0] ; 500000.000   ; 0.000      ; 2.543      ;
; 499997.444 ; bin2bcd:bin2bcd0|shift_counter[0] ; bin2bcd:bin2bcd0|binary[4]       ; pll_timer_inst|altpll_component|auto_generated|pll1|clk[0] ; pll_timer_inst|altpll_component|auto_generated|pll1|clk[0] ; 500000.000   ; 0.000      ; 2.543      ;
; 499997.444 ; bin2bcd:bin2bcd0|shift_counter[0] ; bin2bcd:bin2bcd0|binary[3]       ; pll_timer_inst|altpll_component|auto_generated|pll1|clk[0] ; pll_timer_inst|altpll_component|auto_generated|pll1|clk[0] ; 500000.000   ; 0.000      ; 2.543      ;
; 499997.444 ; bin2bcd:bin2bcd0|shift_counter[0] ; bin2bcd:bin2bcd0|binary[2]       ; pll_timer_inst|altpll_component|auto_generated|pll1|clk[0] ; pll_timer_inst|altpll_component|auto_generated|pll1|clk[0] ; 500000.000   ; 0.000      ; 2.543      ;
; 499997.444 ; bin2bcd:bin2bcd0|shift_counter[0] ; bin2bcd:bin2bcd0|binary[1]       ; pll_timer_inst|altpll_component|auto_generated|pll1|clk[0] ; pll_timer_inst|altpll_component|auto_generated|pll1|clk[0] ; 500000.000   ; 0.000      ; 2.543      ;
; 499997.444 ; bin2bcd:bin2bcd0|shift_counter[0] ; bin2bcd:bin2bcd0|binary[0]       ; pll_timer_inst|altpll_component|auto_generated|pll1|clk[0] ; pll_timer_inst|altpll_component|auto_generated|pll1|clk[0] ; 500000.000   ; 0.000      ; 2.543      ;
; 499997.444 ; bin2bcd:bin2bcd0|shift_counter[0] ; bin2bcd:bin2bcd1|binary[0]       ; pll_timer_inst|altpll_component|auto_generated|pll1|clk[0] ; pll_timer_inst|altpll_component|auto_generated|pll1|clk[0] ; 500000.000   ; 0.000      ; 2.543      ;
; 499997.505 ; bin2bcd:bin2bcd0|shift_counter[0] ; bin2bcd:bin2bcd1|bcds[7]         ; pll_timer_inst|altpll_component|auto_generated|pll1|clk[0] ; pll_timer_inst|altpll_component|auto_generated|pll1|clk[0] ; 500000.000   ; -0.043     ; 2.439      ;
; 499997.533 ; bin2bcd:bin2bcd0|state.shift      ; bin2bcd:bin2bcd1|bcds[4]         ; pll_timer_inst|altpll_component|auto_generated|pll1|clk[0] ; pll_timer_inst|altpll_component|auto_generated|pll1|clk[0] ; 500000.000   ; -0.099     ; 2.355      ;
; 499997.537 ; bin2bcd:bin2bcd0|bcds[0]          ; bin2bcd:bin2bcd0|bcds[1]         ; pll_timer_inst|altpll_component|auto_generated|pll1|clk[0] ; pll_timer_inst|altpll_component|auto_generated|pll1|clk[0] ; 500000.000   ; -0.073     ; 2.377      ;
; 499997.549 ; bin2bcd:bin2bcd0|state.shift      ; bin2bcd:bin2bcd1|bcds[1]         ; pll_timer_inst|altpll_component|auto_generated|pll1|clk[0] ; pll_timer_inst|altpll_component|auto_generated|pll1|clk[0] ; 500000.000   ; -0.099     ; 2.339      ;
; 499997.553 ; bin2bcd:bin2bcd0|shift_counter[1] ; bin2bcd:bin2bcd1|bcds[7]         ; pll_timer_inst|altpll_component|auto_generated|pll1|clk[0] ; pll_timer_inst|altpll_component|auto_generated|pll1|clk[0] ; 500000.000   ; -0.076     ; 2.358      ;
; 499997.559 ; bin2bcd:bin2bcd0|state.shift      ; bin2bcd:bin2bcd0|bcds[0]         ; pll_timer_inst|altpll_component|auto_generated|pll1|clk[0] ; pll_timer_inst|altpll_component|auto_generated|pll1|clk[0] ; 500000.000   ; -0.045     ; 2.383      ;
; 499997.608 ; bin2bcd:bin2bcd1|bcds[4]          ; bin2bcd:bin2bcd1|bcds[7]         ; pll_timer_inst|altpll_component|auto_generated|pll1|clk[0] ; pll_timer_inst|altpll_component|auto_generated|pll1|clk[0] ; 500000.000   ; -0.032     ; 2.347      ;
; 499997.612 ; bin2bcd:bin2bcd0|shift_counter[1] ; bin2bcd:bin2bcd1|bcds[3]         ; pll_timer_inst|altpll_component|auto_generated|pll1|clk[0] ; pll_timer_inst|altpll_component|auto_generated|pll1|clk[0] ; 500000.000   ; -0.075     ; 2.300      ;
; 499997.613 ; bin2bcd:bin2bcd0|state.shift      ; bin2bcd:bin2bcd1|bcds[2]         ; pll_timer_inst|altpll_component|auto_generated|pll1|clk[0] ; pll_timer_inst|altpll_component|auto_generated|pll1|clk[0] ; 500000.000   ; -0.099     ; 2.275      ;
; 499997.617 ; bin2bcd:bin2bcd0|shift_counter[2] ; bin2bcd:bin2bcd1|bcds[3]         ; pll_timer_inst|altpll_component|auto_generated|pll1|clk[0] ; pll_timer_inst|altpll_component|auto_generated|pll1|clk[0] ; 500000.000   ; -0.075     ; 2.295      ;
; 499997.638 ; bin2bcd:bin2bcd0|shift_counter[2] ; bin2bcd:bin2bcd1|bcds[7]         ; pll_timer_inst|altpll_component|auto_generated|pll1|clk[0] ; pll_timer_inst|altpll_component|auto_generated|pll1|clk[0] ; 500000.000   ; -0.076     ; 2.273      ;
; 499997.643 ; bin2bcd:bin2bcd0|state.shift      ; bin2bcd:bin2bcd1|bcds[6]         ; pll_timer_inst|altpll_component|auto_generated|pll1|clk[0] ; pll_timer_inst|altpll_component|auto_generated|pll1|clk[0] ; 500000.000   ; -0.088     ; 2.256      ;
; 499997.645 ; bin2bcd:bin2bcd0|bcds[2]          ; bin2bcd:bin2bcd0|bcds[4]         ; pll_timer_inst|altpll_component|auto_generated|pll1|clk[0] ; pll_timer_inst|altpll_component|auto_generated|pll1|clk[0] ; 500000.000   ; -0.057     ; 2.285      ;
; 499997.646 ; bin2bcd:bin2bcd0|state.shift      ; bin2bcd:bin2bcd1|bcds[5]         ; pll_timer_inst|altpll_component|auto_generated|pll1|clk[0] ; pll_timer_inst|altpll_component|auto_generated|pll1|clk[0] ; 500000.000   ; -0.088     ; 2.253      ;
; 499997.688 ; bin2bcd:bin2bcd0|shift_counter[0] ; bin2bcd:bin2bcd0|state.shift     ; pll_timer_inst|altpll_component|auto_generated|pll1|clk[0] ; pll_timer_inst|altpll_component|auto_generated|pll1|clk[0] ; 500000.000   ; 0.000      ; 2.299      ;
; 499997.769 ; bin2bcd:bin2bcd0|shift_counter[1] ; bin2bcd:bin2bcd1|bcds[0]         ; pll_timer_inst|altpll_component|auto_generated|pll1|clk[0] ; pll_timer_inst|altpll_component|auto_generated|pll1|clk[0] ; 500000.000   ; -0.075     ; 2.143      ;
; 499997.774 ; bin2bcd:bin2bcd0|shift_counter[2] ; bin2bcd:bin2bcd1|bcds[0]         ; pll_timer_inst|altpll_component|auto_generated|pll1|clk[0] ; pll_timer_inst|altpll_component|auto_generated|pll1|clk[0] ; 500000.000   ; -0.075     ; 2.138      ;
; 499997.791 ; bin2bcd:bin2bcd0|state.shift      ; bin2bcd:bin2bcd1|binary[5]       ; pll_timer_inst|altpll_component|auto_generated|pll1|clk[0] ; pll_timer_inst|altpll_component|auto_generated|pll1|clk[0] ; 500000.000   ; -0.045     ; 2.151      ;
; 499997.791 ; bin2bcd:bin2bcd0|state.shift      ; bin2bcd:bin2bcd1|binary[4]       ; pll_timer_inst|altpll_component|auto_generated|pll1|clk[0] ; pll_timer_inst|altpll_component|auto_generated|pll1|clk[0] ; 500000.000   ; -0.045     ; 2.151      ;
; 499997.791 ; bin2bcd:bin2bcd0|state.shift      ; bin2bcd:bin2bcd1|binary[3]       ; pll_timer_inst|altpll_component|auto_generated|pll1|clk[0] ; pll_timer_inst|altpll_component|auto_generated|pll1|clk[0] ; 500000.000   ; -0.045     ; 2.151      ;
; 499997.791 ; bin2bcd:bin2bcd0|state.shift      ; bin2bcd:bin2bcd1|binary[2]       ; pll_timer_inst|altpll_component|auto_generated|pll1|clk[0] ; pll_timer_inst|altpll_component|auto_generated|pll1|clk[0] ; 500000.000   ; -0.045     ; 2.151      ;
; 499997.791 ; bin2bcd:bin2bcd0|state.shift      ; bin2bcd:bin2bcd1|binary[1]       ; pll_timer_inst|altpll_component|auto_generated|pll1|clk[0] ; pll_timer_inst|altpll_component|auto_generated|pll1|clk[0] ; 500000.000   ; -0.045     ; 2.151      ;
; 499997.791 ; bin2bcd:bin2bcd0|state.shift      ; bin2bcd:bin2bcd0|binary[5]       ; pll_timer_inst|altpll_component|auto_generated|pll1|clk[0] ; pll_timer_inst|altpll_component|auto_generated|pll1|clk[0] ; 500000.000   ; -0.045     ; 2.151      ;
; 499997.791 ; bin2bcd:bin2bcd0|state.shift      ; bin2bcd:bin2bcd0|binary[4]       ; pll_timer_inst|altpll_component|auto_generated|pll1|clk[0] ; pll_timer_inst|altpll_component|auto_generated|pll1|clk[0] ; 500000.000   ; -0.045     ; 2.151      ;
; 499997.791 ; bin2bcd:bin2bcd0|state.shift      ; bin2bcd:bin2bcd0|binary[3]       ; pll_timer_inst|altpll_component|auto_generated|pll1|clk[0] ; pll_timer_inst|altpll_component|auto_generated|pll1|clk[0] ; 500000.000   ; -0.045     ; 2.151      ;
; 499997.791 ; bin2bcd:bin2bcd0|state.shift      ; bin2bcd:bin2bcd0|binary[2]       ; pll_timer_inst|altpll_component|auto_generated|pll1|clk[0] ; pll_timer_inst|altpll_component|auto_generated|pll1|clk[0] ; 500000.000   ; -0.045     ; 2.151      ;
; 499997.791 ; bin2bcd:bin2bcd0|state.shift      ; bin2bcd:bin2bcd0|binary[1]       ; pll_timer_inst|altpll_component|auto_generated|pll1|clk[0] ; pll_timer_inst|altpll_component|auto_generated|pll1|clk[0] ; 500000.000   ; -0.045     ; 2.151      ;
; 499997.791 ; bin2bcd:bin2bcd0|state.shift      ; bin2bcd:bin2bcd0|binary[0]       ; pll_timer_inst|altpll_component|auto_generated|pll1|clk[0] ; pll_timer_inst|altpll_component|auto_generated|pll1|clk[0] ; 500000.000   ; -0.045     ; 2.151      ;
; 499997.791 ; bin2bcd:bin2bcd0|state.shift      ; bin2bcd:bin2bcd1|binary[0]       ; pll_timer_inst|altpll_component|auto_generated|pll1|clk[0] ; pll_timer_inst|altpll_component|auto_generated|pll1|clk[0] ; 500000.000   ; -0.045     ; 2.151      ;
; 499997.796 ; bin2bcd:bin2bcd0|bcds[0]          ; bin2bcd:bin2bcd0|bcds_out_reg[0] ; pll_timer_inst|altpll_component|auto_generated|pll1|clk[0] ; pll_timer_inst|altpll_component|auto_generated|pll1|clk[0] ; 500000.000   ; -0.073     ; 2.118      ;
; 499997.809 ; bin2bcd:bin2bcd0|state.shift      ; bin2bcd:bin2bcd1|bcds[7]         ; pll_timer_inst|altpll_component|auto_generated|pll1|clk[0] ; pll_timer_inst|altpll_component|auto_generated|pll1|clk[0] ; 500000.000   ; -0.088     ; 2.090      ;
; 499997.822 ; bin2bcd:bin2bcd1|bcds[0]          ; bin2bcd:bin2bcd1|bcds[3]         ; pll_timer_inst|altpll_component|auto_generated|pll1|clk[0] ; pll_timer_inst|altpll_component|auto_generated|pll1|clk[0] ; 500000.000   ; -0.043     ; 2.122      ;
; 499997.891 ; bin2bcd:bin2bcd0|bcds[3]          ; bin2bcd:bin2bcd0|bcds[4]         ; pll_timer_inst|altpll_component|auto_generated|pll1|clk[0] ; pll_timer_inst|altpll_component|auto_generated|pll1|clk[0] ; 500000.000   ; -0.057     ; 2.039      ;
; 499997.978 ; bin2bcd:bin2bcd2|bcds[4]          ; bin2bcd:bin2bcd2|bcds[7]         ; pll_timer_inst|altpll_component|auto_generated|pll1|clk[0] ; pll_timer_inst|altpll_component|auto_generated|pll1|clk[0] ; 500000.000   ; -0.035     ; 1.974      ;
+------------+-----------------------------------+----------------------------------+------------------------------------------------------------+------------------------------------------------------------+--------------+------------+------------+


+-----------------------------------------------------------------------------------------------------------------------+
; Fast 1200mV 0C Model Setup: 'CLOCK_50'                                                                                ;
+--------+--------------------+-------------------+--------------+-------------+--------------+------------+------------+
; Slack  ; From Node          ; To Node           ; Launch Clock ; Latch Clock ; Relationship ; Clock Skew ; Data Delay ;
+--------+--------------------+-------------------+--------------+-------------+--------------+------------+------------+
; 17.116 ; timer:t0|r_reg[6]  ; timer:t0|h_reg[3] ; CLOCK_50     ; CLOCK_50    ; 20.000       ; -0.090     ; 2.781      ;
; 17.117 ; timer:t0|r_reg[6]  ; timer:t0|h_reg[1] ; CLOCK_50     ; CLOCK_50    ; 20.000       ; -0.090     ; 2.780      ;
; 17.117 ; timer:t0|r_reg[6]  ; timer:t0|h_reg[2] ; CLOCK_50     ; CLOCK_50    ; 20.000       ; -0.090     ; 2.780      ;
; 17.117 ; timer:t0|r_reg[6]  ; timer:t0|h_reg[0] ; CLOCK_50     ; CLOCK_50    ; 20.000       ; -0.090     ; 2.780      ;
; 17.150 ; timer:t0|r_reg[9]  ; timer:t0|h_reg[3] ; CLOCK_50     ; CLOCK_50    ; 20.000       ; -0.090     ; 2.747      ;
; 17.151 ; timer:t0|r_reg[9]  ; timer:t0|h_reg[1] ; CLOCK_50     ; CLOCK_50    ; 20.000       ; -0.090     ; 2.746      ;
; 17.151 ; timer:t0|r_reg[9]  ; timer:t0|h_reg[2] ; CLOCK_50     ; CLOCK_50    ; 20.000       ; -0.090     ; 2.746      ;
; 17.151 ; timer:t0|r_reg[9]  ; timer:t0|h_reg[0] ; CLOCK_50     ; CLOCK_50    ; 20.000       ; -0.090     ; 2.746      ;
; 17.168 ; timer:t0|r_reg[8]  ; timer:t0|h_reg[3] ; CLOCK_50     ; CLOCK_50    ; 20.000       ; -0.090     ; 2.729      ;
; 17.169 ; timer:t0|r_reg[8]  ; timer:t0|h_reg[1] ; CLOCK_50     ; CLOCK_50    ; 20.000       ; -0.090     ; 2.728      ;
; 17.169 ; timer:t0|r_reg[8]  ; timer:t0|h_reg[2] ; CLOCK_50     ; CLOCK_50    ; 20.000       ; -0.090     ; 2.728      ;
; 17.169 ; timer:t0|r_reg[8]  ; timer:t0|h_reg[0] ; CLOCK_50     ; CLOCK_50    ; 20.000       ; -0.090     ; 2.728      ;
; 17.235 ; timer:t0|r_reg[7]  ; timer:t0|h_reg[3] ; CLOCK_50     ; CLOCK_50    ; 20.000       ; -0.090     ; 2.662      ;
; 17.236 ; timer:t0|r_reg[7]  ; timer:t0|h_reg[1] ; CLOCK_50     ; CLOCK_50    ; 20.000       ; -0.090     ; 2.661      ;
; 17.236 ; timer:t0|r_reg[7]  ; timer:t0|h_reg[2] ; CLOCK_50     ; CLOCK_50    ; 20.000       ; -0.090     ; 2.661      ;
; 17.236 ; timer:t0|r_reg[7]  ; timer:t0|h_reg[0] ; CLOCK_50     ; CLOCK_50    ; 20.000       ; -0.090     ; 2.661      ;
; 17.282 ; timer:t0|r_reg[6]  ; timer:t0|h_reg[4] ; CLOCK_50     ; CLOCK_50    ; 20.000       ; -0.090     ; 2.615      ;
; 17.303 ; timer:t0|s_reg[4]  ; timer:t0|h_reg[3] ; CLOCK_50     ; CLOCK_50    ; 20.000       ; -0.085     ; 2.599      ;
; 17.304 ; timer:t0|s_reg[4]  ; timer:t0|h_reg[0] ; CLOCK_50     ; CLOCK_50    ; 20.000       ; -0.085     ; 2.598      ;
; 17.304 ; timer:t0|s_reg[4]  ; timer:t0|h_reg[1] ; CLOCK_50     ; CLOCK_50    ; 20.000       ; -0.085     ; 2.598      ;
; 17.304 ; timer:t0|s_reg[4]  ; timer:t0|h_reg[2] ; CLOCK_50     ; CLOCK_50    ; 20.000       ; -0.085     ; 2.598      ;
; 17.307 ; timer:t0|s_reg[3]  ; timer:t0|h_reg[3] ; CLOCK_50     ; CLOCK_50    ; 20.000       ; -0.085     ; 2.595      ;
; 17.308 ; timer:t0|s_reg[3]  ; timer:t0|h_reg[0] ; CLOCK_50     ; CLOCK_50    ; 20.000       ; -0.085     ; 2.594      ;
; 17.308 ; timer:t0|s_reg[3]  ; timer:t0|h_reg[1] ; CLOCK_50     ; CLOCK_50    ; 20.000       ; -0.085     ; 2.594      ;
; 17.308 ; timer:t0|s_reg[3]  ; timer:t0|h_reg[2] ; CLOCK_50     ; CLOCK_50    ; 20.000       ; -0.085     ; 2.594      ;
; 17.314 ; timer:t0|r_reg[11] ; timer:t0|h_reg[3] ; CLOCK_50     ; CLOCK_50    ; 20.000       ; -0.090     ; 2.583      ;
; 17.315 ; timer:t0|r_reg[11] ; timer:t0|h_reg[1] ; CLOCK_50     ; CLOCK_50    ; 20.000       ; -0.090     ; 2.582      ;
; 17.315 ; timer:t0|r_reg[11] ; timer:t0|h_reg[2] ; CLOCK_50     ; CLOCK_50    ; 20.000       ; -0.090     ; 2.582      ;
; 17.315 ; timer:t0|r_reg[11] ; timer:t0|h_reg[0] ; CLOCK_50     ; CLOCK_50    ; 20.000       ; -0.090     ; 2.582      ;
; 17.316 ; timer:t0|r_reg[9]  ; timer:t0|h_reg[4] ; CLOCK_50     ; CLOCK_50    ; 20.000       ; -0.090     ; 2.581      ;
; 17.318 ; timer:t0|r_reg[25] ; timer:t0|h_reg[3] ; CLOCK_50     ; CLOCK_50    ; 20.000       ; -0.090     ; 2.579      ;
; 17.319 ; timer:t0|r_reg[25] ; timer:t0|h_reg[1] ; CLOCK_50     ; CLOCK_50    ; 20.000       ; -0.090     ; 2.578      ;
; 17.319 ; timer:t0|r_reg[25] ; timer:t0|h_reg[2] ; CLOCK_50     ; CLOCK_50    ; 20.000       ; -0.090     ; 2.578      ;
; 17.319 ; timer:t0|r_reg[25] ; timer:t0|h_reg[0] ; CLOCK_50     ; CLOCK_50    ; 20.000       ; -0.090     ; 2.578      ;
; 17.334 ; timer:t0|r_reg[8]  ; timer:t0|h_reg[4] ; CLOCK_50     ; CLOCK_50    ; 20.000       ; -0.090     ; 2.563      ;
; 17.335 ; timer:t0|r_reg[19] ; timer:t0|h_reg[3] ; CLOCK_50     ; CLOCK_50    ; 20.000       ; -0.090     ; 2.562      ;
; 17.336 ; timer:t0|r_reg[19] ; timer:t0|h_reg[1] ; CLOCK_50     ; CLOCK_50    ; 20.000       ; -0.090     ; 2.561      ;
; 17.336 ; timer:t0|r_reg[19] ; timer:t0|h_reg[2] ; CLOCK_50     ; CLOCK_50    ; 20.000       ; -0.090     ; 2.561      ;
; 17.336 ; timer:t0|r_reg[19] ; timer:t0|h_reg[0] ; CLOCK_50     ; CLOCK_50    ; 20.000       ; -0.090     ; 2.561      ;
; 17.336 ; timer:t0|r_reg[21] ; timer:t0|h_reg[3] ; CLOCK_50     ; CLOCK_50    ; 20.000       ; -0.090     ; 2.561      ;
; 17.337 ; timer:t0|r_reg[21] ; timer:t0|h_reg[1] ; CLOCK_50     ; CLOCK_50    ; 20.000       ; -0.090     ; 2.560      ;
; 17.337 ; timer:t0|r_reg[21] ; timer:t0|h_reg[2] ; CLOCK_50     ; CLOCK_50    ; 20.000       ; -0.090     ; 2.560      ;
; 17.337 ; timer:t0|r_reg[21] ; timer:t0|h_reg[0] ; CLOCK_50     ; CLOCK_50    ; 20.000       ; -0.090     ; 2.560      ;
; 17.354 ; timer:t0|r_reg[13] ; timer:t0|h_reg[3] ; CLOCK_50     ; CLOCK_50    ; 20.000       ; -0.090     ; 2.543      ;
; 17.355 ; timer:t0|r_reg[13] ; timer:t0|h_reg[1] ; CLOCK_50     ; CLOCK_50    ; 20.000       ; -0.090     ; 2.542      ;
; 17.355 ; timer:t0|r_reg[13] ; timer:t0|h_reg[2] ; CLOCK_50     ; CLOCK_50    ; 20.000       ; -0.090     ; 2.542      ;
; 17.355 ; timer:t0|r_reg[13] ; timer:t0|h_reg[0] ; CLOCK_50     ; CLOCK_50    ; 20.000       ; -0.090     ; 2.542      ;
; 17.379 ; timer:t0|r_reg[16] ; timer:t0|h_reg[3] ; CLOCK_50     ; CLOCK_50    ; 20.000       ; -0.090     ; 2.518      ;
; 17.379 ; timer:t0|r_reg[17] ; timer:t0|h_reg[3] ; CLOCK_50     ; CLOCK_50    ; 20.000       ; -0.090     ; 2.518      ;
; 17.380 ; timer:t0|r_reg[16] ; timer:t0|h_reg[1] ; CLOCK_50     ; CLOCK_50    ; 20.000       ; -0.090     ; 2.517      ;
; 17.380 ; timer:t0|r_reg[16] ; timer:t0|h_reg[2] ; CLOCK_50     ; CLOCK_50    ; 20.000       ; -0.090     ; 2.517      ;
; 17.380 ; timer:t0|r_reg[16] ; timer:t0|h_reg[0] ; CLOCK_50     ; CLOCK_50    ; 20.000       ; -0.090     ; 2.517      ;
; 17.380 ; timer:t0|r_reg[17] ; timer:t0|h_reg[1] ; CLOCK_50     ; CLOCK_50    ; 20.000       ; -0.090     ; 2.517      ;
; 17.380 ; timer:t0|r_reg[17] ; timer:t0|h_reg[2] ; CLOCK_50     ; CLOCK_50    ; 20.000       ; -0.090     ; 2.517      ;
; 17.380 ; timer:t0|r_reg[17] ; timer:t0|h_reg[0] ; CLOCK_50     ; CLOCK_50    ; 20.000       ; -0.090     ; 2.517      ;
; 17.382 ; timer:t0|r_reg[4]  ; timer:t0|h_reg[3] ; CLOCK_50     ; CLOCK_50    ; 20.000       ; -0.090     ; 2.515      ;
; 17.383 ; timer:t0|r_reg[4]  ; timer:t0|h_reg[1] ; CLOCK_50     ; CLOCK_50    ; 20.000       ; -0.090     ; 2.514      ;
; 17.383 ; timer:t0|r_reg[4]  ; timer:t0|h_reg[2] ; CLOCK_50     ; CLOCK_50    ; 20.000       ; -0.090     ; 2.514      ;
; 17.383 ; timer:t0|r_reg[4]  ; timer:t0|h_reg[0] ; CLOCK_50     ; CLOCK_50    ; 20.000       ; -0.090     ; 2.514      ;
; 17.385 ; timer:t0|s_reg[5]  ; timer:t0|h_reg[3] ; CLOCK_50     ; CLOCK_50    ; 20.000       ; -0.085     ; 2.517      ;
; 17.386 ; timer:t0|s_reg[5]  ; timer:t0|h_reg[0] ; CLOCK_50     ; CLOCK_50    ; 20.000       ; -0.085     ; 2.516      ;
; 17.386 ; timer:t0|s_reg[5]  ; timer:t0|h_reg[1] ; CLOCK_50     ; CLOCK_50    ; 20.000       ; -0.085     ; 2.516      ;
; 17.386 ; timer:t0|s_reg[5]  ; timer:t0|h_reg[2] ; CLOCK_50     ; CLOCK_50    ; 20.000       ; -0.085     ; 2.516      ;
; 17.394 ; timer:t0|r_reg[23] ; timer:t0|h_reg[3] ; CLOCK_50     ; CLOCK_50    ; 20.000       ; -0.090     ; 2.503      ;
; 17.395 ; timer:t0|r_reg[23] ; timer:t0|h_reg[1] ; CLOCK_50     ; CLOCK_50    ; 20.000       ; -0.090     ; 2.502      ;
; 17.395 ; timer:t0|r_reg[23] ; timer:t0|h_reg[2] ; CLOCK_50     ; CLOCK_50    ; 20.000       ; -0.090     ; 2.502      ;
; 17.395 ; timer:t0|r_reg[23] ; timer:t0|h_reg[0] ; CLOCK_50     ; CLOCK_50    ; 20.000       ; -0.090     ; 2.502      ;
; 17.401 ; timer:t0|r_reg[7]  ; timer:t0|h_reg[4] ; CLOCK_50     ; CLOCK_50    ; 20.000       ; -0.090     ; 2.496      ;
; 17.403 ; timer:t0|r_reg[10] ; timer:t0|h_reg[3] ; CLOCK_50     ; CLOCK_50    ; 20.000       ; -0.090     ; 2.494      ;
; 17.404 ; timer:t0|r_reg[10] ; timer:t0|h_reg[1] ; CLOCK_50     ; CLOCK_50    ; 20.000       ; -0.090     ; 2.493      ;
; 17.404 ; timer:t0|r_reg[10] ; timer:t0|h_reg[2] ; CLOCK_50     ; CLOCK_50    ; 20.000       ; -0.090     ; 2.493      ;
; 17.404 ; timer:t0|r_reg[10] ; timer:t0|h_reg[0] ; CLOCK_50     ; CLOCK_50    ; 20.000       ; -0.090     ; 2.493      ;
; 17.421 ; timer:t0|r_reg[12] ; timer:t0|h_reg[3] ; CLOCK_50     ; CLOCK_50    ; 20.000       ; -0.090     ; 2.476      ;
; 17.422 ; timer:t0|r_reg[12] ; timer:t0|h_reg[1] ; CLOCK_50     ; CLOCK_50    ; 20.000       ; -0.090     ; 2.475      ;
; 17.422 ; timer:t0|r_reg[12] ; timer:t0|h_reg[2] ; CLOCK_50     ; CLOCK_50    ; 20.000       ; -0.090     ; 2.475      ;
; 17.422 ; timer:t0|r_reg[12] ; timer:t0|h_reg[0] ; CLOCK_50     ; CLOCK_50    ; 20.000       ; -0.090     ; 2.475      ;
; 17.423 ; timer:t0|r_reg[20] ; timer:t0|h_reg[3] ; CLOCK_50     ; CLOCK_50    ; 20.000       ; -0.090     ; 2.474      ;
; 17.424 ; timer:t0|r_reg[20] ; timer:t0|h_reg[1] ; CLOCK_50     ; CLOCK_50    ; 20.000       ; -0.090     ; 2.473      ;
; 17.424 ; timer:t0|r_reg[20] ; timer:t0|h_reg[2] ; CLOCK_50     ; CLOCK_50    ; 20.000       ; -0.090     ; 2.473      ;
; 17.424 ; timer:t0|r_reg[20] ; timer:t0|h_reg[0] ; CLOCK_50     ; CLOCK_50    ; 20.000       ; -0.090     ; 2.473      ;
; 17.466 ; timer:t0|r_reg[15] ; timer:t0|h_reg[3] ; CLOCK_50     ; CLOCK_50    ; 20.000       ; -0.090     ; 2.431      ;
; 17.467 ; timer:t0|r_reg[15] ; timer:t0|h_reg[1] ; CLOCK_50     ; CLOCK_50    ; 20.000       ; -0.090     ; 2.430      ;
; 17.467 ; timer:t0|r_reg[15] ; timer:t0|h_reg[2] ; CLOCK_50     ; CLOCK_50    ; 20.000       ; -0.090     ; 2.430      ;
; 17.467 ; timer:t0|r_reg[15] ; timer:t0|h_reg[0] ; CLOCK_50     ; CLOCK_50    ; 20.000       ; -0.090     ; 2.430      ;
; 17.469 ; timer:t0|s_reg[4]  ; timer:t0|h_reg[4] ; CLOCK_50     ; CLOCK_50    ; 20.000       ; -0.085     ; 2.433      ;
; 17.473 ; timer:t0|s_reg[3]  ; timer:t0|h_reg[4] ; CLOCK_50     ; CLOCK_50    ; 20.000       ; -0.085     ; 2.429      ;
; 17.479 ; timer:t0|r_reg[18] ; timer:t0|h_reg[3] ; CLOCK_50     ; CLOCK_50    ; 20.000       ; -0.090     ; 2.418      ;
; 17.480 ; timer:t0|r_reg[11] ; timer:t0|h_reg[4] ; CLOCK_50     ; CLOCK_50    ; 20.000       ; -0.090     ; 2.417      ;
; 17.480 ; timer:t0|r_reg[18] ; timer:t0|h_reg[1] ; CLOCK_50     ; CLOCK_50    ; 20.000       ; -0.090     ; 2.417      ;
; 17.480 ; timer:t0|r_reg[18] ; timer:t0|h_reg[2] ; CLOCK_50     ; CLOCK_50    ; 20.000       ; -0.090     ; 2.417      ;
; 17.480 ; timer:t0|r_reg[18] ; timer:t0|h_reg[0] ; CLOCK_50     ; CLOCK_50    ; 20.000       ; -0.090     ; 2.417      ;
; 17.481 ; timer:t0|r_reg[24] ; timer:t0|h_reg[3] ; CLOCK_50     ; CLOCK_50    ; 20.000       ; -0.090     ; 2.416      ;
; 17.482 ; timer:t0|r_reg[24] ; timer:t0|h_reg[1] ; CLOCK_50     ; CLOCK_50    ; 20.000       ; -0.090     ; 2.415      ;
; 17.482 ; timer:t0|r_reg[24] ; timer:t0|h_reg[2] ; CLOCK_50     ; CLOCK_50    ; 20.000       ; -0.090     ; 2.415      ;
; 17.482 ; timer:t0|r_reg[24] ; timer:t0|h_reg[0] ; CLOCK_50     ; CLOCK_50    ; 20.000       ; -0.090     ; 2.415      ;
; 17.484 ; timer:t0|r_reg[25] ; timer:t0|h_reg[4] ; CLOCK_50     ; CLOCK_50    ; 20.000       ; -0.090     ; 2.413      ;
; 17.494 ; timer:t0|s_reg[2]  ; timer:t0|h_reg[3] ; CLOCK_50     ; CLOCK_50    ; 20.000       ; -0.085     ; 2.408      ;
; 17.495 ; timer:t0|s_reg[2]  ; timer:t0|h_reg[0] ; CLOCK_50     ; CLOCK_50    ; 20.000       ; -0.085     ; 2.407      ;
; 17.495 ; timer:t0|s_reg[2]  ; timer:t0|h_reg[1] ; CLOCK_50     ; CLOCK_50    ; 20.000       ; -0.085     ; 2.407      ;
; 17.495 ; timer:t0|s_reg[2]  ; timer:t0|h_reg[2] ; CLOCK_50     ; CLOCK_50    ; 20.000       ; -0.085     ; 2.407      ;
+--------+--------------------+-------------------+--------------+-------------+--------------+------------+------------+


+--------------------------------------------------------------------------------------------------------------------------------------------------------------------------------------------------------------------------------------------------+
; Fast 1200mV 0C Model Hold: 'pll_timer_inst|altpll_component|auto_generated|pll1|clk[0]'                                                                                                                                                          ;
+-------+-----------------------------------+-----------------------------------+------------------------------------------------------------+------------------------------------------------------------+--------------+------------+------------+
; Slack ; From Node                         ; To Node                           ; Launch Clock                                               ; Latch Clock                                                ; Relationship ; Clock Skew ; Data Delay ;
+-------+-----------------------------------+-----------------------------------+------------------------------------------------------------+------------------------------------------------------------+--------------+------------+------------+
; 0.178 ; bin2bcd:bin2bcd0|bcds[0]          ; bin2bcd:bin2bcd0|bcds[0]          ; pll_timer_inst|altpll_component|auto_generated|pll1|clk[0] ; pll_timer_inst|altpll_component|auto_generated|pll1|clk[0] ; 0.000        ; 0.045      ; 0.307      ;
; 0.179 ; bin2bcd:bin2bcd0|bcds[1]          ; bin2bcd:bin2bcd0|bcds[1]          ; pll_timer_inst|altpll_component|auto_generated|pll1|clk[0] ; pll_timer_inst|altpll_component|auto_generated|pll1|clk[0] ; 0.000        ; 0.044      ; 0.307      ;
; 0.179 ; bin2bcd:bin2bcd0|bcds[3]          ; bin2bcd:bin2bcd0|bcds[3]          ; pll_timer_inst|altpll_component|auto_generated|pll1|clk[0] ; pll_timer_inst|altpll_component|auto_generated|pll1|clk[0] ; 0.000        ; 0.044      ; 0.307      ;
; 0.179 ; bin2bcd:bin2bcd0|bcds[2]          ; bin2bcd:bin2bcd0|bcds[2]          ; pll_timer_inst|altpll_component|auto_generated|pll1|clk[0] ; pll_timer_inst|altpll_component|auto_generated|pll1|clk[0] ; 0.000        ; 0.044      ; 0.307      ;
; 0.179 ; bin2bcd:bin2bcd2|bcds[5]          ; bin2bcd:bin2bcd2|bcds[5]          ; pll_timer_inst|altpll_component|auto_generated|pll1|clk[0] ; pll_timer_inst|altpll_component|auto_generated|pll1|clk[0] ; 0.000        ; 0.044      ; 0.307      ;
; 0.179 ; bin2bcd:bin2bcd2|bcds[6]          ; bin2bcd:bin2bcd2|bcds[6]          ; pll_timer_inst|altpll_component|auto_generated|pll1|clk[0] ; pll_timer_inst|altpll_component|auto_generated|pll1|clk[0] ; 0.000        ; 0.044      ; 0.307      ;
; 0.179 ; bin2bcd:bin2bcd0|bcds[5]          ; bin2bcd:bin2bcd0|bcds[5]          ; pll_timer_inst|altpll_component|auto_generated|pll1|clk[0] ; pll_timer_inst|altpll_component|auto_generated|pll1|clk[0] ; 0.000        ; 0.044      ; 0.307      ;
; 0.179 ; bin2bcd:bin2bcd0|bcds[6]          ; bin2bcd:bin2bcd0|bcds[6]          ; pll_timer_inst|altpll_component|auto_generated|pll1|clk[0] ; pll_timer_inst|altpll_component|auto_generated|pll1|clk[0] ; 0.000        ; 0.044      ; 0.307      ;
; 0.179 ; bin2bcd:bin2bcd0|bcds[4]          ; bin2bcd:bin2bcd0|bcds[4]          ; pll_timer_inst|altpll_component|auto_generated|pll1|clk[0] ; pll_timer_inst|altpll_component|auto_generated|pll1|clk[0] ; 0.000        ; 0.044      ; 0.307      ;
; 0.179 ; bin2bcd:bin2bcd0|shift_counter[1] ; bin2bcd:bin2bcd0|shift_counter[1] ; pll_timer_inst|altpll_component|auto_generated|pll1|clk[0] ; pll_timer_inst|altpll_component|auto_generated|pll1|clk[0] ; 0.000        ; 0.044      ; 0.307      ;
; 0.179 ; bin2bcd:bin2bcd0|shift_counter[2] ; bin2bcd:bin2bcd0|shift_counter[2] ; pll_timer_inst|altpll_component|auto_generated|pll1|clk[0] ; pll_timer_inst|altpll_component|auto_generated|pll1|clk[0] ; 0.000        ; 0.044      ; 0.307      ;
; 0.180 ; bin2bcd:bin2bcd2|bcds[4]          ; bin2bcd:bin2bcd2|bcds[4]          ; pll_timer_inst|altpll_component|auto_generated|pll1|clk[0] ; pll_timer_inst|altpll_component|auto_generated|pll1|clk[0] ; 0.000        ; 0.043      ; 0.307      ;
; 0.180 ; bin2bcd:bin2bcd2|bcds[1]          ; bin2bcd:bin2bcd2|bcds[1]          ; pll_timer_inst|altpll_component|auto_generated|pll1|clk[0] ; pll_timer_inst|altpll_component|auto_generated|pll1|clk[0] ; 0.000        ; 0.043      ; 0.307      ;
; 0.180 ; bin2bcd:bin2bcd2|bcds[3]          ; bin2bcd:bin2bcd2|bcds[3]          ; pll_timer_inst|altpll_component|auto_generated|pll1|clk[0] ; pll_timer_inst|altpll_component|auto_generated|pll1|clk[0] ; 0.000        ; 0.043      ; 0.307      ;
; 0.180 ; bin2bcd:bin2bcd2|bcds[2]          ; bin2bcd:bin2bcd2|bcds[2]          ; pll_timer_inst|altpll_component|auto_generated|pll1|clk[0] ; pll_timer_inst|altpll_component|auto_generated|pll1|clk[0] ; 0.000        ; 0.043      ; 0.307      ;
; 0.180 ; bin2bcd:bin2bcd2|bcds[0]          ; bin2bcd:bin2bcd2|bcds[0]          ; pll_timer_inst|altpll_component|auto_generated|pll1|clk[0] ; pll_timer_inst|altpll_component|auto_generated|pll1|clk[0] ; 0.000        ; 0.043      ; 0.307      ;
; 0.180 ; bin2bcd:bin2bcd1|bcds[5]          ; bin2bcd:bin2bcd1|bcds[5]          ; pll_timer_inst|altpll_component|auto_generated|pll1|clk[0] ; pll_timer_inst|altpll_component|auto_generated|pll1|clk[0] ; 0.000        ; 0.043      ; 0.307      ;
; 0.180 ; bin2bcd:bin2bcd1|bcds[6]          ; bin2bcd:bin2bcd1|bcds[6]          ; pll_timer_inst|altpll_component|auto_generated|pll1|clk[0] ; pll_timer_inst|altpll_component|auto_generated|pll1|clk[0] ; 0.000        ; 0.043      ; 0.307      ;
; 0.180 ; bin2bcd:bin2bcd1|bcds[4]          ; bin2bcd:bin2bcd1|bcds[4]          ; pll_timer_inst|altpll_component|auto_generated|pll1|clk[0] ; pll_timer_inst|altpll_component|auto_generated|pll1|clk[0] ; 0.000        ; 0.043      ; 0.307      ;
; 0.180 ; bin2bcd:bin2bcd1|bcds[1]          ; bin2bcd:bin2bcd1|bcds[1]          ; pll_timer_inst|altpll_component|auto_generated|pll1|clk[0] ; pll_timer_inst|altpll_component|auto_generated|pll1|clk[0] ; 0.000        ; 0.043      ; 0.307      ;
; 0.180 ; bin2bcd:bin2bcd1|bcds[3]          ; bin2bcd:bin2bcd1|bcds[3]          ; pll_timer_inst|altpll_component|auto_generated|pll1|clk[0] ; pll_timer_inst|altpll_component|auto_generated|pll1|clk[0] ; 0.000        ; 0.043      ; 0.307      ;
; 0.180 ; bin2bcd:bin2bcd1|bcds[2]          ; bin2bcd:bin2bcd1|bcds[2]          ; pll_timer_inst|altpll_component|auto_generated|pll1|clk[0] ; pll_timer_inst|altpll_component|auto_generated|pll1|clk[0] ; 0.000        ; 0.043      ; 0.307      ;
; 0.180 ; bin2bcd:bin2bcd1|bcds[0]          ; bin2bcd:bin2bcd1|bcds[0]          ; pll_timer_inst|altpll_component|auto_generated|pll1|clk[0] ; pll_timer_inst|altpll_component|auto_generated|pll1|clk[0] ; 0.000        ; 0.043      ; 0.307      ;
; 0.180 ; bin2bcd:bin2bcd0|shift_counter[0] ; bin2bcd:bin2bcd0|shift_counter[0] ; pll_timer_inst|altpll_component|auto_generated|pll1|clk[0] ; pll_timer_inst|altpll_component|auto_generated|pll1|clk[0] ; 0.000        ; 0.043      ; 0.307      ;
; 0.180 ; bin2bcd:bin2bcd2|shift_counter[0] ; bin2bcd:bin2bcd2|shift_counter[0] ; pll_timer_inst|altpll_component|auto_generated|pll1|clk[0] ; pll_timer_inst|altpll_component|auto_generated|pll1|clk[0] ; 0.000        ; 0.043      ; 0.307      ;
; 0.180 ; bin2bcd:bin2bcd2|shift_counter[2] ; bin2bcd:bin2bcd2|shift_counter[2] ; pll_timer_inst|altpll_component|auto_generated|pll1|clk[0] ; pll_timer_inst|altpll_component|auto_generated|pll1|clk[0] ; 0.000        ; 0.043      ; 0.307      ;
; 0.189 ; bin2bcd:bin2bcd0|state.start      ; bin2bcd:bin2bcd0|state.shift      ; pll_timer_inst|altpll_component|auto_generated|pll1|clk[0] ; pll_timer_inst|altpll_component|auto_generated|pll1|clk[0] ; 0.000        ; 0.045      ; 0.318      ;
; 0.213 ; bin2bcd:bin2bcd0|bcds[6]          ; bin2bcd:bin2bcd0|bcds[7]          ; pll_timer_inst|altpll_component|auto_generated|pll1|clk[0] ; pll_timer_inst|altpll_component|auto_generated|pll1|clk[0] ; 0.000        ; 0.044      ; 0.341      ;
; 0.215 ; bin2bcd:bin2bcd2|state.done       ; bin2bcd:bin2bcd2|shift_counter[0] ; pll_timer_inst|altpll_component|auto_generated|pll1|clk[0] ; pll_timer_inst|altpll_component|auto_generated|pll1|clk[0] ; 0.000        ; 0.043      ; 0.342      ;
; 0.217 ; bin2bcd:bin2bcd2|state.done       ; bin2bcd:bin2bcd2|shift_counter[2] ; pll_timer_inst|altpll_component|auto_generated|pll1|clk[0] ; pll_timer_inst|altpll_component|auto_generated|pll1|clk[0] ; 0.000        ; 0.043      ; 0.344      ;
; 0.223 ; bin2bcd:bin2bcd2|state.done       ; bin2bcd:bin2bcd2|state.start      ; pll_timer_inst|altpll_component|auto_generated|pll1|clk[0] ; pll_timer_inst|altpll_component|auto_generated|pll1|clk[0] ; 0.000        ; 0.043      ; 0.350      ;
; 0.235 ; bin2bcd:bin2bcd0|state.shift      ; bin2bcd:bin2bcd1|binary[4]        ; pll_timer_inst|altpll_component|auto_generated|pll1|clk[0] ; pll_timer_inst|altpll_component|auto_generated|pll1|clk[0] ; 0.000        ; 0.045      ; 0.364      ;
; 0.236 ; bin2bcd:bin2bcd0|state.shift      ; bin2bcd:bin2bcd1|binary[1]        ; pll_timer_inst|altpll_component|auto_generated|pll1|clk[0] ; pll_timer_inst|altpll_component|auto_generated|pll1|clk[0] ; 0.000        ; 0.045      ; 0.365      ;
; 0.237 ; bin2bcd:bin2bcd0|state.shift      ; bin2bcd:bin2bcd0|binary[5]        ; pll_timer_inst|altpll_component|auto_generated|pll1|clk[0] ; pll_timer_inst|altpll_component|auto_generated|pll1|clk[0] ; 0.000        ; 0.045      ; 0.366      ;
; 0.238 ; bin2bcd:bin2bcd0|state.shift      ; bin2bcd:bin2bcd0|binary[1]        ; pll_timer_inst|altpll_component|auto_generated|pll1|clk[0] ; pll_timer_inst|altpll_component|auto_generated|pll1|clk[0] ; 0.000        ; 0.045      ; 0.367      ;
; 0.238 ; bin2bcd:bin2bcd2|state.shift      ; bin2bcd:bin2bcd2|shift_counter[1] ; pll_timer_inst|altpll_component|auto_generated|pll1|clk[0] ; pll_timer_inst|altpll_component|auto_generated|pll1|clk[0] ; 0.000        ; 0.043      ; 0.365      ;
; 0.238 ; bin2bcd:bin2bcd2|state.shift      ; bin2bcd:bin2bcd2|state.done       ; pll_timer_inst|altpll_component|auto_generated|pll1|clk[0] ; pll_timer_inst|altpll_component|auto_generated|pll1|clk[0] ; 0.000        ; 0.043      ; 0.365      ;
; 0.239 ; bin2bcd:bin2bcd0|state.shift      ; bin2bcd:bin2bcd1|binary[2]        ; pll_timer_inst|altpll_component|auto_generated|pll1|clk[0] ; pll_timer_inst|altpll_component|auto_generated|pll1|clk[0] ; 0.000        ; 0.045      ; 0.368      ;
; 0.239 ; bin2bcd:bin2bcd0|state.shift      ; bin2bcd:bin2bcd0|binary[2]        ; pll_timer_inst|altpll_component|auto_generated|pll1|clk[0] ; pll_timer_inst|altpll_component|auto_generated|pll1|clk[0] ; 0.000        ; 0.045      ; 0.368      ;
; 0.240 ; bin2bcd:bin2bcd0|state.shift      ; bin2bcd:bin2bcd0|binary[4]        ; pll_timer_inst|altpll_component|auto_generated|pll1|clk[0] ; pll_timer_inst|altpll_component|auto_generated|pll1|clk[0] ; 0.000        ; 0.045      ; 0.369      ;
; 0.240 ; bin2bcd:bin2bcd2|state.shift      ; bin2bcd:bin2bcd2|binary[0]        ; pll_timer_inst|altpll_component|auto_generated|pll1|clk[0] ; pll_timer_inst|altpll_component|auto_generated|pll1|clk[0] ; 0.000        ; 0.043      ; 0.367      ;
; 0.241 ; bin2bcd:bin2bcd2|state.shift      ; bin2bcd:bin2bcd2|binary[3]        ; pll_timer_inst|altpll_component|auto_generated|pll1|clk[0] ; pll_timer_inst|altpll_component|auto_generated|pll1|clk[0] ; 0.000        ; 0.043      ; 0.368      ;
; 0.241 ; bin2bcd:bin2bcd0|state.shift      ; bin2bcd:bin2bcd1|binary[5]        ; pll_timer_inst|altpll_component|auto_generated|pll1|clk[0] ; pll_timer_inst|altpll_component|auto_generated|pll1|clk[0] ; 0.000        ; 0.045      ; 0.370      ;
; 0.243 ; bin2bcd:bin2bcd0|state.shift      ; bin2bcd:bin2bcd1|binary[3]        ; pll_timer_inst|altpll_component|auto_generated|pll1|clk[0] ; pll_timer_inst|altpll_component|auto_generated|pll1|clk[0] ; 0.000        ; 0.045      ; 0.372      ;
; 0.243 ; bin2bcd:bin2bcd0|state.shift      ; bin2bcd:bin2bcd0|binary[3]        ; pll_timer_inst|altpll_component|auto_generated|pll1|clk[0] ; pll_timer_inst|altpll_component|auto_generated|pll1|clk[0] ; 0.000        ; 0.045      ; 0.372      ;
; 0.244 ; bin2bcd:bin2bcd2|state.shift      ; bin2bcd:bin2bcd2|binary[4]        ; pll_timer_inst|altpll_component|auto_generated|pll1|clk[0] ; pll_timer_inst|altpll_component|auto_generated|pll1|clk[0] ; 0.000        ; 0.043      ; 0.371      ;
; 0.245 ; bin2bcd:bin2bcd0|state.shift      ; bin2bcd:bin2bcd1|binary[0]        ; pll_timer_inst|altpll_component|auto_generated|pll1|clk[0] ; pll_timer_inst|altpll_component|auto_generated|pll1|clk[0] ; 0.000        ; 0.045      ; 0.374      ;
; 0.245 ; bin2bcd:bin2bcd0|binary[0]        ; bin2bcd:bin2bcd0|binary[1]        ; pll_timer_inst|altpll_component|auto_generated|pll1|clk[0] ; pll_timer_inst|altpll_component|auto_generated|pll1|clk[0] ; 0.000        ; 0.045      ; 0.374      ;
; 0.245 ; bin2bcd:bin2bcd1|binary[2]        ; bin2bcd:bin2bcd1|binary[3]        ; pll_timer_inst|altpll_component|auto_generated|pll1|clk[0] ; pll_timer_inst|altpll_component|auto_generated|pll1|clk[0] ; 0.000        ; 0.045      ; 0.374      ;
; 0.246 ; bin2bcd:bin2bcd0|state.shift      ; bin2bcd:bin2bcd0|binary[0]        ; pll_timer_inst|altpll_component|auto_generated|pll1|clk[0] ; pll_timer_inst|altpll_component|auto_generated|pll1|clk[0] ; 0.000        ; 0.045      ; 0.375      ;
; 0.246 ; bin2bcd:bin2bcd1|binary[4]        ; bin2bcd:bin2bcd1|binary[5]        ; pll_timer_inst|altpll_component|auto_generated|pll1|clk[0] ; pll_timer_inst|altpll_component|auto_generated|pll1|clk[0] ; 0.000        ; 0.045      ; 0.375      ;
; 0.248 ; bin2bcd:bin2bcd2|binary[1]        ; bin2bcd:bin2bcd2|binary[2]        ; pll_timer_inst|altpll_component|auto_generated|pll1|clk[0] ; pll_timer_inst|altpll_component|auto_generated|pll1|clk[0] ; 0.000        ; 0.043      ; 0.375      ;
; 0.255 ; bin2bcd:bin2bcd2|binary[0]        ; bin2bcd:bin2bcd2|binary[1]        ; pll_timer_inst|altpll_component|auto_generated|pll1|clk[0] ; pll_timer_inst|altpll_component|auto_generated|pll1|clk[0] ; 0.000        ; 0.043      ; 0.382      ;
; 0.269 ; bin2bcd:bin2bcd2|binary[0]        ; bin2bcd:bin2bcd2|binary[0]        ; pll_timer_inst|altpll_component|auto_generated|pll1|clk[0] ; pll_timer_inst|altpll_component|auto_generated|pll1|clk[0] ; 0.000        ; 0.043      ; 0.396      ;
; 0.270 ; bin2bcd:bin2bcd0|bcds[3]          ; bin2bcd:bin2bcd0|bcds_out_reg[3]  ; pll_timer_inst|altpll_component|auto_generated|pll1|clk[0] ; pll_timer_inst|altpll_component|auto_generated|pll1|clk[0] ; 0.000        ; 0.044      ; 0.398      ;
; 0.271 ; bin2bcd:bin2bcd2|bcds[7]          ; bin2bcd:bin2bcd2|bcds_out_reg[7]  ; pll_timer_inst|altpll_component|auto_generated|pll1|clk[0] ; pll_timer_inst|altpll_component|auto_generated|pll1|clk[0] ; 0.000        ; 0.044      ; 0.399      ;
; 0.274 ; bin2bcd:bin2bcd1|bcds[1]          ; bin2bcd:bin2bcd1|bcds_out_reg[1]  ; pll_timer_inst|altpll_component|auto_generated|pll1|clk[0] ; pll_timer_inst|altpll_component|auto_generated|pll1|clk[0] ; 0.000        ; 0.043      ; 0.401      ;
; 0.279 ; bin2bcd:bin2bcd0|state.done       ; bin2bcd:bin2bcd0|bcds[4]          ; pll_timer_inst|altpll_component|auto_generated|pll1|clk[0] ; pll_timer_inst|altpll_component|auto_generated|pll1|clk[0] ; 0.000        ; 0.044      ; 0.407      ;
; 0.280 ; bin2bcd:bin2bcd0|bcds[1]          ; bin2bcd:bin2bcd0|bcds_out_reg[1]  ; pll_timer_inst|altpll_component|auto_generated|pll1|clk[0] ; pll_timer_inst|altpll_component|auto_generated|pll1|clk[0] ; 0.000        ; 0.044      ; 0.408      ;
; 0.280 ; bin2bcd:bin2bcd1|bcds[5]          ; bin2bcd:bin2bcd1|bcds_out_reg[5]  ; pll_timer_inst|altpll_component|auto_generated|pll1|clk[0] ; pll_timer_inst|altpll_component|auto_generated|pll1|clk[0] ; 0.000        ; 0.043      ; 0.407      ;
; 0.283 ; bin2bcd:bin2bcd0|state.done       ; bin2bcd:bin2bcd0|shift_counter[2] ; pll_timer_inst|altpll_component|auto_generated|pll1|clk[0] ; pll_timer_inst|altpll_component|auto_generated|pll1|clk[0] ; 0.000        ; 0.044      ; 0.411      ;
; 0.285 ; bin2bcd:bin2bcd1|bcds[6]          ; bin2bcd:bin2bcd1|bcds_out_reg[6]  ; pll_timer_inst|altpll_component|auto_generated|pll1|clk[0] ; pll_timer_inst|altpll_component|auto_generated|pll1|clk[0] ; 0.000        ; 0.043      ; 0.412      ;
; 0.286 ; bin2bcd:bin2bcd0|binary[4]        ; bin2bcd:bin2bcd0|binary[5]        ; pll_timer_inst|altpll_component|auto_generated|pll1|clk[0] ; pll_timer_inst|altpll_component|auto_generated|pll1|clk[0] ; 0.000        ; 0.045      ; 0.415      ;
; 0.286 ; bin2bcd:bin2bcd1|binary[1]        ; bin2bcd:bin2bcd1|binary[2]        ; pll_timer_inst|altpll_component|auto_generated|pll1|clk[0] ; pll_timer_inst|altpll_component|auto_generated|pll1|clk[0] ; 0.000        ; 0.045      ; 0.415      ;
; 0.286 ; bin2bcd:bin2bcd0|binary[1]        ; bin2bcd:bin2bcd0|binary[2]        ; pll_timer_inst|altpll_component|auto_generated|pll1|clk[0] ; pll_timer_inst|altpll_component|auto_generated|pll1|clk[0] ; 0.000        ; 0.045      ; 0.415      ;
; 0.286 ; bin2bcd:bin2bcd0|binary[2]        ; bin2bcd:bin2bcd0|binary[3]        ; pll_timer_inst|altpll_component|auto_generated|pll1|clk[0] ; pll_timer_inst|altpll_component|auto_generated|pll1|clk[0] ; 0.000        ; 0.045      ; 0.415      ;
; 0.287 ; bin2bcd:bin2bcd1|binary[0]        ; bin2bcd:bin2bcd1|binary[1]        ; pll_timer_inst|altpll_component|auto_generated|pll1|clk[0] ; pll_timer_inst|altpll_component|auto_generated|pll1|clk[0] ; 0.000        ; 0.045      ; 0.416      ;
; 0.287 ; bin2bcd:bin2bcd0|binary[3]        ; bin2bcd:bin2bcd0|binary[4]        ; pll_timer_inst|altpll_component|auto_generated|pll1|clk[0] ; pll_timer_inst|altpll_component|auto_generated|pll1|clk[0] ; 0.000        ; 0.045      ; 0.416      ;
; 0.288 ; bin2bcd:bin2bcd2|binary[3]        ; bin2bcd:bin2bcd2|binary[4]        ; pll_timer_inst|altpll_component|auto_generated|pll1|clk[0] ; pll_timer_inst|altpll_component|auto_generated|pll1|clk[0] ; 0.000        ; 0.043      ; 0.415      ;
; 0.289 ; bin2bcd:bin2bcd2|binary[2]        ; bin2bcd:bin2bcd2|binary[3]        ; pll_timer_inst|altpll_component|auto_generated|pll1|clk[0] ; pll_timer_inst|altpll_component|auto_generated|pll1|clk[0] ; 0.000        ; 0.043      ; 0.416      ;
; 0.290 ; bin2bcd:bin2bcd1|binary[3]        ; bin2bcd:bin2bcd1|binary[4]        ; pll_timer_inst|altpll_component|auto_generated|pll1|clk[0] ; pll_timer_inst|altpll_component|auto_generated|pll1|clk[0] ; 0.000        ; 0.045      ; 0.419      ;
; 0.297 ; bin2bcd:bin2bcd0|shift_counter[2] ; bin2bcd:bin2bcd0|state.done       ; pll_timer_inst|altpll_component|auto_generated|pll1|clk[0] ; pll_timer_inst|altpll_component|auto_generated|pll1|clk[0] ; 0.000        ; 0.044      ; 0.425      ;
; 0.301 ; bin2bcd:bin2bcd2|bcds[6]          ; bin2bcd:bin2bcd2|bcds[7]          ; pll_timer_inst|altpll_component|auto_generated|pll1|clk[0] ; pll_timer_inst|altpll_component|auto_generated|pll1|clk[0] ; 0.000        ; 0.044      ; 0.429      ;
; 0.303 ; bin2bcd:bin2bcd2|state.start      ; bin2bcd:bin2bcd2|state.shift      ; pll_timer_inst|altpll_component|auto_generated|pll1|clk[0] ; pll_timer_inst|altpll_component|auto_generated|pll1|clk[0] ; 0.000        ; 0.043      ; 0.430      ;
; 0.303 ; bin2bcd:bin2bcd0|shift_counter[1] ; bin2bcd:bin2bcd0|state.done       ; pll_timer_inst|altpll_component|auto_generated|pll1|clk[0] ; pll_timer_inst|altpll_component|auto_generated|pll1|clk[0] ; 0.000        ; 0.044      ; 0.431      ;
; 0.324 ; bin2bcd:bin2bcd2|shift_counter[0] ; bin2bcd:bin2bcd2|state.done       ; pll_timer_inst|altpll_component|auto_generated|pll1|clk[0] ; pll_timer_inst|altpll_component|auto_generated|pll1|clk[0] ; 0.000        ; 0.043      ; 0.451      ;
; 0.332 ; bin2bcd:bin2bcd2|shift_counter[1] ; bin2bcd:bin2bcd2|state.done       ; pll_timer_inst|altpll_component|auto_generated|pll1|clk[0] ; pll_timer_inst|altpll_component|auto_generated|pll1|clk[0] ; 0.000        ; 0.043      ; 0.459      ;
; 0.333 ; bin2bcd:bin2bcd2|shift_counter[2] ; bin2bcd:bin2bcd2|state.done       ; pll_timer_inst|altpll_component|auto_generated|pll1|clk[0] ; pll_timer_inst|altpll_component|auto_generated|pll1|clk[0] ; 0.000        ; 0.043      ; 0.460      ;
; 0.335 ; bin2bcd:bin2bcd1|bcds[6]          ; bin2bcd:bin2bcd1|bcds[7]          ; pll_timer_inst|altpll_component|auto_generated|pll1|clk[0] ; pll_timer_inst|altpll_component|auto_generated|pll1|clk[0] ; 0.000        ; 0.043      ; 0.462      ;
; 0.335 ; bin2bcd:bin2bcd2|shift_counter[2] ; bin2bcd:bin2bcd2|shift_counter[1] ; pll_timer_inst|altpll_component|auto_generated|pll1|clk[0] ; pll_timer_inst|altpll_component|auto_generated|pll1|clk[0] ; 0.000        ; 0.043      ; 0.462      ;
; 0.346 ; bin2bcd:bin2bcd2|state.shift      ; bin2bcd:bin2bcd2|shift_counter[2] ; pll_timer_inst|altpll_component|auto_generated|pll1|clk[0] ; pll_timer_inst|altpll_component|auto_generated|pll1|clk[0] ; 0.000        ; 0.043      ; 0.473      ;
; 0.347 ; bin2bcd:bin2bcd2|bcds[6]          ; bin2bcd:bin2bcd2|bcds_out_reg[6]  ; pll_timer_inst|altpll_component|auto_generated|pll1|clk[0] ; pll_timer_inst|altpll_component|auto_generated|pll1|clk[0] ; 0.000        ; 0.044      ; 0.475      ;
; 0.350 ; bin2bcd:bin2bcd2|state.shift      ; bin2bcd:bin2bcd2|shift_counter[0] ; pll_timer_inst|altpll_component|auto_generated|pll1|clk[0] ; pll_timer_inst|altpll_component|auto_generated|pll1|clk[0] ; 0.000        ; 0.043      ; 0.477      ;
; 0.353 ; bin2bcd:bin2bcd2|state.shift      ; bin2bcd:bin2bcd2|binary[1]        ; pll_timer_inst|altpll_component|auto_generated|pll1|clk[0] ; pll_timer_inst|altpll_component|auto_generated|pll1|clk[0] ; 0.000        ; 0.043      ; 0.480      ;
; 0.359 ; bin2bcd:bin2bcd2|bcds[3]          ; bin2bcd:bin2bcd2|bcds[1]          ; pll_timer_inst|altpll_component|auto_generated|pll1|clk[0] ; pll_timer_inst|altpll_component|auto_generated|pll1|clk[0] ; 0.000        ; 0.043      ; 0.486      ;
; 0.360 ; bin2bcd:bin2bcd2|state.shift      ; bin2bcd:bin2bcd2|binary[2]        ; pll_timer_inst|altpll_component|auto_generated|pll1|clk[0] ; pll_timer_inst|altpll_component|auto_generated|pll1|clk[0] ; 0.000        ; 0.043      ; 0.487      ;
; 0.366 ; bin2bcd:bin2bcd0|bcds[4]          ; bin2bcd:bin2bcd0|bcds_out_reg[4]  ; pll_timer_inst|altpll_component|auto_generated|pll1|clk[0] ; pll_timer_inst|altpll_component|auto_generated|pll1|clk[0] ; 0.000        ; 0.046      ; 0.496      ;
; 0.373 ; bin2bcd:bin2bcd0|bcds[5]          ; bin2bcd:bin2bcd0|bcds_out_reg[5]  ; pll_timer_inst|altpll_component|auto_generated|pll1|clk[0] ; pll_timer_inst|altpll_component|auto_generated|pll1|clk[0] ; 0.000        ; 0.046      ; 0.503      ;
; 0.376 ; bin2bcd:bin2bcd0|bcds[6]          ; bin2bcd:bin2bcd0|bcds_out_reg[6]  ; pll_timer_inst|altpll_component|auto_generated|pll1|clk[0] ; pll_timer_inst|altpll_component|auto_generated|pll1|clk[0] ; 0.000        ; 0.046      ; 0.506      ;
; 0.408 ; bin2bcd:bin2bcd1|bcds[1]          ; bin2bcd:bin2bcd1|bcds[2]          ; pll_timer_inst|altpll_component|auto_generated|pll1|clk[0] ; pll_timer_inst|altpll_component|auto_generated|pll1|clk[0] ; 0.000        ; 0.043      ; 0.535      ;
; 0.421 ; bin2bcd:bin2bcd2|state.done       ; bin2bcd:bin2bcd2|binary[0]        ; pll_timer_inst|altpll_component|auto_generated|pll1|clk[0] ; pll_timer_inst|altpll_component|auto_generated|pll1|clk[0] ; 0.000        ; 0.043      ; 0.548      ;
; 0.430 ; bin2bcd:bin2bcd0|bcds[2]          ; bin2bcd:bin2bcd0|bcds_out_reg[2]  ; pll_timer_inst|altpll_component|auto_generated|pll1|clk[0] ; pll_timer_inst|altpll_component|auto_generated|pll1|clk[0] ; 0.000        ; 0.044      ; 0.558      ;
; 0.433 ; bin2bcd:bin2bcd1|bcds[2]          ; bin2bcd:bin2bcd1|bcds_out_reg[2]  ; pll_timer_inst|altpll_component|auto_generated|pll1|clk[0] ; pll_timer_inst|altpll_component|auto_generated|pll1|clk[0] ; 0.000        ; 0.043      ; 0.560      ;
; 0.435 ; bin2bcd:bin2bcd0|bcds[7]          ; bin2bcd:bin2bcd0|bcds_out_reg[7]  ; pll_timer_inst|altpll_component|auto_generated|pll1|clk[0] ; pll_timer_inst|altpll_component|auto_generated|pll1|clk[0] ; 0.000        ; 0.046      ; 0.565      ;
; 0.439 ; bin2bcd:bin2bcd1|bcds[7]          ; bin2bcd:bin2bcd1|bcds_out_reg[7]  ; pll_timer_inst|altpll_component|auto_generated|pll1|clk[0] ; pll_timer_inst|altpll_component|auto_generated|pll1|clk[0] ; 0.000        ; 0.043      ; 0.566      ;
; 0.450 ; bin2bcd:bin2bcd2|bcds[5]          ; bin2bcd:bin2bcd2|bcds_out_reg[5]  ; pll_timer_inst|altpll_component|auto_generated|pll1|clk[0] ; pll_timer_inst|altpll_component|auto_generated|pll1|clk[0] ; 0.000        ; 0.044      ; 0.578      ;
; 0.450 ; bin2bcd:bin2bcd0|shift_counter[1] ; bin2bcd:bin2bcd0|shift_counter[2] ; pll_timer_inst|altpll_component|auto_generated|pll1|clk[0] ; pll_timer_inst|altpll_component|auto_generated|pll1|clk[0] ; 0.000        ; 0.044      ; 0.578      ;
; 0.458 ; bin2bcd:bin2bcd0|bcds[4]          ; bin2bcd:bin2bcd0|bcds[5]          ; pll_timer_inst|altpll_component|auto_generated|pll1|clk[0] ; pll_timer_inst|altpll_component|auto_generated|pll1|clk[0] ; 0.000        ; 0.044      ; 0.586      ;
; 0.461 ; bin2bcd:bin2bcd2|bcds[3]          ; bin2bcd:bin2bcd2|bcds[4]          ; pll_timer_inst|altpll_component|auto_generated|pll1|clk[0] ; pll_timer_inst|altpll_component|auto_generated|pll1|clk[0] ; 0.000        ; 0.043      ; 0.588      ;
; 0.462 ; bin2bcd:bin2bcd0|bcds[1]          ; bin2bcd:bin2bcd0|bcds[2]          ; pll_timer_inst|altpll_component|auto_generated|pll1|clk[0] ; pll_timer_inst|altpll_component|auto_generated|pll1|clk[0] ; 0.000        ; 0.044      ; 0.590      ;
+-------+-----------------------------------+-----------------------------------+------------------------------------------------------------+------------------------------------------------------------+--------------+------------+------------+


+-----------------------------------------------------------------------------------------------------------------------+
; Fast 1200mV 0C Model Hold: 'CLOCK_50'                                                                                 ;
+-------+--------------------+--------------------+--------------+-------------+--------------+------------+------------+
; Slack ; From Node          ; To Node            ; Launch Clock ; Latch Clock ; Relationship ; Clock Skew ; Data Delay ;
+-------+--------------------+--------------------+--------------+-------------+--------------+------------+------------+
; 0.180 ; timer:t0|s_reg[0]  ; timer:t0|s_reg[0]  ; CLOCK_50     ; CLOCK_50    ; 0.000        ; 0.043      ; 0.307      ;
; 0.180 ; timer:t0|s_reg[1]  ; timer:t0|s_reg[1]  ; CLOCK_50     ; CLOCK_50    ; 0.000        ; 0.043      ; 0.307      ;
; 0.180 ; timer:t0|s_reg[2]  ; timer:t0|s_reg[2]  ; CLOCK_50     ; CLOCK_50    ; 0.000        ; 0.043      ; 0.307      ;
; 0.180 ; timer:t0|s_reg[3]  ; timer:t0|s_reg[3]  ; CLOCK_50     ; CLOCK_50    ; 0.000        ; 0.043      ; 0.307      ;
; 0.180 ; timer:t0|s_reg[4]  ; timer:t0|s_reg[4]  ; CLOCK_50     ; CLOCK_50    ; 0.000        ; 0.043      ; 0.307      ;
; 0.180 ; timer:t0|s_reg[5]  ; timer:t0|s_reg[5]  ; CLOCK_50     ; CLOCK_50    ; 0.000        ; 0.043      ; 0.307      ;
; 0.181 ; timer:t0|m_reg[0]  ; timer:t0|m_reg[0]  ; CLOCK_50     ; CLOCK_50    ; 0.000        ; 0.042      ; 0.307      ;
; 0.181 ; timer:t0|m_reg[1]  ; timer:t0|m_reg[1]  ; CLOCK_50     ; CLOCK_50    ; 0.000        ; 0.042      ; 0.307      ;
; 0.181 ; timer:t0|m_reg[2]  ; timer:t0|m_reg[2]  ; CLOCK_50     ; CLOCK_50    ; 0.000        ; 0.042      ; 0.307      ;
; 0.181 ; timer:t0|m_reg[3]  ; timer:t0|m_reg[3]  ; CLOCK_50     ; CLOCK_50    ; 0.000        ; 0.042      ; 0.307      ;
; 0.181 ; timer:t0|m_reg[4]  ; timer:t0|m_reg[4]  ; CLOCK_50     ; CLOCK_50    ; 0.000        ; 0.042      ; 0.307      ;
; 0.181 ; timer:t0|m_reg[5]  ; timer:t0|m_reg[5]  ; CLOCK_50     ; CLOCK_50    ; 0.000        ; 0.042      ; 0.307      ;
; 0.182 ; timer:t0|h_reg[0]  ; timer:t0|h_reg[0]  ; CLOCK_50     ; CLOCK_50    ; 0.000        ; 0.041      ; 0.307      ;
; 0.182 ; timer:t0|h_reg[1]  ; timer:t0|h_reg[1]  ; CLOCK_50     ; CLOCK_50    ; 0.000        ; 0.041      ; 0.307      ;
; 0.182 ; timer:t0|h_reg[3]  ; timer:t0|h_reg[3]  ; CLOCK_50     ; CLOCK_50    ; 0.000        ; 0.041      ; 0.307      ;
; 0.182 ; timer:t0|h_reg[2]  ; timer:t0|h_reg[2]  ; CLOCK_50     ; CLOCK_50    ; 0.000        ; 0.041      ; 0.307      ;
; 0.182 ; timer:t0|h_reg[4]  ; timer:t0|h_reg[4]  ; CLOCK_50     ; CLOCK_50    ; 0.000        ; 0.041      ; 0.307      ;
; 0.199 ; timer:t0|r_reg[25] ; timer:t0|r_reg[25] ; CLOCK_50     ; CLOCK_50    ; 0.000        ; 0.042      ; 0.325      ;
; 0.292 ; timer:t0|r_reg[18] ; timer:t0|r_reg[18] ; CLOCK_50     ; CLOCK_50    ; 0.000        ; 0.042      ; 0.418      ;
; 0.292 ; timer:t0|r_reg[15] ; timer:t0|r_reg[15] ; CLOCK_50     ; CLOCK_50    ; 0.000        ; 0.042      ; 0.418      ;
; 0.292 ; timer:t0|r_reg[14] ; timer:t0|r_reg[14] ; CLOCK_50     ; CLOCK_50    ; 0.000        ; 0.042      ; 0.418      ;
; 0.292 ; timer:t0|r_reg[5]  ; timer:t0|r_reg[5]  ; CLOCK_50     ; CLOCK_50    ; 0.000        ; 0.042      ; 0.418      ;
; 0.292 ; timer:t0|r_reg[3]  ; timer:t0|r_reg[3]  ; CLOCK_50     ; CLOCK_50    ; 0.000        ; 0.042      ; 0.418      ;
; 0.292 ; timer:t0|r_reg[2]  ; timer:t0|r_reg[2]  ; CLOCK_50     ; CLOCK_50    ; 0.000        ; 0.042      ; 0.418      ;
; 0.293 ; timer:t0|r_reg[21] ; timer:t0|r_reg[21] ; CLOCK_50     ; CLOCK_50    ; 0.000        ; 0.042      ; 0.419      ;
; 0.293 ; timer:t0|r_reg[19] ; timer:t0|r_reg[19] ; CLOCK_50     ; CLOCK_50    ; 0.000        ; 0.042      ; 0.419      ;
; 0.293 ; timer:t0|r_reg[17] ; timer:t0|r_reg[17] ; CLOCK_50     ; CLOCK_50    ; 0.000        ; 0.042      ; 0.419      ;
; 0.293 ; timer:t0|r_reg[16] ; timer:t0|r_reg[16] ; CLOCK_50     ; CLOCK_50    ; 0.000        ; 0.042      ; 0.419      ;
; 0.293 ; timer:t0|r_reg[1]  ; timer:t0|r_reg[1]  ; CLOCK_50     ; CLOCK_50    ; 0.000        ; 0.042      ; 0.419      ;
; 0.294 ; timer:t0|r_reg[24] ; timer:t0|r_reg[24] ; CLOCK_50     ; CLOCK_50    ; 0.000        ; 0.042      ; 0.420      ;
; 0.294 ; timer:t0|r_reg[23] ; timer:t0|r_reg[23] ; CLOCK_50     ; CLOCK_50    ; 0.000        ; 0.042      ; 0.420      ;
; 0.294 ; timer:t0|r_reg[22] ; timer:t0|r_reg[22] ; CLOCK_50     ; CLOCK_50    ; 0.000        ; 0.042      ; 0.420      ;
; 0.294 ; timer:t0|r_reg[20] ; timer:t0|r_reg[20] ; CLOCK_50     ; CLOCK_50    ; 0.000        ; 0.042      ; 0.420      ;
; 0.299 ; timer:t0|r_reg[13] ; timer:t0|r_reg[13] ; CLOCK_50     ; CLOCK_50    ; 0.000        ; 0.042      ; 0.425      ;
; 0.299 ; timer:t0|r_reg[12] ; timer:t0|r_reg[12] ; CLOCK_50     ; CLOCK_50    ; 0.000        ; 0.042      ; 0.425      ;
; 0.299 ; timer:t0|r_reg[11] ; timer:t0|r_reg[11] ; CLOCK_50     ; CLOCK_50    ; 0.000        ; 0.042      ; 0.425      ;
; 0.302 ; timer:t0|r_reg[0]  ; timer:t0|r_reg[0]  ; CLOCK_50     ; CLOCK_50    ; 0.000        ; 0.042      ; 0.428      ;
; 0.378 ; timer:t0|h_reg[1]  ; timer:t0|h_reg[3]  ; CLOCK_50     ; CLOCK_50    ; 0.000        ; 0.041      ; 0.503      ;
; 0.382 ; timer:t0|h_reg[1]  ; timer:t0|h_reg[2]  ; CLOCK_50     ; CLOCK_50    ; 0.000        ; 0.041      ; 0.507      ;
; 0.383 ; timer:t0|h_reg[1]  ; timer:t0|h_reg[0]  ; CLOCK_50     ; CLOCK_50    ; 0.000        ; 0.041      ; 0.508      ;
; 0.441 ; timer:t0|r_reg[15] ; timer:t0|r_reg[16] ; CLOCK_50     ; CLOCK_50    ; 0.000        ; 0.042      ; 0.567      ;
; 0.442 ; timer:t0|r_reg[17] ; timer:t0|r_reg[18] ; CLOCK_50     ; CLOCK_50    ; 0.000        ; 0.042      ; 0.568      ;
; 0.442 ; timer:t0|r_reg[1]  ; timer:t0|r_reg[2]  ; CLOCK_50     ; CLOCK_50    ; 0.000        ; 0.042      ; 0.568      ;
; 0.442 ; timer:t0|r_reg[21] ; timer:t0|r_reg[22] ; CLOCK_50     ; CLOCK_50    ; 0.000        ; 0.042      ; 0.568      ;
; 0.442 ; timer:t0|r_reg[19] ; timer:t0|r_reg[20] ; CLOCK_50     ; CLOCK_50    ; 0.000        ; 0.042      ; 0.568      ;
; 0.443 ; timer:t0|r_reg[23] ; timer:t0|r_reg[24] ; CLOCK_50     ; CLOCK_50    ; 0.000        ; 0.042      ; 0.569      ;
; 0.448 ; timer:t0|r_reg[13] ; timer:t0|r_reg[14] ; CLOCK_50     ; CLOCK_50    ; 0.000        ; 0.042      ; 0.574      ;
; 0.448 ; timer:t0|r_reg[11] ; timer:t0|r_reg[12] ; CLOCK_50     ; CLOCK_50    ; 0.000        ; 0.042      ; 0.574      ;
; 0.450 ; timer:t0|r_reg[14] ; timer:t0|r_reg[15] ; CLOCK_50     ; CLOCK_50    ; 0.000        ; 0.042      ; 0.576      ;
; 0.450 ; timer:t0|r_reg[2]  ; timer:t0|r_reg[3]  ; CLOCK_50     ; CLOCK_50    ; 0.000        ; 0.042      ; 0.576      ;
; 0.450 ; timer:t0|r_reg[18] ; timer:t0|r_reg[19] ; CLOCK_50     ; CLOCK_50    ; 0.000        ; 0.042      ; 0.576      ;
; 0.451 ; timer:t0|r_reg[16] ; timer:t0|r_reg[17] ; CLOCK_50     ; CLOCK_50    ; 0.000        ; 0.042      ; 0.577      ;
; 0.451 ; timer:t0|r_reg[0]  ; timer:t0|r_reg[1]  ; CLOCK_50     ; CLOCK_50    ; 0.000        ; 0.042      ; 0.577      ;
; 0.452 ; timer:t0|r_reg[24] ; timer:t0|r_reg[25] ; CLOCK_50     ; CLOCK_50    ; 0.000        ; 0.042      ; 0.578      ;
; 0.452 ; timer:t0|r_reg[20] ; timer:t0|r_reg[21] ; CLOCK_50     ; CLOCK_50    ; 0.000        ; 0.042      ; 0.578      ;
; 0.452 ; timer:t0|r_reg[22] ; timer:t0|r_reg[23] ; CLOCK_50     ; CLOCK_50    ; 0.000        ; 0.042      ; 0.578      ;
; 0.453 ; timer:t0|r_reg[14] ; timer:t0|r_reg[16] ; CLOCK_50     ; CLOCK_50    ; 0.000        ; 0.042      ; 0.579      ;
; 0.453 ; timer:t0|r_reg[18] ; timer:t0|r_reg[20] ; CLOCK_50     ; CLOCK_50    ; 0.000        ; 0.042      ; 0.579      ;
; 0.454 ; timer:t0|r_reg[16] ; timer:t0|r_reg[18] ; CLOCK_50     ; CLOCK_50    ; 0.000        ; 0.042      ; 0.580      ;
; 0.454 ; timer:t0|r_reg[0]  ; timer:t0|r_reg[2]  ; CLOCK_50     ; CLOCK_50    ; 0.000        ; 0.042      ; 0.580      ;
; 0.455 ; timer:t0|r_reg[20] ; timer:t0|r_reg[22] ; CLOCK_50     ; CLOCK_50    ; 0.000        ; 0.042      ; 0.581      ;
; 0.455 ; timer:t0|r_reg[22] ; timer:t0|r_reg[24] ; CLOCK_50     ; CLOCK_50    ; 0.000        ; 0.042      ; 0.581      ;
; 0.457 ; timer:t0|r_reg[12] ; timer:t0|r_reg[13] ; CLOCK_50     ; CLOCK_50    ; 0.000        ; 0.042      ; 0.583      ;
; 0.460 ; timer:t0|r_reg[12] ; timer:t0|r_reg[14] ; CLOCK_50     ; CLOCK_50    ; 0.000        ; 0.042      ; 0.586      ;
; 0.480 ; timer:t0|h_reg[2]  ; timer:t0|h_reg[3]  ; CLOCK_50     ; CLOCK_50    ; 0.000        ; 0.041      ; 0.605      ;
; 0.482 ; timer:t0|h_reg[0]  ; timer:t0|h_reg[3]  ; CLOCK_50     ; CLOCK_50    ; 0.000        ; 0.041      ; 0.607      ;
; 0.483 ; timer:t0|h_reg[2]  ; timer:t0|h_reg[1]  ; CLOCK_50     ; CLOCK_50    ; 0.000        ; 0.041      ; 0.608      ;
; 0.485 ; timer:t0|h_reg[0]  ; timer:t0|h_reg[1]  ; CLOCK_50     ; CLOCK_50    ; 0.000        ; 0.041      ; 0.610      ;
; 0.485 ; timer:t0|h_reg[2]  ; timer:t0|h_reg[0]  ; CLOCK_50     ; CLOCK_50    ; 0.000        ; 0.041      ; 0.610      ;
; 0.486 ; timer:t0|h_reg[0]  ; timer:t0|h_reg[2]  ; CLOCK_50     ; CLOCK_50    ; 0.000        ; 0.041      ; 0.611      ;
; 0.495 ; timer:t0|h_reg[1]  ; timer:t0|h_reg[4]  ; CLOCK_50     ; CLOCK_50    ; 0.000        ; 0.041      ; 0.620      ;
; 0.504 ; timer:t0|r_reg[3]  ; timer:t0|r_reg[5]  ; CLOCK_50     ; CLOCK_50    ; 0.000        ; 0.042      ; 0.630      ;
; 0.504 ; timer:t0|r_reg[15] ; timer:t0|r_reg[17] ; CLOCK_50     ; CLOCK_50    ; 0.000        ; 0.042      ; 0.630      ;
; 0.505 ; timer:t0|r_reg[1]  ; timer:t0|r_reg[3]  ; CLOCK_50     ; CLOCK_50    ; 0.000        ; 0.042      ; 0.631      ;
; 0.505 ; timer:t0|r_reg[17] ; timer:t0|r_reg[19] ; CLOCK_50     ; CLOCK_50    ; 0.000        ; 0.042      ; 0.631      ;
; 0.505 ; timer:t0|r_reg[19] ; timer:t0|r_reg[21] ; CLOCK_50     ; CLOCK_50    ; 0.000        ; 0.042      ; 0.631      ;
; 0.505 ; timer:t0|r_reg[21] ; timer:t0|r_reg[23] ; CLOCK_50     ; CLOCK_50    ; 0.000        ; 0.042      ; 0.631      ;
; 0.506 ; timer:t0|r_reg[23] ; timer:t0|r_reg[25] ; CLOCK_50     ; CLOCK_50    ; 0.000        ; 0.042      ; 0.632      ;
; 0.507 ; timer:t0|r_reg[15] ; timer:t0|r_reg[18] ; CLOCK_50     ; CLOCK_50    ; 0.000        ; 0.042      ; 0.633      ;
; 0.508 ; timer:t0|r_reg[17] ; timer:t0|r_reg[20] ; CLOCK_50     ; CLOCK_50    ; 0.000        ; 0.042      ; 0.634      ;
; 0.508 ; timer:t0|r_reg[19] ; timer:t0|r_reg[22] ; CLOCK_50     ; CLOCK_50    ; 0.000        ; 0.042      ; 0.634      ;
; 0.508 ; timer:t0|r_reg[21] ; timer:t0|r_reg[24] ; CLOCK_50     ; CLOCK_50    ; 0.000        ; 0.042      ; 0.634      ;
; 0.511 ; timer:t0|r_reg[13] ; timer:t0|r_reg[15] ; CLOCK_50     ; CLOCK_50    ; 0.000        ; 0.042      ; 0.637      ;
; 0.511 ; timer:t0|r_reg[11] ; timer:t0|r_reg[13] ; CLOCK_50     ; CLOCK_50    ; 0.000        ; 0.042      ; 0.637      ;
; 0.514 ; timer:t0|r_reg[13] ; timer:t0|r_reg[16] ; CLOCK_50     ; CLOCK_50    ; 0.000        ; 0.042      ; 0.640      ;
; 0.514 ; timer:t0|r_reg[11] ; timer:t0|r_reg[14] ; CLOCK_50     ; CLOCK_50    ; 0.000        ; 0.042      ; 0.640      ;
; 0.516 ; timer:t0|r_reg[2]  ; timer:t0|r_reg[5]  ; CLOCK_50     ; CLOCK_50    ; 0.000        ; 0.042      ; 0.642      ;
; 0.516 ; timer:t0|r_reg[14] ; timer:t0|r_reg[17] ; CLOCK_50     ; CLOCK_50    ; 0.000        ; 0.042      ; 0.642      ;
; 0.516 ; timer:t0|r_reg[18] ; timer:t0|r_reg[21] ; CLOCK_50     ; CLOCK_50    ; 0.000        ; 0.042      ; 0.642      ;
; 0.517 ; timer:t0|r_reg[0]  ; timer:t0|r_reg[3]  ; CLOCK_50     ; CLOCK_50    ; 0.000        ; 0.042      ; 0.643      ;
; 0.517 ; timer:t0|r_reg[16] ; timer:t0|r_reg[19] ; CLOCK_50     ; CLOCK_50    ; 0.000        ; 0.042      ; 0.643      ;
; 0.518 ; timer:t0|r_reg[20] ; timer:t0|r_reg[23] ; CLOCK_50     ; CLOCK_50    ; 0.000        ; 0.042      ; 0.644      ;
; 0.518 ; timer:t0|r_reg[22] ; timer:t0|r_reg[25] ; CLOCK_50     ; CLOCK_50    ; 0.000        ; 0.042      ; 0.644      ;
; 0.519 ; timer:t0|r_reg[14] ; timer:t0|r_reg[18] ; CLOCK_50     ; CLOCK_50    ; 0.000        ; 0.042      ; 0.645      ;
; 0.519 ; timer:t0|r_reg[18] ; timer:t0|r_reg[22] ; CLOCK_50     ; CLOCK_50    ; 0.000        ; 0.042      ; 0.645      ;
; 0.520 ; timer:t0|r_reg[16] ; timer:t0|r_reg[20] ; CLOCK_50     ; CLOCK_50    ; 0.000        ; 0.042      ; 0.646      ;
; 0.521 ; timer:t0|r_reg[20] ; timer:t0|r_reg[24] ; CLOCK_50     ; CLOCK_50    ; 0.000        ; 0.042      ; 0.647      ;
; 0.523 ; timer:t0|r_reg[12] ; timer:t0|r_reg[15] ; CLOCK_50     ; CLOCK_50    ; 0.000        ; 0.042      ; 0.649      ;
; 0.526 ; timer:t0|r_reg[12] ; timer:t0|r_reg[16] ; CLOCK_50     ; CLOCK_50    ; 0.000        ; 0.042      ; 0.652      ;
; 0.570 ; timer:t0|r_reg[15] ; timer:t0|r_reg[19] ; CLOCK_50     ; CLOCK_50    ; 0.000        ; 0.042      ; 0.696      ;
+-------+--------------------+--------------------+--------------+-------------+--------------+------------+------------+


+-----------------------------------------------------------------------------------------------------------------------------------------------------------------------------+
; Fast 1200mV 0C Model Recovery: 'pll_timer_inst|altpll_component|auto_generated|pll1|clk[0]'                                                                                 ;
+--------+-----------+-----------------------------------+--------------+------------------------------------------------------------+--------------+------------+------------+
; Slack  ; From Node ; To Node                           ; Launch Clock ; Latch Clock                                                ; Relationship ; Clock Skew ; Data Delay ;
+--------+-----------+-----------------------------------+--------------+------------------------------------------------------------+--------------+------------+------------+
; 5.747  ; KEY[0]    ; bin2bcd:bin2bcd2|bcds_out_reg[4]  ; CLOCK_50     ; pll_timer_inst|altpll_component|auto_generated|pll1|clk[0] ; 10.000       ; -0.125     ; 4.065      ;
; 5.747  ; KEY[0]    ; bin2bcd:bin2bcd2|bcds[7]          ; CLOCK_50     ; pll_timer_inst|altpll_component|auto_generated|pll1|clk[0] ; 10.000       ; -0.125     ; 4.065      ;
; 5.747  ; KEY[0]    ; bin2bcd:bin2bcd2|bcds[6]          ; CLOCK_50     ; pll_timer_inst|altpll_component|auto_generated|pll1|clk[0] ; 10.000       ; -0.125     ; 4.065      ;
; 5.747  ; KEY[0]    ; bin2bcd:bin2bcd2|bcds[5]          ; CLOCK_50     ; pll_timer_inst|altpll_component|auto_generated|pll1|clk[0] ; 10.000       ; -0.125     ; 4.065      ;
; 5.747  ; KEY[0]    ; bin2bcd:bin2bcd2|bcds_out_reg[5]  ; CLOCK_50     ; pll_timer_inst|altpll_component|auto_generated|pll1|clk[0] ; 10.000       ; -0.125     ; 4.065      ;
; 5.747  ; KEY[0]    ; bin2bcd:bin2bcd2|bcds_out_reg[6]  ; CLOCK_50     ; pll_timer_inst|altpll_component|auto_generated|pll1|clk[0] ; 10.000       ; -0.125     ; 4.065      ;
; 5.747  ; KEY[0]    ; bin2bcd:bin2bcd2|bcds_out_reg[7]  ; CLOCK_50     ; pll_timer_inst|altpll_component|auto_generated|pll1|clk[0] ; 10.000       ; -0.125     ; 4.065      ;
; 5.875  ; KEY[0]    ; bin2bcd:bin2bcd2|bcds_out_reg[0]  ; CLOCK_50     ; pll_timer_inst|altpll_component|auto_generated|pll1|clk[0] ; 10.000       ; -0.119     ; 3.943      ;
; 5.875  ; KEY[0]    ; bin2bcd:bin2bcd2|bcds_out_reg[1]  ; CLOCK_50     ; pll_timer_inst|altpll_component|auto_generated|pll1|clk[0] ; 10.000       ; -0.119     ; 3.943      ;
; 5.875  ; KEY[0]    ; bin2bcd:bin2bcd2|bcds_out_reg[2]  ; CLOCK_50     ; pll_timer_inst|altpll_component|auto_generated|pll1|clk[0] ; 10.000       ; -0.119     ; 3.943      ;
; 5.875  ; KEY[0]    ; bin2bcd:bin2bcd2|bcds_out_reg[3]  ; CLOCK_50     ; pll_timer_inst|altpll_component|auto_generated|pll1|clk[0] ; 10.000       ; -0.119     ; 3.943      ;
; 5.994  ; KEY[0]    ; bin2bcd:bin2bcd2|bcds[0]          ; CLOCK_50     ; pll_timer_inst|altpll_component|auto_generated|pll1|clk[0] ; 10.000       ; -0.133     ; 3.810      ;
; 5.994  ; KEY[0]    ; bin2bcd:bin2bcd2|bcds[2]          ; CLOCK_50     ; pll_timer_inst|altpll_component|auto_generated|pll1|clk[0] ; 10.000       ; -0.133     ; 3.810      ;
; 5.994  ; KEY[0]    ; bin2bcd:bin2bcd2|bcds[3]          ; CLOCK_50     ; pll_timer_inst|altpll_component|auto_generated|pll1|clk[0] ; 10.000       ; -0.133     ; 3.810      ;
; 5.994  ; KEY[0]    ; bin2bcd:bin2bcd2|bcds[1]          ; CLOCK_50     ; pll_timer_inst|altpll_component|auto_generated|pll1|clk[0] ; 10.000       ; -0.133     ; 3.810      ;
; 5.994  ; KEY[0]    ; bin2bcd:bin2bcd2|bcds[4]          ; CLOCK_50     ; pll_timer_inst|altpll_component|auto_generated|pll1|clk[0] ; 10.000       ; -0.133     ; 3.810      ;
; 6.062  ; KEY[0]    ; bin2bcd:bin2bcd2|shift_counter[0] ; CLOCK_50     ; pll_timer_inst|altpll_component|auto_generated|pll1|clk[0] ; 10.000       ; -0.134     ; 3.741      ;
; 6.062  ; KEY[0]    ; bin2bcd:bin2bcd2|shift_counter[1] ; CLOCK_50     ; pll_timer_inst|altpll_component|auto_generated|pll1|clk[0] ; 10.000       ; -0.134     ; 3.741      ;
; 6.062  ; KEY[0]    ; bin2bcd:bin2bcd2|shift_counter[2] ; CLOCK_50     ; pll_timer_inst|altpll_component|auto_generated|pll1|clk[0] ; 10.000       ; -0.134     ; 3.741      ;
; 6.062  ; KEY[0]    ; bin2bcd:bin2bcd2|state.start      ; CLOCK_50     ; pll_timer_inst|altpll_component|auto_generated|pll1|clk[0] ; 10.000       ; -0.134     ; 3.741      ;
; 6.062  ; KEY[0]    ; bin2bcd:bin2bcd2|state.shift      ; CLOCK_50     ; pll_timer_inst|altpll_component|auto_generated|pll1|clk[0] ; 10.000       ; -0.134     ; 3.741      ;
; 6.062  ; KEY[0]    ; bin2bcd:bin2bcd2|state.done       ; CLOCK_50     ; pll_timer_inst|altpll_component|auto_generated|pll1|clk[0] ; 10.000       ; -0.134     ; 3.741      ;
; 6.062  ; KEY[0]    ; bin2bcd:bin2bcd2|binary[0]        ; CLOCK_50     ; pll_timer_inst|altpll_component|auto_generated|pll1|clk[0] ; 10.000       ; -0.134     ; 3.741      ;
; 6.062  ; KEY[0]    ; bin2bcd:bin2bcd2|binary[1]        ; CLOCK_50     ; pll_timer_inst|altpll_component|auto_generated|pll1|clk[0] ; 10.000       ; -0.134     ; 3.741      ;
; 6.062  ; KEY[0]    ; bin2bcd:bin2bcd2|binary[2]        ; CLOCK_50     ; pll_timer_inst|altpll_component|auto_generated|pll1|clk[0] ; 10.000       ; -0.134     ; 3.741      ;
; 6.062  ; KEY[0]    ; bin2bcd:bin2bcd2|binary[3]        ; CLOCK_50     ; pll_timer_inst|altpll_component|auto_generated|pll1|clk[0] ; 10.000       ; -0.134     ; 3.741      ;
; 6.062  ; KEY[0]    ; bin2bcd:bin2bcd2|binary[4]        ; CLOCK_50     ; pll_timer_inst|altpll_component|auto_generated|pll1|clk[0] ; 10.000       ; -0.134     ; 3.741      ;
; 6.290  ; KEY[0]    ; bin2bcd:bin2bcd1|bcds_out_reg[0]  ; CLOCK_50     ; pll_timer_inst|altpll_component|auto_generated|pll1|clk[0] ; 10.000       ; -0.149     ; 3.498      ;
; 6.290  ; KEY[0]    ; bin2bcd:bin2bcd1|bcds[2]          ; CLOCK_50     ; pll_timer_inst|altpll_component|auto_generated|pll1|clk[0] ; 10.000       ; -0.149     ; 3.498      ;
; 6.290  ; KEY[0]    ; bin2bcd:bin2bcd1|bcds[1]          ; CLOCK_50     ; pll_timer_inst|altpll_component|auto_generated|pll1|clk[0] ; 10.000       ; -0.149     ; 3.498      ;
; 6.290  ; KEY[0]    ; bin2bcd:bin2bcd1|bcds_out_reg[1]  ; CLOCK_50     ; pll_timer_inst|altpll_component|auto_generated|pll1|clk[0] ; 10.000       ; -0.149     ; 3.498      ;
; 6.290  ; KEY[0]    ; bin2bcd:bin2bcd1|bcds_out_reg[2]  ; CLOCK_50     ; pll_timer_inst|altpll_component|auto_generated|pll1|clk[0] ; 10.000       ; -0.149     ; 3.498      ;
; 6.290  ; KEY[0]    ; bin2bcd:bin2bcd1|bcds_out_reg[3]  ; CLOCK_50     ; pll_timer_inst|altpll_component|auto_generated|pll1|clk[0] ; 10.000       ; -0.149     ; 3.498      ;
; 6.290  ; KEY[0]    ; bin2bcd:bin2bcd1|bcds[4]          ; CLOCK_50     ; pll_timer_inst|altpll_component|auto_generated|pll1|clk[0] ; 10.000       ; -0.149     ; 3.498      ;
; 6.315  ; KEY[0]    ; bin2bcd:bin2bcd0|shift_counter[0] ; CLOCK_50     ; pll_timer_inst|altpll_component|auto_generated|pll1|clk[0] ; 10.000       ; -0.138     ; 3.484      ;
; 6.315  ; KEY[0]    ; bin2bcd:bin2bcd1|bcds_out_reg[4]  ; CLOCK_50     ; pll_timer_inst|altpll_component|auto_generated|pll1|clk[0] ; 10.000       ; -0.138     ; 3.484      ;
; 6.315  ; KEY[0]    ; bin2bcd:bin2bcd1|bcds[6]          ; CLOCK_50     ; pll_timer_inst|altpll_component|auto_generated|pll1|clk[0] ; 10.000       ; -0.138     ; 3.484      ;
; 6.315  ; KEY[0]    ; bin2bcd:bin2bcd1|bcds[7]          ; CLOCK_50     ; pll_timer_inst|altpll_component|auto_generated|pll1|clk[0] ; 10.000       ; -0.138     ; 3.484      ;
; 6.315  ; KEY[0]    ; bin2bcd:bin2bcd1|bcds[5]          ; CLOCK_50     ; pll_timer_inst|altpll_component|auto_generated|pll1|clk[0] ; 10.000       ; -0.138     ; 3.484      ;
; 6.315  ; KEY[0]    ; bin2bcd:bin2bcd1|bcds_out_reg[5]  ; CLOCK_50     ; pll_timer_inst|altpll_component|auto_generated|pll1|clk[0] ; 10.000       ; -0.138     ; 3.484      ;
; 6.315  ; KEY[0]    ; bin2bcd:bin2bcd1|bcds_out_reg[6]  ; CLOCK_50     ; pll_timer_inst|altpll_component|auto_generated|pll1|clk[0] ; 10.000       ; -0.138     ; 3.484      ;
; 6.315  ; KEY[0]    ; bin2bcd:bin2bcd1|bcds_out_reg[7]  ; CLOCK_50     ; pll_timer_inst|altpll_component|auto_generated|pll1|clk[0] ; 10.000       ; -0.138     ; 3.484      ;
; 6.359  ; KEY[0]    ; bin2bcd:bin2bcd0|bcds_out_reg[0]  ; CLOCK_50     ; pll_timer_inst|altpll_component|auto_generated|pll1|clk[0] ; 10.000       ; -0.108     ; 3.470      ;
; 6.359  ; KEY[0]    ; bin2bcd:bin2bcd0|bcds[2]          ; CLOCK_50     ; pll_timer_inst|altpll_component|auto_generated|pll1|clk[0] ; 10.000       ; -0.108     ; 3.470      ;
; 6.359  ; KEY[0]    ; bin2bcd:bin2bcd0|bcds[3]          ; CLOCK_50     ; pll_timer_inst|altpll_component|auto_generated|pll1|clk[0] ; 10.000       ; -0.108     ; 3.470      ;
; 6.359  ; KEY[0]    ; bin2bcd:bin2bcd0|bcds[1]          ; CLOCK_50     ; pll_timer_inst|altpll_component|auto_generated|pll1|clk[0] ; 10.000       ; -0.108     ; 3.470      ;
; 6.359  ; KEY[0]    ; bin2bcd:bin2bcd0|bcds_out_reg[1]  ; CLOCK_50     ; pll_timer_inst|altpll_component|auto_generated|pll1|clk[0] ; 10.000       ; -0.108     ; 3.470      ;
; 6.359  ; KEY[0]    ; bin2bcd:bin2bcd0|bcds_out_reg[2]  ; CLOCK_50     ; pll_timer_inst|altpll_component|auto_generated|pll1|clk[0] ; 10.000       ; -0.108     ; 3.470      ;
; 6.359  ; KEY[0]    ; bin2bcd:bin2bcd0|bcds_out_reg[3]  ; CLOCK_50     ; pll_timer_inst|altpll_component|auto_generated|pll1|clk[0] ; 10.000       ; -0.108     ; 3.470      ;
; 6.387  ; KEY[0]    ; bin2bcd:bin2bcd1|bcds[0]          ; CLOCK_50     ; pll_timer_inst|altpll_component|auto_generated|pll1|clk[0] ; 10.000       ; -0.137     ; 3.413      ;
; 6.387  ; KEY[0]    ; bin2bcd:bin2bcd1|bcds[3]          ; CLOCK_50     ; pll_timer_inst|altpll_component|auto_generated|pll1|clk[0] ; 10.000       ; -0.137     ; 3.413      ;
; 6.407  ; KEY[0]    ; bin2bcd:bin2bcd0|shift_counter[1] ; CLOCK_50     ; pll_timer_inst|altpll_component|auto_generated|pll1|clk[0] ; 10.000       ; -0.106     ; 3.424      ;
; 6.407  ; KEY[0]    ; bin2bcd:bin2bcd0|shift_counter[2] ; CLOCK_50     ; pll_timer_inst|altpll_component|auto_generated|pll1|clk[0] ; 10.000       ; -0.106     ; 3.424      ;
; 6.407  ; KEY[0]    ; bin2bcd:bin2bcd0|state.done       ; CLOCK_50     ; pll_timer_inst|altpll_component|auto_generated|pll1|clk[0] ; 10.000       ; -0.106     ; 3.424      ;
; 6.407  ; KEY[0]    ; bin2bcd:bin2bcd0|bcds[4]          ; CLOCK_50     ; pll_timer_inst|altpll_component|auto_generated|pll1|clk[0] ; 10.000       ; -0.106     ; 3.424      ;
; 6.407  ; KEY[0]    ; bin2bcd:bin2bcd0|bcds[6]          ; CLOCK_50     ; pll_timer_inst|altpll_component|auto_generated|pll1|clk[0] ; 10.000       ; -0.106     ; 3.424      ;
; 6.407  ; KEY[0]    ; bin2bcd:bin2bcd0|bcds[7]          ; CLOCK_50     ; pll_timer_inst|altpll_component|auto_generated|pll1|clk[0] ; 10.000       ; -0.106     ; 3.424      ;
; 6.407  ; KEY[0]    ; bin2bcd:bin2bcd0|bcds[5]          ; CLOCK_50     ; pll_timer_inst|altpll_component|auto_generated|pll1|clk[0] ; 10.000       ; -0.106     ; 3.424      ;
; 6.422  ; KEY[0]    ; bin2bcd:bin2bcd0|state.start      ; CLOCK_50     ; pll_timer_inst|altpll_component|auto_generated|pll1|clk[0] ; 10.000       ; -0.095     ; 3.420      ;
; 6.422  ; KEY[0]    ; bin2bcd:bin2bcd0|state.shift      ; CLOCK_50     ; pll_timer_inst|altpll_component|auto_generated|pll1|clk[0] ; 10.000       ; -0.095     ; 3.420      ;
; 6.422  ; KEY[0]    ; bin2bcd:bin2bcd0|binary[0]        ; CLOCK_50     ; pll_timer_inst|altpll_component|auto_generated|pll1|clk[0] ; 10.000       ; -0.095     ; 3.420      ;
; 6.422  ; KEY[0]    ; bin2bcd:bin2bcd0|binary[1]        ; CLOCK_50     ; pll_timer_inst|altpll_component|auto_generated|pll1|clk[0] ; 10.000       ; -0.095     ; 3.420      ;
; 6.422  ; KEY[0]    ; bin2bcd:bin2bcd0|binary[2]        ; CLOCK_50     ; pll_timer_inst|altpll_component|auto_generated|pll1|clk[0] ; 10.000       ; -0.095     ; 3.420      ;
; 6.422  ; KEY[0]    ; bin2bcd:bin2bcd0|binary[3]        ; CLOCK_50     ; pll_timer_inst|altpll_component|auto_generated|pll1|clk[0] ; 10.000       ; -0.095     ; 3.420      ;
; 6.422  ; KEY[0]    ; bin2bcd:bin2bcd0|binary[4]        ; CLOCK_50     ; pll_timer_inst|altpll_component|auto_generated|pll1|clk[0] ; 10.000       ; -0.095     ; 3.420      ;
; 6.422  ; KEY[0]    ; bin2bcd:bin2bcd0|binary[5]        ; CLOCK_50     ; pll_timer_inst|altpll_component|auto_generated|pll1|clk[0] ; 10.000       ; -0.095     ; 3.420      ;
; 6.422  ; KEY[0]    ; bin2bcd:bin2bcd0|bcds[0]          ; CLOCK_50     ; pll_timer_inst|altpll_component|auto_generated|pll1|clk[0] ; 10.000       ; -0.095     ; 3.420      ;
; 6.422  ; KEY[0]    ; bin2bcd:bin2bcd1|binary[0]        ; CLOCK_50     ; pll_timer_inst|altpll_component|auto_generated|pll1|clk[0] ; 10.000       ; -0.095     ; 3.420      ;
; 6.422  ; KEY[0]    ; bin2bcd:bin2bcd1|binary[1]        ; CLOCK_50     ; pll_timer_inst|altpll_component|auto_generated|pll1|clk[0] ; 10.000       ; -0.095     ; 3.420      ;
; 6.422  ; KEY[0]    ; bin2bcd:bin2bcd1|binary[2]        ; CLOCK_50     ; pll_timer_inst|altpll_component|auto_generated|pll1|clk[0] ; 10.000       ; -0.095     ; 3.420      ;
; 6.422  ; KEY[0]    ; bin2bcd:bin2bcd1|binary[3]        ; CLOCK_50     ; pll_timer_inst|altpll_component|auto_generated|pll1|clk[0] ; 10.000       ; -0.095     ; 3.420      ;
; 6.422  ; KEY[0]    ; bin2bcd:bin2bcd1|binary[4]        ; CLOCK_50     ; pll_timer_inst|altpll_component|auto_generated|pll1|clk[0] ; 10.000       ; -0.095     ; 3.420      ;
; 6.422  ; KEY[0]    ; bin2bcd:bin2bcd1|binary[5]        ; CLOCK_50     ; pll_timer_inst|altpll_component|auto_generated|pll1|clk[0] ; 10.000       ; -0.095     ; 3.420      ;
; 6.541  ; KEY[0]    ; bin2bcd:bin2bcd0|bcds_out_reg[4]  ; CLOCK_50     ; pll_timer_inst|altpll_component|auto_generated|pll1|clk[0] ; 10.000       ; -0.104     ; 3.292      ;
; 6.541  ; KEY[0]    ; bin2bcd:bin2bcd0|bcds_out_reg[5]  ; CLOCK_50     ; pll_timer_inst|altpll_component|auto_generated|pll1|clk[0] ; 10.000       ; -0.104     ; 3.292      ;
; 6.541  ; KEY[0]    ; bin2bcd:bin2bcd0|bcds_out_reg[6]  ; CLOCK_50     ; pll_timer_inst|altpll_component|auto_generated|pll1|clk[0] ; 10.000       ; -0.104     ; 3.292      ;
; 6.541  ; KEY[0]    ; bin2bcd:bin2bcd0|bcds_out_reg[7]  ; CLOCK_50     ; pll_timer_inst|altpll_component|auto_generated|pll1|clk[0] ; 10.000       ; -0.104     ; 3.292      ;
; 16.477 ; KEY[0]    ; bin2bcd:bin2bcd2|bcds_out_reg[4]  ; CLOCK_50     ; pll_timer_inst|altpll_component|auto_generated|pll1|clk[0] ; 20.000       ; -0.125     ; 3.335      ;
; 16.477 ; KEY[0]    ; bin2bcd:bin2bcd2|bcds[7]          ; CLOCK_50     ; pll_timer_inst|altpll_component|auto_generated|pll1|clk[0] ; 20.000       ; -0.125     ; 3.335      ;
; 16.477 ; KEY[0]    ; bin2bcd:bin2bcd2|bcds[6]          ; CLOCK_50     ; pll_timer_inst|altpll_component|auto_generated|pll1|clk[0] ; 20.000       ; -0.125     ; 3.335      ;
; 16.477 ; KEY[0]    ; bin2bcd:bin2bcd2|bcds[5]          ; CLOCK_50     ; pll_timer_inst|altpll_component|auto_generated|pll1|clk[0] ; 20.000       ; -0.125     ; 3.335      ;
; 16.477 ; KEY[0]    ; bin2bcd:bin2bcd2|bcds_out_reg[5]  ; CLOCK_50     ; pll_timer_inst|altpll_component|auto_generated|pll1|clk[0] ; 20.000       ; -0.125     ; 3.335      ;
; 16.477 ; KEY[0]    ; bin2bcd:bin2bcd2|bcds_out_reg[6]  ; CLOCK_50     ; pll_timer_inst|altpll_component|auto_generated|pll1|clk[0] ; 20.000       ; -0.125     ; 3.335      ;
; 16.477 ; KEY[0]    ; bin2bcd:bin2bcd2|bcds_out_reg[7]  ; CLOCK_50     ; pll_timer_inst|altpll_component|auto_generated|pll1|clk[0] ; 20.000       ; -0.125     ; 3.335      ;
; 16.595 ; KEY[0]    ; bin2bcd:bin2bcd2|bcds_out_reg[0]  ; CLOCK_50     ; pll_timer_inst|altpll_component|auto_generated|pll1|clk[0] ; 20.000       ; -0.119     ; 3.223      ;
; 16.595 ; KEY[0]    ; bin2bcd:bin2bcd2|bcds_out_reg[1]  ; CLOCK_50     ; pll_timer_inst|altpll_component|auto_generated|pll1|clk[0] ; 20.000       ; -0.119     ; 3.223      ;
; 16.595 ; KEY[0]    ; bin2bcd:bin2bcd2|bcds_out_reg[2]  ; CLOCK_50     ; pll_timer_inst|altpll_component|auto_generated|pll1|clk[0] ; 20.000       ; -0.119     ; 3.223      ;
; 16.595 ; KEY[0]    ; bin2bcd:bin2bcd2|bcds_out_reg[3]  ; CLOCK_50     ; pll_timer_inst|altpll_component|auto_generated|pll1|clk[0] ; 20.000       ; -0.119     ; 3.223      ;
; 16.703 ; KEY[0]    ; bin2bcd:bin2bcd2|bcds[0]          ; CLOCK_50     ; pll_timer_inst|altpll_component|auto_generated|pll1|clk[0] ; 20.000       ; -0.133     ; 3.101      ;
; 16.703 ; KEY[0]    ; bin2bcd:bin2bcd2|bcds[2]          ; CLOCK_50     ; pll_timer_inst|altpll_component|auto_generated|pll1|clk[0] ; 20.000       ; -0.133     ; 3.101      ;
; 16.703 ; KEY[0]    ; bin2bcd:bin2bcd2|bcds[3]          ; CLOCK_50     ; pll_timer_inst|altpll_component|auto_generated|pll1|clk[0] ; 20.000       ; -0.133     ; 3.101      ;
; 16.703 ; KEY[0]    ; bin2bcd:bin2bcd2|bcds[1]          ; CLOCK_50     ; pll_timer_inst|altpll_component|auto_generated|pll1|clk[0] ; 20.000       ; -0.133     ; 3.101      ;
; 16.703 ; KEY[0]    ; bin2bcd:bin2bcd2|bcds[4]          ; CLOCK_50     ; pll_timer_inst|altpll_component|auto_generated|pll1|clk[0] ; 20.000       ; -0.133     ; 3.101      ;
; 16.748 ; KEY[0]    ; bin2bcd:bin2bcd2|shift_counter[0] ; CLOCK_50     ; pll_timer_inst|altpll_component|auto_generated|pll1|clk[0] ; 20.000       ; -0.134     ; 3.055      ;
; 16.748 ; KEY[0]    ; bin2bcd:bin2bcd2|shift_counter[1] ; CLOCK_50     ; pll_timer_inst|altpll_component|auto_generated|pll1|clk[0] ; 20.000       ; -0.134     ; 3.055      ;
; 16.748 ; KEY[0]    ; bin2bcd:bin2bcd2|shift_counter[2] ; CLOCK_50     ; pll_timer_inst|altpll_component|auto_generated|pll1|clk[0] ; 20.000       ; -0.134     ; 3.055      ;
; 16.748 ; KEY[0]    ; bin2bcd:bin2bcd2|state.start      ; CLOCK_50     ; pll_timer_inst|altpll_component|auto_generated|pll1|clk[0] ; 20.000       ; -0.134     ; 3.055      ;
; 16.748 ; KEY[0]    ; bin2bcd:bin2bcd2|state.shift      ; CLOCK_50     ; pll_timer_inst|altpll_component|auto_generated|pll1|clk[0] ; 20.000       ; -0.134     ; 3.055      ;
; 16.748 ; KEY[0]    ; bin2bcd:bin2bcd2|state.done       ; CLOCK_50     ; pll_timer_inst|altpll_component|auto_generated|pll1|clk[0] ; 20.000       ; -0.134     ; 3.055      ;
; 16.748 ; KEY[0]    ; bin2bcd:bin2bcd2|binary[0]        ; CLOCK_50     ; pll_timer_inst|altpll_component|auto_generated|pll1|clk[0] ; 20.000       ; -0.134     ; 3.055      ;
+--------+-----------+-----------------------------------+--------------+------------------------------------------------------------+--------------+------------+------------+


+---------------------------------------------------------------------------------------------------------------+
; Fast 1200mV 0C Model Recovery: 'CLOCK_50'                                                                     ;
+--------+-----------+--------------------+--------------+-------------+--------------+------------+------------+
; Slack  ; From Node ; To Node            ; Launch Clock ; Latch Clock ; Relationship ; Clock Skew ; Data Delay ;
+--------+-----------+--------------------+--------------+-------------+--------------+------------+------------+
; 7.947  ; KEY[0]    ; timer:t0|r_reg[0]  ; CLOCK_50     ; CLOCK_50    ; 10.000       ; 1.584      ; 3.624      ;
; 7.947  ; KEY[0]    ; timer:t0|r_reg[1]  ; CLOCK_50     ; CLOCK_50    ; 10.000       ; 1.584      ; 3.624      ;
; 7.947  ; KEY[0]    ; timer:t0|r_reg[2]  ; CLOCK_50     ; CLOCK_50    ; 10.000       ; 1.584      ; 3.624      ;
; 7.947  ; KEY[0]    ; timer:t0|r_reg[3]  ; CLOCK_50     ; CLOCK_50    ; 10.000       ; 1.584      ; 3.624      ;
; 7.947  ; KEY[0]    ; timer:t0|r_reg[5]  ; CLOCK_50     ; CLOCK_50    ; 10.000       ; 1.584      ; 3.624      ;
; 7.947  ; KEY[0]    ; timer:t0|r_reg[11] ; CLOCK_50     ; CLOCK_50    ; 10.000       ; 1.584      ; 3.624      ;
; 7.947  ; KEY[0]    ; timer:t0|r_reg[12] ; CLOCK_50     ; CLOCK_50    ; 10.000       ; 1.584      ; 3.624      ;
; 7.957  ; KEY[0]    ; timer:t0|r_reg[13] ; CLOCK_50     ; CLOCK_50    ; 10.000       ; 1.584      ; 3.614      ;
; 7.957  ; KEY[0]    ; timer:t0|r_reg[14] ; CLOCK_50     ; CLOCK_50    ; 10.000       ; 1.584      ; 3.614      ;
; 7.957  ; KEY[0]    ; timer:t0|r_reg[15] ; CLOCK_50     ; CLOCK_50    ; 10.000       ; 1.584      ; 3.614      ;
; 7.957  ; KEY[0]    ; timer:t0|r_reg[16] ; CLOCK_50     ; CLOCK_50    ; 10.000       ; 1.584      ; 3.614      ;
; 7.957  ; KEY[0]    ; timer:t0|r_reg[17] ; CLOCK_50     ; CLOCK_50    ; 10.000       ; 1.584      ; 3.614      ;
; 7.957  ; KEY[0]    ; timer:t0|r_reg[18] ; CLOCK_50     ; CLOCK_50    ; 10.000       ; 1.584      ; 3.614      ;
; 7.957  ; KEY[0]    ; timer:t0|r_reg[19] ; CLOCK_50     ; CLOCK_50    ; 10.000       ; 1.584      ; 3.614      ;
; 7.957  ; KEY[0]    ; timer:t0|r_reg[20] ; CLOCK_50     ; CLOCK_50    ; 10.000       ; 1.584      ; 3.614      ;
; 7.957  ; KEY[0]    ; timer:t0|r_reg[21] ; CLOCK_50     ; CLOCK_50    ; 10.000       ; 1.584      ; 3.614      ;
; 7.957  ; KEY[0]    ; timer:t0|r_reg[22] ; CLOCK_50     ; CLOCK_50    ; 10.000       ; 1.584      ; 3.614      ;
; 7.957  ; KEY[0]    ; timer:t0|r_reg[23] ; CLOCK_50     ; CLOCK_50    ; 10.000       ; 1.584      ; 3.614      ;
; 7.957  ; KEY[0]    ; timer:t0|r_reg[24] ; CLOCK_50     ; CLOCK_50    ; 10.000       ; 1.584      ; 3.614      ;
; 7.957  ; KEY[0]    ; timer:t0|r_reg[25] ; CLOCK_50     ; CLOCK_50    ; 10.000       ; 1.584      ; 3.614      ;
; 7.958  ; KEY[0]    ; timer:t0|r_reg[7]  ; CLOCK_50     ; CLOCK_50    ; 10.000       ; 1.584      ; 3.613      ;
; 7.958  ; KEY[0]    ; timer:t0|r_reg[9]  ; CLOCK_50     ; CLOCK_50    ; 10.000       ; 1.584      ; 3.613      ;
; 7.958  ; KEY[0]    ; timer:t0|r_reg[8]  ; CLOCK_50     ; CLOCK_50    ; 10.000       ; 1.584      ; 3.613      ;
; 7.958  ; KEY[0]    ; timer:t0|r_reg[6]  ; CLOCK_50     ; CLOCK_50    ; 10.000       ; 1.584      ; 3.613      ;
; 7.958  ; KEY[0]    ; timer:t0|r_reg[4]  ; CLOCK_50     ; CLOCK_50    ; 10.000       ; 1.584      ; 3.613      ;
; 7.958  ; KEY[0]    ; timer:t0|r_reg[10] ; CLOCK_50     ; CLOCK_50    ; 10.000       ; 1.584      ; 3.613      ;
; 8.125  ; KEY[0]    ; timer:t0|h_reg[1]  ; CLOCK_50     ; CLOCK_50    ; 10.000       ; 1.551      ; 3.413      ;
; 8.125  ; KEY[0]    ; timer:t0|h_reg[2]  ; CLOCK_50     ; CLOCK_50    ; 10.000       ; 1.551      ; 3.413      ;
; 8.125  ; KEY[0]    ; timer:t0|h_reg[3]  ; CLOCK_50     ; CLOCK_50    ; 10.000       ; 1.551      ; 3.413      ;
; 8.125  ; KEY[0]    ; timer:t0|h_reg[4]  ; CLOCK_50     ; CLOCK_50    ; 10.000       ; 1.551      ; 3.413      ;
; 8.125  ; KEY[0]    ; timer:t0|h_reg[0]  ; CLOCK_50     ; CLOCK_50    ; 10.000       ; 1.551      ; 3.413      ;
; 8.133  ; KEY[0]    ; timer:t0|m_reg[1]  ; CLOCK_50     ; CLOCK_50    ; 10.000       ; 1.593      ; 3.447      ;
; 8.133  ; KEY[0]    ; timer:t0|m_reg[2]  ; CLOCK_50     ; CLOCK_50    ; 10.000       ; 1.593      ; 3.447      ;
; 8.133  ; KEY[0]    ; timer:t0|m_reg[3]  ; CLOCK_50     ; CLOCK_50    ; 10.000       ; 1.593      ; 3.447      ;
; 8.133  ; KEY[0]    ; timer:t0|m_reg[4]  ; CLOCK_50     ; CLOCK_50    ; 10.000       ; 1.593      ; 3.447      ;
; 8.133  ; KEY[0]    ; timer:t0|m_reg[5]  ; CLOCK_50     ; CLOCK_50    ; 10.000       ; 1.593      ; 3.447      ;
; 8.133  ; KEY[0]    ; timer:t0|m_reg[0]  ; CLOCK_50     ; CLOCK_50    ; 10.000       ; 1.593      ; 3.447      ;
; 8.150  ; KEY[0]    ; timer:t0|s_reg[1]  ; CLOCK_50     ; CLOCK_50    ; 10.000       ; 1.593      ; 3.430      ;
; 8.150  ; KEY[0]    ; timer:t0|s_reg[2]  ; CLOCK_50     ; CLOCK_50    ; 10.000       ; 1.593      ; 3.430      ;
; 8.150  ; KEY[0]    ; timer:t0|s_reg[3]  ; CLOCK_50     ; CLOCK_50    ; 10.000       ; 1.593      ; 3.430      ;
; 8.150  ; KEY[0]    ; timer:t0|s_reg[4]  ; CLOCK_50     ; CLOCK_50    ; 10.000       ; 1.593      ; 3.430      ;
; 8.150  ; KEY[0]    ; timer:t0|s_reg[5]  ; CLOCK_50     ; CLOCK_50    ; 10.000       ; 1.593      ; 3.430      ;
; 8.150  ; KEY[0]    ; timer:t0|s_reg[0]  ; CLOCK_50     ; CLOCK_50    ; 10.000       ; 1.593      ; 3.430      ;
; 18.611 ; KEY[0]    ; timer:t0|r_reg[0]  ; CLOCK_50     ; CLOCK_50    ; 20.000       ; 1.584      ; 2.960      ;
; 18.611 ; KEY[0]    ; timer:t0|r_reg[1]  ; CLOCK_50     ; CLOCK_50    ; 20.000       ; 1.584      ; 2.960      ;
; 18.611 ; KEY[0]    ; timer:t0|r_reg[2]  ; CLOCK_50     ; CLOCK_50    ; 20.000       ; 1.584      ; 2.960      ;
; 18.611 ; KEY[0]    ; timer:t0|r_reg[3]  ; CLOCK_50     ; CLOCK_50    ; 20.000       ; 1.584      ; 2.960      ;
; 18.611 ; KEY[0]    ; timer:t0|r_reg[5]  ; CLOCK_50     ; CLOCK_50    ; 20.000       ; 1.584      ; 2.960      ;
; 18.611 ; KEY[0]    ; timer:t0|r_reg[11] ; CLOCK_50     ; CLOCK_50    ; 20.000       ; 1.584      ; 2.960      ;
; 18.611 ; KEY[0]    ; timer:t0|r_reg[12] ; CLOCK_50     ; CLOCK_50    ; 20.000       ; 1.584      ; 2.960      ;
; 18.621 ; KEY[0]    ; timer:t0|r_reg[13] ; CLOCK_50     ; CLOCK_50    ; 20.000       ; 1.584      ; 2.950      ;
; 18.621 ; KEY[0]    ; timer:t0|r_reg[14] ; CLOCK_50     ; CLOCK_50    ; 20.000       ; 1.584      ; 2.950      ;
; 18.621 ; KEY[0]    ; timer:t0|r_reg[15] ; CLOCK_50     ; CLOCK_50    ; 20.000       ; 1.584      ; 2.950      ;
; 18.621 ; KEY[0]    ; timer:t0|r_reg[16] ; CLOCK_50     ; CLOCK_50    ; 20.000       ; 1.584      ; 2.950      ;
; 18.621 ; KEY[0]    ; timer:t0|r_reg[17] ; CLOCK_50     ; CLOCK_50    ; 20.000       ; 1.584      ; 2.950      ;
; 18.621 ; KEY[0]    ; timer:t0|r_reg[18] ; CLOCK_50     ; CLOCK_50    ; 20.000       ; 1.584      ; 2.950      ;
; 18.621 ; KEY[0]    ; timer:t0|r_reg[19] ; CLOCK_50     ; CLOCK_50    ; 20.000       ; 1.584      ; 2.950      ;
; 18.621 ; KEY[0]    ; timer:t0|r_reg[20] ; CLOCK_50     ; CLOCK_50    ; 20.000       ; 1.584      ; 2.950      ;
; 18.621 ; KEY[0]    ; timer:t0|r_reg[21] ; CLOCK_50     ; CLOCK_50    ; 20.000       ; 1.584      ; 2.950      ;
; 18.621 ; KEY[0]    ; timer:t0|r_reg[22] ; CLOCK_50     ; CLOCK_50    ; 20.000       ; 1.584      ; 2.950      ;
; 18.621 ; KEY[0]    ; timer:t0|r_reg[23] ; CLOCK_50     ; CLOCK_50    ; 20.000       ; 1.584      ; 2.950      ;
; 18.621 ; KEY[0]    ; timer:t0|r_reg[24] ; CLOCK_50     ; CLOCK_50    ; 20.000       ; 1.584      ; 2.950      ;
; 18.621 ; KEY[0]    ; timer:t0|r_reg[25] ; CLOCK_50     ; CLOCK_50    ; 20.000       ; 1.584      ; 2.950      ;
; 18.622 ; KEY[0]    ; timer:t0|r_reg[7]  ; CLOCK_50     ; CLOCK_50    ; 20.000       ; 1.584      ; 2.949      ;
; 18.622 ; KEY[0]    ; timer:t0|r_reg[9]  ; CLOCK_50     ; CLOCK_50    ; 20.000       ; 1.584      ; 2.949      ;
; 18.622 ; KEY[0]    ; timer:t0|r_reg[8]  ; CLOCK_50     ; CLOCK_50    ; 20.000       ; 1.584      ; 2.949      ;
; 18.622 ; KEY[0]    ; timer:t0|r_reg[6]  ; CLOCK_50     ; CLOCK_50    ; 20.000       ; 1.584      ; 2.949      ;
; 18.622 ; KEY[0]    ; timer:t0|r_reg[4]  ; CLOCK_50     ; CLOCK_50    ; 20.000       ; 1.584      ; 2.949      ;
; 18.622 ; KEY[0]    ; timer:t0|r_reg[10] ; CLOCK_50     ; CLOCK_50    ; 20.000       ; 1.584      ; 2.949      ;
; 18.759 ; KEY[0]    ; timer:t0|h_reg[1]  ; CLOCK_50     ; CLOCK_50    ; 20.000       ; 1.551      ; 2.779      ;
; 18.759 ; KEY[0]    ; timer:t0|h_reg[2]  ; CLOCK_50     ; CLOCK_50    ; 20.000       ; 1.551      ; 2.779      ;
; 18.759 ; KEY[0]    ; timer:t0|h_reg[3]  ; CLOCK_50     ; CLOCK_50    ; 20.000       ; 1.551      ; 2.779      ;
; 18.759 ; KEY[0]    ; timer:t0|h_reg[4]  ; CLOCK_50     ; CLOCK_50    ; 20.000       ; 1.551      ; 2.779      ;
; 18.759 ; KEY[0]    ; timer:t0|h_reg[0]  ; CLOCK_50     ; CLOCK_50    ; 20.000       ; 1.551      ; 2.779      ;
; 18.784 ; KEY[0]    ; timer:t0|m_reg[1]  ; CLOCK_50     ; CLOCK_50    ; 20.000       ; 1.593      ; 2.796      ;
; 18.784 ; KEY[0]    ; timer:t0|m_reg[2]  ; CLOCK_50     ; CLOCK_50    ; 20.000       ; 1.593      ; 2.796      ;
; 18.784 ; KEY[0]    ; timer:t0|m_reg[3]  ; CLOCK_50     ; CLOCK_50    ; 20.000       ; 1.593      ; 2.796      ;
; 18.784 ; KEY[0]    ; timer:t0|m_reg[4]  ; CLOCK_50     ; CLOCK_50    ; 20.000       ; 1.593      ; 2.796      ;
; 18.784 ; KEY[0]    ; timer:t0|m_reg[5]  ; CLOCK_50     ; CLOCK_50    ; 20.000       ; 1.593      ; 2.796      ;
; 18.784 ; KEY[0]    ; timer:t0|m_reg[0]  ; CLOCK_50     ; CLOCK_50    ; 20.000       ; 1.593      ; 2.796      ;
; 18.794 ; KEY[0]    ; timer:t0|s_reg[1]  ; CLOCK_50     ; CLOCK_50    ; 20.000       ; 1.593      ; 2.786      ;
; 18.794 ; KEY[0]    ; timer:t0|s_reg[2]  ; CLOCK_50     ; CLOCK_50    ; 20.000       ; 1.593      ; 2.786      ;
; 18.794 ; KEY[0]    ; timer:t0|s_reg[3]  ; CLOCK_50     ; CLOCK_50    ; 20.000       ; 1.593      ; 2.786      ;
; 18.794 ; KEY[0]    ; timer:t0|s_reg[4]  ; CLOCK_50     ; CLOCK_50    ; 20.000       ; 1.593      ; 2.786      ;
; 18.794 ; KEY[0]    ; timer:t0|s_reg[5]  ; CLOCK_50     ; CLOCK_50    ; 20.000       ; 1.593      ; 2.786      ;
; 18.794 ; KEY[0]    ; timer:t0|s_reg[0]  ; CLOCK_50     ; CLOCK_50    ; 20.000       ; 1.593      ; 2.786      ;
+--------+-----------+--------------------+--------------+-------------+--------------+------------+------------+


+---------------------------------------------------------------------------------------------------------------+
; Fast 1200mV 0C Model Removal: 'CLOCK_50'                                                                      ;
+--------+-----------+--------------------+--------------+-------------+--------------+------------+------------+
; Slack  ; From Node ; To Node            ; Launch Clock ; Latch Clock ; Relationship ; Clock Skew ; Data Delay ;
+--------+-----------+--------------------+--------------+-------------+--------------+------------+------------+
; 0.909  ; KEY[0]    ; timer:t0|s_reg[1]  ; CLOCK_50     ; CLOCK_50    ; 0.000        ; 1.656      ; 2.649      ;
; 0.909  ; KEY[0]    ; timer:t0|s_reg[2]  ; CLOCK_50     ; CLOCK_50    ; 0.000        ; 1.656      ; 2.649      ;
; 0.909  ; KEY[0]    ; timer:t0|s_reg[3]  ; CLOCK_50     ; CLOCK_50    ; 0.000        ; 1.656      ; 2.649      ;
; 0.909  ; KEY[0]    ; timer:t0|s_reg[4]  ; CLOCK_50     ; CLOCK_50    ; 0.000        ; 1.656      ; 2.649      ;
; 0.909  ; KEY[0]    ; timer:t0|s_reg[5]  ; CLOCK_50     ; CLOCK_50    ; 0.000        ; 1.656      ; 2.649      ;
; 0.909  ; KEY[0]    ; timer:t0|s_reg[0]  ; CLOCK_50     ; CLOCK_50    ; 0.000        ; 1.656      ; 2.649      ;
; 0.921  ; KEY[0]    ; timer:t0|m_reg[1]  ; CLOCK_50     ; CLOCK_50    ; 0.000        ; 1.655      ; 2.660      ;
; 0.921  ; KEY[0]    ; timer:t0|m_reg[2]  ; CLOCK_50     ; CLOCK_50    ; 0.000        ; 1.655      ; 2.660      ;
; 0.921  ; KEY[0]    ; timer:t0|m_reg[3]  ; CLOCK_50     ; CLOCK_50    ; 0.000        ; 1.655      ; 2.660      ;
; 0.921  ; KEY[0]    ; timer:t0|m_reg[4]  ; CLOCK_50     ; CLOCK_50    ; 0.000        ; 1.655      ; 2.660      ;
; 0.921  ; KEY[0]    ; timer:t0|m_reg[5]  ; CLOCK_50     ; CLOCK_50    ; 0.000        ; 1.655      ; 2.660      ;
; 0.921  ; KEY[0]    ; timer:t0|m_reg[0]  ; CLOCK_50     ; CLOCK_50    ; 0.000        ; 1.655      ; 2.660      ;
; 0.947  ; KEY[0]    ; timer:t0|h_reg[1]  ; CLOCK_50     ; CLOCK_50    ; 0.000        ; 1.612      ; 2.643      ;
; 0.947  ; KEY[0]    ; timer:t0|h_reg[2]  ; CLOCK_50     ; CLOCK_50    ; 0.000        ; 1.612      ; 2.643      ;
; 0.947  ; KEY[0]    ; timer:t0|h_reg[3]  ; CLOCK_50     ; CLOCK_50    ; 0.000        ; 1.612      ; 2.643      ;
; 0.947  ; KEY[0]    ; timer:t0|h_reg[4]  ; CLOCK_50     ; CLOCK_50    ; 0.000        ; 1.612      ; 2.643      ;
; 0.947  ; KEY[0]    ; timer:t0|h_reg[0]  ; CLOCK_50     ; CLOCK_50    ; 0.000        ; 1.612      ; 2.643      ;
; 1.076  ; KEY[0]    ; timer:t0|r_reg[7]  ; CLOCK_50     ; CLOCK_50    ; 0.000        ; 1.646      ; 2.806      ;
; 1.076  ; KEY[0]    ; timer:t0|r_reg[9]  ; CLOCK_50     ; CLOCK_50    ; 0.000        ; 1.646      ; 2.806      ;
; 1.076  ; KEY[0]    ; timer:t0|r_reg[8]  ; CLOCK_50     ; CLOCK_50    ; 0.000        ; 1.646      ; 2.806      ;
; 1.076  ; KEY[0]    ; timer:t0|r_reg[6]  ; CLOCK_50     ; CLOCK_50    ; 0.000        ; 1.646      ; 2.806      ;
; 1.076  ; KEY[0]    ; timer:t0|r_reg[4]  ; CLOCK_50     ; CLOCK_50    ; 0.000        ; 1.646      ; 2.806      ;
; 1.076  ; KEY[0]    ; timer:t0|r_reg[10] ; CLOCK_50     ; CLOCK_50    ; 0.000        ; 1.646      ; 2.806      ;
; 1.078  ; KEY[0]    ; timer:t0|r_reg[13] ; CLOCK_50     ; CLOCK_50    ; 0.000        ; 1.646      ; 2.808      ;
; 1.078  ; KEY[0]    ; timer:t0|r_reg[14] ; CLOCK_50     ; CLOCK_50    ; 0.000        ; 1.646      ; 2.808      ;
; 1.078  ; KEY[0]    ; timer:t0|r_reg[15] ; CLOCK_50     ; CLOCK_50    ; 0.000        ; 1.646      ; 2.808      ;
; 1.078  ; KEY[0]    ; timer:t0|r_reg[16] ; CLOCK_50     ; CLOCK_50    ; 0.000        ; 1.646      ; 2.808      ;
; 1.078  ; KEY[0]    ; timer:t0|r_reg[17] ; CLOCK_50     ; CLOCK_50    ; 0.000        ; 1.646      ; 2.808      ;
; 1.078  ; KEY[0]    ; timer:t0|r_reg[18] ; CLOCK_50     ; CLOCK_50    ; 0.000        ; 1.646      ; 2.808      ;
; 1.078  ; KEY[0]    ; timer:t0|r_reg[19] ; CLOCK_50     ; CLOCK_50    ; 0.000        ; 1.646      ; 2.808      ;
; 1.078  ; KEY[0]    ; timer:t0|r_reg[20] ; CLOCK_50     ; CLOCK_50    ; 0.000        ; 1.646      ; 2.808      ;
; 1.078  ; KEY[0]    ; timer:t0|r_reg[21] ; CLOCK_50     ; CLOCK_50    ; 0.000        ; 1.646      ; 2.808      ;
; 1.078  ; KEY[0]    ; timer:t0|r_reg[22] ; CLOCK_50     ; CLOCK_50    ; 0.000        ; 1.646      ; 2.808      ;
; 1.078  ; KEY[0]    ; timer:t0|r_reg[23] ; CLOCK_50     ; CLOCK_50    ; 0.000        ; 1.646      ; 2.808      ;
; 1.078  ; KEY[0]    ; timer:t0|r_reg[24] ; CLOCK_50     ; CLOCK_50    ; 0.000        ; 1.646      ; 2.808      ;
; 1.078  ; KEY[0]    ; timer:t0|r_reg[25] ; CLOCK_50     ; CLOCK_50    ; 0.000        ; 1.646      ; 2.808      ;
; 1.087  ; KEY[0]    ; timer:t0|r_reg[0]  ; CLOCK_50     ; CLOCK_50    ; 0.000        ; 1.646      ; 2.817      ;
; 1.087  ; KEY[0]    ; timer:t0|r_reg[1]  ; CLOCK_50     ; CLOCK_50    ; 0.000        ; 1.646      ; 2.817      ;
; 1.087  ; KEY[0]    ; timer:t0|r_reg[2]  ; CLOCK_50     ; CLOCK_50    ; 0.000        ; 1.646      ; 2.817      ;
; 1.087  ; KEY[0]    ; timer:t0|r_reg[3]  ; CLOCK_50     ; CLOCK_50    ; 0.000        ; 1.646      ; 2.817      ;
; 1.087  ; KEY[0]    ; timer:t0|r_reg[5]  ; CLOCK_50     ; CLOCK_50    ; 0.000        ; 1.646      ; 2.817      ;
; 1.087  ; KEY[0]    ; timer:t0|r_reg[11] ; CLOCK_50     ; CLOCK_50    ; 0.000        ; 1.646      ; 2.817      ;
; 1.087  ; KEY[0]    ; timer:t0|r_reg[12] ; CLOCK_50     ; CLOCK_50    ; 0.000        ; 1.646      ; 2.817      ;
; 11.530 ; KEY[0]    ; timer:t0|s_reg[1]  ; CLOCK_50     ; CLOCK_50    ; -10.000      ; 1.656      ; 3.290      ;
; 11.530 ; KEY[0]    ; timer:t0|s_reg[2]  ; CLOCK_50     ; CLOCK_50    ; -10.000      ; 1.656      ; 3.290      ;
; 11.530 ; KEY[0]    ; timer:t0|s_reg[3]  ; CLOCK_50     ; CLOCK_50    ; -10.000      ; 1.656      ; 3.290      ;
; 11.530 ; KEY[0]    ; timer:t0|s_reg[4]  ; CLOCK_50     ; CLOCK_50    ; -10.000      ; 1.656      ; 3.290      ;
; 11.530 ; KEY[0]    ; timer:t0|s_reg[5]  ; CLOCK_50     ; CLOCK_50    ; -10.000      ; 1.656      ; 3.290      ;
; 11.530 ; KEY[0]    ; timer:t0|s_reg[0]  ; CLOCK_50     ; CLOCK_50    ; -10.000      ; 1.656      ; 3.290      ;
; 11.547 ; KEY[0]    ; timer:t0|m_reg[1]  ; CLOCK_50     ; CLOCK_50    ; -10.000      ; 1.655      ; 3.306      ;
; 11.547 ; KEY[0]    ; timer:t0|m_reg[2]  ; CLOCK_50     ; CLOCK_50    ; -10.000      ; 1.655      ; 3.306      ;
; 11.547 ; KEY[0]    ; timer:t0|m_reg[3]  ; CLOCK_50     ; CLOCK_50    ; -10.000      ; 1.655      ; 3.306      ;
; 11.547 ; KEY[0]    ; timer:t0|m_reg[4]  ; CLOCK_50     ; CLOCK_50    ; -10.000      ; 1.655      ; 3.306      ;
; 11.547 ; KEY[0]    ; timer:t0|m_reg[5]  ; CLOCK_50     ; CLOCK_50    ; -10.000      ; 1.655      ; 3.306      ;
; 11.547 ; KEY[0]    ; timer:t0|m_reg[0]  ; CLOCK_50     ; CLOCK_50    ; -10.000      ; 1.655      ; 3.306      ;
; 11.558 ; KEY[0]    ; timer:t0|h_reg[1]  ; CLOCK_50     ; CLOCK_50    ; -10.000      ; 1.612      ; 3.274      ;
; 11.558 ; KEY[0]    ; timer:t0|h_reg[2]  ; CLOCK_50     ; CLOCK_50    ; -10.000      ; 1.612      ; 3.274      ;
; 11.558 ; KEY[0]    ; timer:t0|h_reg[3]  ; CLOCK_50     ; CLOCK_50    ; -10.000      ; 1.612      ; 3.274      ;
; 11.558 ; KEY[0]    ; timer:t0|h_reg[4]  ; CLOCK_50     ; CLOCK_50    ; -10.000      ; 1.612      ; 3.274      ;
; 11.558 ; KEY[0]    ; timer:t0|h_reg[0]  ; CLOCK_50     ; CLOCK_50    ; -10.000      ; 1.612      ; 3.274      ;
; 11.716 ; KEY[0]    ; timer:t0|r_reg[7]  ; CLOCK_50     ; CLOCK_50    ; -10.000      ; 1.646      ; 3.466      ;
; 11.716 ; KEY[0]    ; timer:t0|r_reg[9]  ; CLOCK_50     ; CLOCK_50    ; -10.000      ; 1.646      ; 3.466      ;
; 11.716 ; KEY[0]    ; timer:t0|r_reg[8]  ; CLOCK_50     ; CLOCK_50    ; -10.000      ; 1.646      ; 3.466      ;
; 11.716 ; KEY[0]    ; timer:t0|r_reg[6]  ; CLOCK_50     ; CLOCK_50    ; -10.000      ; 1.646      ; 3.466      ;
; 11.716 ; KEY[0]    ; timer:t0|r_reg[4]  ; CLOCK_50     ; CLOCK_50    ; -10.000      ; 1.646      ; 3.466      ;
; 11.716 ; KEY[0]    ; timer:t0|r_reg[10] ; CLOCK_50     ; CLOCK_50    ; -10.000      ; 1.646      ; 3.466      ;
; 11.717 ; KEY[0]    ; timer:t0|r_reg[13] ; CLOCK_50     ; CLOCK_50    ; -10.000      ; 1.646      ; 3.467      ;
; 11.717 ; KEY[0]    ; timer:t0|r_reg[14] ; CLOCK_50     ; CLOCK_50    ; -10.000      ; 1.646      ; 3.467      ;
; 11.717 ; KEY[0]    ; timer:t0|r_reg[15] ; CLOCK_50     ; CLOCK_50    ; -10.000      ; 1.646      ; 3.467      ;
; 11.717 ; KEY[0]    ; timer:t0|r_reg[16] ; CLOCK_50     ; CLOCK_50    ; -10.000      ; 1.646      ; 3.467      ;
; 11.717 ; KEY[0]    ; timer:t0|r_reg[17] ; CLOCK_50     ; CLOCK_50    ; -10.000      ; 1.646      ; 3.467      ;
; 11.717 ; KEY[0]    ; timer:t0|r_reg[18] ; CLOCK_50     ; CLOCK_50    ; -10.000      ; 1.646      ; 3.467      ;
; 11.717 ; KEY[0]    ; timer:t0|r_reg[19] ; CLOCK_50     ; CLOCK_50    ; -10.000      ; 1.646      ; 3.467      ;
; 11.717 ; KEY[0]    ; timer:t0|r_reg[20] ; CLOCK_50     ; CLOCK_50    ; -10.000      ; 1.646      ; 3.467      ;
; 11.717 ; KEY[0]    ; timer:t0|r_reg[21] ; CLOCK_50     ; CLOCK_50    ; -10.000      ; 1.646      ; 3.467      ;
; 11.717 ; KEY[0]    ; timer:t0|r_reg[22] ; CLOCK_50     ; CLOCK_50    ; -10.000      ; 1.646      ; 3.467      ;
; 11.717 ; KEY[0]    ; timer:t0|r_reg[23] ; CLOCK_50     ; CLOCK_50    ; -10.000      ; 1.646      ; 3.467      ;
; 11.717 ; KEY[0]    ; timer:t0|r_reg[24] ; CLOCK_50     ; CLOCK_50    ; -10.000      ; 1.646      ; 3.467      ;
; 11.717 ; KEY[0]    ; timer:t0|r_reg[25] ; CLOCK_50     ; CLOCK_50    ; -10.000      ; 1.646      ; 3.467      ;
; 11.726 ; KEY[0]    ; timer:t0|r_reg[0]  ; CLOCK_50     ; CLOCK_50    ; -10.000      ; 1.646      ; 3.476      ;
; 11.726 ; KEY[0]    ; timer:t0|r_reg[1]  ; CLOCK_50     ; CLOCK_50    ; -10.000      ; 1.646      ; 3.476      ;
; 11.726 ; KEY[0]    ; timer:t0|r_reg[2]  ; CLOCK_50     ; CLOCK_50    ; -10.000      ; 1.646      ; 3.476      ;
; 11.726 ; KEY[0]    ; timer:t0|r_reg[3]  ; CLOCK_50     ; CLOCK_50    ; -10.000      ; 1.646      ; 3.476      ;
; 11.726 ; KEY[0]    ; timer:t0|r_reg[5]  ; CLOCK_50     ; CLOCK_50    ; -10.000      ; 1.646      ; 3.476      ;
; 11.726 ; KEY[0]    ; timer:t0|r_reg[11] ; CLOCK_50     ; CLOCK_50    ; -10.000      ; 1.646      ; 3.476      ;
; 11.726 ; KEY[0]    ; timer:t0|r_reg[12] ; CLOCK_50     ; CLOCK_50    ; -10.000      ; 1.646      ; 3.476      ;
+--------+-----------+--------------------+--------------+-------------+--------------+------------+------------+


+-----------------------------------------------------------------------------------------------------------------------------------------------------------------------------+
; Fast 1200mV 0C Model Removal: 'pll_timer_inst|altpll_component|auto_generated|pll1|clk[0]'                                                                                  ;
+--------+-----------+-----------------------------------+--------------+------------------------------------------------------------+--------------+------------+------------+
; Slack  ; From Node ; To Node                           ; Launch Clock ; Latch Clock                                                ; Relationship ; Clock Skew ; Data Delay ;
+--------+-----------+-----------------------------------+--------------+------------------------------------------------------------+--------------+------------+------------+
; 2.189  ; KEY[0]    ; bin2bcd:bin2bcd0|bcds_out_reg[4]  ; CLOCK_50     ; pll_timer_inst|altpll_component|auto_generated|pll1|clk[0] ; 0.000        ; 0.156      ; 2.529      ;
; 2.189  ; KEY[0]    ; bin2bcd:bin2bcd0|bcds_out_reg[5]  ; CLOCK_50     ; pll_timer_inst|altpll_component|auto_generated|pll1|clk[0] ; 0.000        ; 0.156      ; 2.529      ;
; 2.189  ; KEY[0]    ; bin2bcd:bin2bcd0|bcds_out_reg[6]  ; CLOCK_50     ; pll_timer_inst|altpll_component|auto_generated|pll1|clk[0] ; 0.000        ; 0.156      ; 2.529      ;
; 2.189  ; KEY[0]    ; bin2bcd:bin2bcd0|bcds_out_reg[7]  ; CLOCK_50     ; pll_timer_inst|altpll_component|auto_generated|pll1|clk[0] ; 0.000        ; 0.156      ; 2.529      ;
; 2.283  ; KEY[0]    ; bin2bcd:bin2bcd0|state.start      ; CLOCK_50     ; pll_timer_inst|altpll_component|auto_generated|pll1|clk[0] ; 0.000        ; 0.166      ; 2.633      ;
; 2.283  ; KEY[0]    ; bin2bcd:bin2bcd0|state.shift      ; CLOCK_50     ; pll_timer_inst|altpll_component|auto_generated|pll1|clk[0] ; 0.000        ; 0.166      ; 2.633      ;
; 2.283  ; KEY[0]    ; bin2bcd:bin2bcd0|binary[0]        ; CLOCK_50     ; pll_timer_inst|altpll_component|auto_generated|pll1|clk[0] ; 0.000        ; 0.166      ; 2.633      ;
; 2.283  ; KEY[0]    ; bin2bcd:bin2bcd0|binary[1]        ; CLOCK_50     ; pll_timer_inst|altpll_component|auto_generated|pll1|clk[0] ; 0.000        ; 0.166      ; 2.633      ;
; 2.283  ; KEY[0]    ; bin2bcd:bin2bcd0|binary[2]        ; CLOCK_50     ; pll_timer_inst|altpll_component|auto_generated|pll1|clk[0] ; 0.000        ; 0.166      ; 2.633      ;
; 2.283  ; KEY[0]    ; bin2bcd:bin2bcd0|binary[3]        ; CLOCK_50     ; pll_timer_inst|altpll_component|auto_generated|pll1|clk[0] ; 0.000        ; 0.166      ; 2.633      ;
; 2.283  ; KEY[0]    ; bin2bcd:bin2bcd0|binary[4]        ; CLOCK_50     ; pll_timer_inst|altpll_component|auto_generated|pll1|clk[0] ; 0.000        ; 0.166      ; 2.633      ;
; 2.283  ; KEY[0]    ; bin2bcd:bin2bcd0|binary[5]        ; CLOCK_50     ; pll_timer_inst|altpll_component|auto_generated|pll1|clk[0] ; 0.000        ; 0.166      ; 2.633      ;
; 2.283  ; KEY[0]    ; bin2bcd:bin2bcd0|bcds[0]          ; CLOCK_50     ; pll_timer_inst|altpll_component|auto_generated|pll1|clk[0] ; 0.000        ; 0.166      ; 2.633      ;
; 2.283  ; KEY[0]    ; bin2bcd:bin2bcd1|binary[0]        ; CLOCK_50     ; pll_timer_inst|altpll_component|auto_generated|pll1|clk[0] ; 0.000        ; 0.166      ; 2.633      ;
; 2.283  ; KEY[0]    ; bin2bcd:bin2bcd1|binary[1]        ; CLOCK_50     ; pll_timer_inst|altpll_component|auto_generated|pll1|clk[0] ; 0.000        ; 0.166      ; 2.633      ;
; 2.283  ; KEY[0]    ; bin2bcd:bin2bcd1|binary[2]        ; CLOCK_50     ; pll_timer_inst|altpll_component|auto_generated|pll1|clk[0] ; 0.000        ; 0.166      ; 2.633      ;
; 2.283  ; KEY[0]    ; bin2bcd:bin2bcd1|binary[3]        ; CLOCK_50     ; pll_timer_inst|altpll_component|auto_generated|pll1|clk[0] ; 0.000        ; 0.166      ; 2.633      ;
; 2.283  ; KEY[0]    ; bin2bcd:bin2bcd1|binary[4]        ; CLOCK_50     ; pll_timer_inst|altpll_component|auto_generated|pll1|clk[0] ; 0.000        ; 0.166      ; 2.633      ;
; 2.283  ; KEY[0]    ; bin2bcd:bin2bcd1|binary[5]        ; CLOCK_50     ; pll_timer_inst|altpll_component|auto_generated|pll1|clk[0] ; 0.000        ; 0.166      ; 2.633      ;
; 2.304  ; KEY[0]    ; bin2bcd:bin2bcd0|shift_counter[1] ; CLOCK_50     ; pll_timer_inst|altpll_component|auto_generated|pll1|clk[0] ; 0.000        ; 0.154      ; 2.642      ;
; 2.304  ; KEY[0]    ; bin2bcd:bin2bcd0|shift_counter[2] ; CLOCK_50     ; pll_timer_inst|altpll_component|auto_generated|pll1|clk[0] ; 0.000        ; 0.154      ; 2.642      ;
; 2.304  ; KEY[0]    ; bin2bcd:bin2bcd0|state.done       ; CLOCK_50     ; pll_timer_inst|altpll_component|auto_generated|pll1|clk[0] ; 0.000        ; 0.154      ; 2.642      ;
; 2.304  ; KEY[0]    ; bin2bcd:bin2bcd0|bcds[4]          ; CLOCK_50     ; pll_timer_inst|altpll_component|auto_generated|pll1|clk[0] ; 0.000        ; 0.154      ; 2.642      ;
; 2.304  ; KEY[0]    ; bin2bcd:bin2bcd0|bcds[6]          ; CLOCK_50     ; pll_timer_inst|altpll_component|auto_generated|pll1|clk[0] ; 0.000        ; 0.154      ; 2.642      ;
; 2.304  ; KEY[0]    ; bin2bcd:bin2bcd0|bcds[7]          ; CLOCK_50     ; pll_timer_inst|altpll_component|auto_generated|pll1|clk[0] ; 0.000        ; 0.154      ; 2.642      ;
; 2.304  ; KEY[0]    ; bin2bcd:bin2bcd0|bcds[5]          ; CLOCK_50     ; pll_timer_inst|altpll_component|auto_generated|pll1|clk[0] ; 0.000        ; 0.154      ; 2.642      ;
; 2.337  ; KEY[0]    ; bin2bcd:bin2bcd1|bcds[0]          ; CLOCK_50     ; pll_timer_inst|altpll_component|auto_generated|pll1|clk[0] ; 0.000        ; 0.122      ; 2.643      ;
; 2.337  ; KEY[0]    ; bin2bcd:bin2bcd1|bcds[3]          ; CLOCK_50     ; pll_timer_inst|altpll_component|auto_generated|pll1|clk[0] ; 0.000        ; 0.122      ; 2.643      ;
; 2.341  ; KEY[0]    ; bin2bcd:bin2bcd0|bcds_out_reg[0]  ; CLOCK_50     ; pll_timer_inst|altpll_component|auto_generated|pll1|clk[0] ; 0.000        ; 0.152      ; 2.677      ;
; 2.341  ; KEY[0]    ; bin2bcd:bin2bcd0|bcds[2]          ; CLOCK_50     ; pll_timer_inst|altpll_component|auto_generated|pll1|clk[0] ; 0.000        ; 0.152      ; 2.677      ;
; 2.341  ; KEY[0]    ; bin2bcd:bin2bcd0|bcds[3]          ; CLOCK_50     ; pll_timer_inst|altpll_component|auto_generated|pll1|clk[0] ; 0.000        ; 0.152      ; 2.677      ;
; 2.341  ; KEY[0]    ; bin2bcd:bin2bcd0|bcds[1]          ; CLOCK_50     ; pll_timer_inst|altpll_component|auto_generated|pll1|clk[0] ; 0.000        ; 0.152      ; 2.677      ;
; 2.341  ; KEY[0]    ; bin2bcd:bin2bcd0|bcds_out_reg[1]  ; CLOCK_50     ; pll_timer_inst|altpll_component|auto_generated|pll1|clk[0] ; 0.000        ; 0.152      ; 2.677      ;
; 2.341  ; KEY[0]    ; bin2bcd:bin2bcd0|bcds_out_reg[2]  ; CLOCK_50     ; pll_timer_inst|altpll_component|auto_generated|pll1|clk[0] ; 0.000        ; 0.152      ; 2.677      ;
; 2.341  ; KEY[0]    ; bin2bcd:bin2bcd0|bcds_out_reg[3]  ; CLOCK_50     ; pll_timer_inst|altpll_component|auto_generated|pll1|clk[0] ; 0.000        ; 0.152      ; 2.677      ;
; 2.380  ; KEY[0]    ; bin2bcd:bin2bcd0|shift_counter[0] ; CLOCK_50     ; pll_timer_inst|altpll_component|auto_generated|pll1|clk[0] ; 0.000        ; 0.121      ; 2.685      ;
; 2.380  ; KEY[0]    ; bin2bcd:bin2bcd1|bcds_out_reg[4]  ; CLOCK_50     ; pll_timer_inst|altpll_component|auto_generated|pll1|clk[0] ; 0.000        ; 0.121      ; 2.685      ;
; 2.380  ; KEY[0]    ; bin2bcd:bin2bcd1|bcds[6]          ; CLOCK_50     ; pll_timer_inst|altpll_component|auto_generated|pll1|clk[0] ; 0.000        ; 0.121      ; 2.685      ;
; 2.380  ; KEY[0]    ; bin2bcd:bin2bcd1|bcds[7]          ; CLOCK_50     ; pll_timer_inst|altpll_component|auto_generated|pll1|clk[0] ; 0.000        ; 0.121      ; 2.685      ;
; 2.380  ; KEY[0]    ; bin2bcd:bin2bcd1|bcds[5]          ; CLOCK_50     ; pll_timer_inst|altpll_component|auto_generated|pll1|clk[0] ; 0.000        ; 0.121      ; 2.685      ;
; 2.380  ; KEY[0]    ; bin2bcd:bin2bcd1|bcds_out_reg[5]  ; CLOCK_50     ; pll_timer_inst|altpll_component|auto_generated|pll1|clk[0] ; 0.000        ; 0.121      ; 2.685      ;
; 2.380  ; KEY[0]    ; bin2bcd:bin2bcd1|bcds_out_reg[6]  ; CLOCK_50     ; pll_timer_inst|altpll_component|auto_generated|pll1|clk[0] ; 0.000        ; 0.121      ; 2.685      ;
; 2.380  ; KEY[0]    ; bin2bcd:bin2bcd1|bcds_out_reg[7]  ; CLOCK_50     ; pll_timer_inst|altpll_component|auto_generated|pll1|clk[0] ; 0.000        ; 0.121      ; 2.685      ;
; 2.412  ; KEY[0]    ; bin2bcd:bin2bcd1|bcds_out_reg[0]  ; CLOCK_50     ; pll_timer_inst|altpll_component|auto_generated|pll1|clk[0] ; 0.000        ; 0.110      ; 2.706      ;
; 2.412  ; KEY[0]    ; bin2bcd:bin2bcd1|bcds[2]          ; CLOCK_50     ; pll_timer_inst|altpll_component|auto_generated|pll1|clk[0] ; 0.000        ; 0.110      ; 2.706      ;
; 2.412  ; KEY[0]    ; bin2bcd:bin2bcd1|bcds[1]          ; CLOCK_50     ; pll_timer_inst|altpll_component|auto_generated|pll1|clk[0] ; 0.000        ; 0.110      ; 2.706      ;
; 2.412  ; KEY[0]    ; bin2bcd:bin2bcd1|bcds_out_reg[1]  ; CLOCK_50     ; pll_timer_inst|altpll_component|auto_generated|pll1|clk[0] ; 0.000        ; 0.110      ; 2.706      ;
; 2.412  ; KEY[0]    ; bin2bcd:bin2bcd1|bcds_out_reg[2]  ; CLOCK_50     ; pll_timer_inst|altpll_component|auto_generated|pll1|clk[0] ; 0.000        ; 0.110      ; 2.706      ;
; 2.412  ; KEY[0]    ; bin2bcd:bin2bcd1|bcds_out_reg[3]  ; CLOCK_50     ; pll_timer_inst|altpll_component|auto_generated|pll1|clk[0] ; 0.000        ; 0.110      ; 2.706      ;
; 2.412  ; KEY[0]    ; bin2bcd:bin2bcd1|bcds[4]          ; CLOCK_50     ; pll_timer_inst|altpll_component|auto_generated|pll1|clk[0] ; 0.000        ; 0.110      ; 2.706      ;
; 2.599  ; KEY[0]    ; bin2bcd:bin2bcd2|shift_counter[0] ; CLOCK_50     ; pll_timer_inst|altpll_component|auto_generated|pll1|clk[0] ; 0.000        ; 0.125      ; 2.908      ;
; 2.599  ; KEY[0]    ; bin2bcd:bin2bcd2|shift_counter[1] ; CLOCK_50     ; pll_timer_inst|altpll_component|auto_generated|pll1|clk[0] ; 0.000        ; 0.125      ; 2.908      ;
; 2.599  ; KEY[0]    ; bin2bcd:bin2bcd2|shift_counter[2] ; CLOCK_50     ; pll_timer_inst|altpll_component|auto_generated|pll1|clk[0] ; 0.000        ; 0.125      ; 2.908      ;
; 2.599  ; KEY[0]    ; bin2bcd:bin2bcd2|state.start      ; CLOCK_50     ; pll_timer_inst|altpll_component|auto_generated|pll1|clk[0] ; 0.000        ; 0.125      ; 2.908      ;
; 2.599  ; KEY[0]    ; bin2bcd:bin2bcd2|state.shift      ; CLOCK_50     ; pll_timer_inst|altpll_component|auto_generated|pll1|clk[0] ; 0.000        ; 0.125      ; 2.908      ;
; 2.599  ; KEY[0]    ; bin2bcd:bin2bcd2|state.done       ; CLOCK_50     ; pll_timer_inst|altpll_component|auto_generated|pll1|clk[0] ; 0.000        ; 0.125      ; 2.908      ;
; 2.599  ; KEY[0]    ; bin2bcd:bin2bcd2|binary[0]        ; CLOCK_50     ; pll_timer_inst|altpll_component|auto_generated|pll1|clk[0] ; 0.000        ; 0.125      ; 2.908      ;
; 2.599  ; KEY[0]    ; bin2bcd:bin2bcd2|binary[1]        ; CLOCK_50     ; pll_timer_inst|altpll_component|auto_generated|pll1|clk[0] ; 0.000        ; 0.125      ; 2.908      ;
; 2.599  ; KEY[0]    ; bin2bcd:bin2bcd2|binary[2]        ; CLOCK_50     ; pll_timer_inst|altpll_component|auto_generated|pll1|clk[0] ; 0.000        ; 0.125      ; 2.908      ;
; 2.599  ; KEY[0]    ; bin2bcd:bin2bcd2|binary[3]        ; CLOCK_50     ; pll_timer_inst|altpll_component|auto_generated|pll1|clk[0] ; 0.000        ; 0.125      ; 2.908      ;
; 2.599  ; KEY[0]    ; bin2bcd:bin2bcd2|binary[4]        ; CLOCK_50     ; pll_timer_inst|altpll_component|auto_generated|pll1|clk[0] ; 0.000        ; 0.125      ; 2.908      ;
; 2.642  ; KEY[0]    ; bin2bcd:bin2bcd2|bcds[0]          ; CLOCK_50     ; pll_timer_inst|altpll_component|auto_generated|pll1|clk[0] ; 0.000        ; 0.126      ; 2.952      ;
; 2.642  ; KEY[0]    ; bin2bcd:bin2bcd2|bcds[2]          ; CLOCK_50     ; pll_timer_inst|altpll_component|auto_generated|pll1|clk[0] ; 0.000        ; 0.126      ; 2.952      ;
; 2.642  ; KEY[0]    ; bin2bcd:bin2bcd2|bcds[3]          ; CLOCK_50     ; pll_timer_inst|altpll_component|auto_generated|pll1|clk[0] ; 0.000        ; 0.126      ; 2.952      ;
; 2.642  ; KEY[0]    ; bin2bcd:bin2bcd2|bcds[1]          ; CLOCK_50     ; pll_timer_inst|altpll_component|auto_generated|pll1|clk[0] ; 0.000        ; 0.126      ; 2.952      ;
; 2.642  ; KEY[0]    ; bin2bcd:bin2bcd2|bcds[4]          ; CLOCK_50     ; pll_timer_inst|altpll_component|auto_generated|pll1|clk[0] ; 0.000        ; 0.126      ; 2.952      ;
; 2.744  ; KEY[0]    ; bin2bcd:bin2bcd2|bcds_out_reg[0]  ; CLOCK_50     ; pll_timer_inst|altpll_component|auto_generated|pll1|clk[0] ; 0.000        ; 0.141      ; 3.069      ;
; 2.744  ; KEY[0]    ; bin2bcd:bin2bcd2|bcds_out_reg[1]  ; CLOCK_50     ; pll_timer_inst|altpll_component|auto_generated|pll1|clk[0] ; 0.000        ; 0.141      ; 3.069      ;
; 2.744  ; KEY[0]    ; bin2bcd:bin2bcd2|bcds_out_reg[2]  ; CLOCK_50     ; pll_timer_inst|altpll_component|auto_generated|pll1|clk[0] ; 0.000        ; 0.141      ; 3.069      ;
; 2.744  ; KEY[0]    ; bin2bcd:bin2bcd2|bcds_out_reg[3]  ; CLOCK_50     ; pll_timer_inst|altpll_component|auto_generated|pll1|clk[0] ; 0.000        ; 0.141      ; 3.069      ;
; 2.858  ; KEY[0]    ; bin2bcd:bin2bcd2|bcds_out_reg[4]  ; CLOCK_50     ; pll_timer_inst|altpll_component|auto_generated|pll1|clk[0] ; 0.000        ; 0.135      ; 3.177      ;
; 2.858  ; KEY[0]    ; bin2bcd:bin2bcd2|bcds[7]          ; CLOCK_50     ; pll_timer_inst|altpll_component|auto_generated|pll1|clk[0] ; 0.000        ; 0.135      ; 3.177      ;
; 2.858  ; KEY[0]    ; bin2bcd:bin2bcd2|bcds[6]          ; CLOCK_50     ; pll_timer_inst|altpll_component|auto_generated|pll1|clk[0] ; 0.000        ; 0.135      ; 3.177      ;
; 2.858  ; KEY[0]    ; bin2bcd:bin2bcd2|bcds[5]          ; CLOCK_50     ; pll_timer_inst|altpll_component|auto_generated|pll1|clk[0] ; 0.000        ; 0.135      ; 3.177      ;
; 2.858  ; KEY[0]    ; bin2bcd:bin2bcd2|bcds_out_reg[5]  ; CLOCK_50     ; pll_timer_inst|altpll_component|auto_generated|pll1|clk[0] ; 0.000        ; 0.135      ; 3.177      ;
; 2.858  ; KEY[0]    ; bin2bcd:bin2bcd2|bcds_out_reg[6]  ; CLOCK_50     ; pll_timer_inst|altpll_component|auto_generated|pll1|clk[0] ; 0.000        ; 0.135      ; 3.177      ;
; 2.858  ; KEY[0]    ; bin2bcd:bin2bcd2|bcds_out_reg[7]  ; CLOCK_50     ; pll_timer_inst|altpll_component|auto_generated|pll1|clk[0] ; 0.000        ; 0.135      ; 3.177      ;
; 12.817 ; KEY[0]    ; bin2bcd:bin2bcd0|bcds_out_reg[4]  ; CLOCK_50     ; pll_timer_inst|altpll_component|auto_generated|pll1|clk[0] ; -10.000      ; 0.156      ; 3.157      ;
; 12.817 ; KEY[0]    ; bin2bcd:bin2bcd0|bcds_out_reg[5]  ; CLOCK_50     ; pll_timer_inst|altpll_component|auto_generated|pll1|clk[0] ; -10.000      ; 0.156      ; 3.157      ;
; 12.817 ; KEY[0]    ; bin2bcd:bin2bcd0|bcds_out_reg[6]  ; CLOCK_50     ; pll_timer_inst|altpll_component|auto_generated|pll1|clk[0] ; -10.000      ; 0.156      ; 3.157      ;
; 12.817 ; KEY[0]    ; bin2bcd:bin2bcd0|bcds_out_reg[7]  ; CLOCK_50     ; pll_timer_inst|altpll_component|auto_generated|pll1|clk[0] ; -10.000      ; 0.156      ; 3.157      ;
; 12.931 ; KEY[0]    ; bin2bcd:bin2bcd0|state.start      ; CLOCK_50     ; pll_timer_inst|altpll_component|auto_generated|pll1|clk[0] ; -10.000      ; 0.166      ; 3.281      ;
; 12.931 ; KEY[0]    ; bin2bcd:bin2bcd0|state.shift      ; CLOCK_50     ; pll_timer_inst|altpll_component|auto_generated|pll1|clk[0] ; -10.000      ; 0.166      ; 3.281      ;
; 12.931 ; KEY[0]    ; bin2bcd:bin2bcd0|binary[0]        ; CLOCK_50     ; pll_timer_inst|altpll_component|auto_generated|pll1|clk[0] ; -10.000      ; 0.166      ; 3.281      ;
; 12.931 ; KEY[0]    ; bin2bcd:bin2bcd0|binary[1]        ; CLOCK_50     ; pll_timer_inst|altpll_component|auto_generated|pll1|clk[0] ; -10.000      ; 0.166      ; 3.281      ;
; 12.931 ; KEY[0]    ; bin2bcd:bin2bcd0|binary[2]        ; CLOCK_50     ; pll_timer_inst|altpll_component|auto_generated|pll1|clk[0] ; -10.000      ; 0.166      ; 3.281      ;
; 12.931 ; KEY[0]    ; bin2bcd:bin2bcd0|binary[3]        ; CLOCK_50     ; pll_timer_inst|altpll_component|auto_generated|pll1|clk[0] ; -10.000      ; 0.166      ; 3.281      ;
; 12.931 ; KEY[0]    ; bin2bcd:bin2bcd0|binary[4]        ; CLOCK_50     ; pll_timer_inst|altpll_component|auto_generated|pll1|clk[0] ; -10.000      ; 0.166      ; 3.281      ;
; 12.931 ; KEY[0]    ; bin2bcd:bin2bcd0|binary[5]        ; CLOCK_50     ; pll_timer_inst|altpll_component|auto_generated|pll1|clk[0] ; -10.000      ; 0.166      ; 3.281      ;
; 12.931 ; KEY[0]    ; bin2bcd:bin2bcd0|bcds[0]          ; CLOCK_50     ; pll_timer_inst|altpll_component|auto_generated|pll1|clk[0] ; -10.000      ; 0.166      ; 3.281      ;
; 12.931 ; KEY[0]    ; bin2bcd:bin2bcd1|binary[0]        ; CLOCK_50     ; pll_timer_inst|altpll_component|auto_generated|pll1|clk[0] ; -10.000      ; 0.166      ; 3.281      ;
; 12.931 ; KEY[0]    ; bin2bcd:bin2bcd1|binary[1]        ; CLOCK_50     ; pll_timer_inst|altpll_component|auto_generated|pll1|clk[0] ; -10.000      ; 0.166      ; 3.281      ;
; 12.931 ; KEY[0]    ; bin2bcd:bin2bcd1|binary[2]        ; CLOCK_50     ; pll_timer_inst|altpll_component|auto_generated|pll1|clk[0] ; -10.000      ; 0.166      ; 3.281      ;
; 12.931 ; KEY[0]    ; bin2bcd:bin2bcd1|binary[3]        ; CLOCK_50     ; pll_timer_inst|altpll_component|auto_generated|pll1|clk[0] ; -10.000      ; 0.166      ; 3.281      ;
; 12.931 ; KEY[0]    ; bin2bcd:bin2bcd1|binary[4]        ; CLOCK_50     ; pll_timer_inst|altpll_component|auto_generated|pll1|clk[0] ; -10.000      ; 0.166      ; 3.281      ;
; 12.931 ; KEY[0]    ; bin2bcd:bin2bcd1|binary[5]        ; CLOCK_50     ; pll_timer_inst|altpll_component|auto_generated|pll1|clk[0] ; -10.000      ; 0.166      ; 3.281      ;
; 12.946 ; KEY[0]    ; bin2bcd:bin2bcd0|shift_counter[1] ; CLOCK_50     ; pll_timer_inst|altpll_component|auto_generated|pll1|clk[0] ; -10.000      ; 0.154      ; 3.284      ;
; 12.946 ; KEY[0]    ; bin2bcd:bin2bcd0|shift_counter[2] ; CLOCK_50     ; pll_timer_inst|altpll_component|auto_generated|pll1|clk[0] ; -10.000      ; 0.154      ; 3.284      ;
; 12.946 ; KEY[0]    ; bin2bcd:bin2bcd0|state.done       ; CLOCK_50     ; pll_timer_inst|altpll_component|auto_generated|pll1|clk[0] ; -10.000      ; 0.154      ; 3.284      ;
; 12.946 ; KEY[0]    ; bin2bcd:bin2bcd0|bcds[4]          ; CLOCK_50     ; pll_timer_inst|altpll_component|auto_generated|pll1|clk[0] ; -10.000      ; 0.154      ; 3.284      ;
+--------+-----------+-----------------------------------+--------------+------------------------------------------------------------+--------------+------------+------------+


----------------------------------------------
; Fast 1200mV 0C Model Metastability Summary ;
----------------------------------------------
No synchronizer chains to report.


+-------------------------------------------------------------------------------------------------------------------------+
; Multicorner Timing Analysis Summary                                                                                     ;
+-------------------------------------------------------------+--------+-------+----------+---------+---------------------+
; Clock                                                       ; Setup  ; Hold  ; Recovery ; Removal ; Minimum Pulse Width ;
+-------------------------------------------------------------+--------+-------+----------+---------+---------------------+
; Worst-case Slack                                            ; 12.742 ; 0.178 ; 2.748    ; 0.909   ; 9.438               ;
;  CLOCK_50                                                   ; 14.529 ; 0.180 ; 6.730    ; 0.909   ; 9.438               ;
;  pll_timer_inst|altpll_component|auto_generated|pll1|clk[0] ; 12.742 ; 0.178 ; 2.748    ; 2.189   ; 249999.755          ;
; Design-wide TNS                                             ; 0.0    ; 0.0   ; 0.0      ; 0.0     ; 0.0                 ;
;  CLOCK_50                                                   ; 0.000  ; 0.000 ; 0.000    ; 0.000   ; 0.000               ;
;  pll_timer_inst|altpll_component|auto_generated|pll1|clk[0] ; 0.000  ; 0.000 ; 0.000    ; 0.000   ; 0.000               ;
+-------------------------------------------------------------+--------+-------+----------+---------+---------------------+


+------------------------------------------------------------------------------------------------------------------------------------------------------------------------------------------------------------------------------------------------------------------------------------------------------------------------------------------------------------------------------------------------------------------+
; Board Trace Model Assignments                                                                                                                                                                                                                                                                                                                                                                                    ;
+---------------+--------------+-------------------+-------------------------+-------------------------+---------------+---------------------+----------------+------------------+--------+------------------+------------------------+------------------------+--------------+---------------+-----------------+-------+---------------------+--------------------+---------------+-----------------+-------------+
; Pin           ; I/O Standard ; Near Tline Length ; Near Tline L per Length ; Near Tline C per Length ; Near Series R ; Near Differential R ; Near Pull-up R ; Near Pull-down R ; Near C ; Far Tline Length ; Far Tline L per Length ; Far Tline C per Length ; Far Series R ; Far Pull-up R ; Far Pull-down R ; Far C ; Termination Voltage ; Far Differential R ; EBD File Name ; EBD Signal Name ; EBD Far-end ;
+---------------+--------------+-------------------+-------------------------+-------------------------+---------------+---------------------+----------------+------------------+--------+------------------+------------------------+------------------------+--------------+---------------+-----------------+-------+---------------------+--------------------+---------------+-----------------+-------------+
; HEX0[0]       ; 2.5 V        ; 0 in              ; 0 H/in                  ; 0 F/in                  ; short         ; -                   ; open           ; open             ; open   ; 0 in             ; 0 H/in                 ; 0 F/in                 ; short        ; open          ; open            ; open  ; 0 V                 ; -                  ; n/a           ; n/a             ; n/a         ;
; HEX0[1]       ; 2.5 V        ; 0 in              ; 0 H/in                  ; 0 F/in                  ; short         ; -                   ; open           ; open             ; open   ; 0 in             ; 0 H/in                 ; 0 F/in                 ; short        ; open          ; open            ; open  ; 0 V                 ; -                  ; n/a           ; n/a             ; n/a         ;
; HEX0[2]       ; 2.5 V        ; 0 in              ; 0 H/in                  ; 0 F/in                  ; short         ; -                   ; open           ; open             ; open   ; 0 in             ; 0 H/in                 ; 0 F/in                 ; short        ; open          ; open            ; open  ; 0 V                 ; -                  ; n/a           ; n/a             ; n/a         ;
; HEX0[3]       ; 2.5 V        ; 0 in              ; 0 H/in                  ; 0 F/in                  ; short         ; -                   ; open           ; open             ; open   ; 0 in             ; 0 H/in                 ; 0 F/in                 ; short        ; open          ; open            ; open  ; 0 V                 ; -                  ; n/a           ; n/a             ; n/a         ;
; HEX0[4]       ; 2.5 V        ; 0 in              ; 0 H/in                  ; 0 F/in                  ; short         ; -                   ; open           ; open             ; open   ; 0 in             ; 0 H/in                 ; 0 F/in                 ; short        ; open          ; open            ; open  ; 0 V                 ; -                  ; n/a           ; n/a             ; n/a         ;
; HEX0[5]       ; 2.5 V        ; 0 in              ; 0 H/in                  ; 0 F/in                  ; short         ; -                   ; open           ; open             ; open   ; 0 in             ; 0 H/in                 ; 0 F/in                 ; short        ; open          ; open            ; open  ; 0 V                 ; -                  ; n/a           ; n/a             ; n/a         ;
; HEX0[6]       ; 2.5 V        ; 0 in              ; 0 H/in                  ; 0 F/in                  ; short         ; -                   ; open           ; open             ; open   ; 0 in             ; 0 H/in                 ; 0 F/in                 ; short        ; open          ; open            ; open  ; 0 V                 ; -                  ; n/a           ; n/a             ; n/a         ;
; HEX1[0]       ; 2.5 V        ; 0 in              ; 0 H/in                  ; 0 F/in                  ; short         ; -                   ; open           ; open             ; open   ; 0 in             ; 0 H/in                 ; 0 F/in                 ; short        ; open          ; open            ; open  ; 0 V                 ; -                  ; n/a           ; n/a             ; n/a         ;
; HEX1[1]       ; 2.5 V        ; 0 in              ; 0 H/in                  ; 0 F/in                  ; short         ; -                   ; open           ; open             ; open   ; 0 in             ; 0 H/in                 ; 0 F/in                 ; short        ; open          ; open            ; open  ; 0 V                 ; -                  ; n/a           ; n/a             ; n/a         ;
; HEX1[2]       ; 2.5 V        ; 0 in              ; 0 H/in                  ; 0 F/in                  ; short         ; -                   ; open           ; open             ; open   ; 0 in             ; 0 H/in                 ; 0 F/in                 ; short        ; open          ; open            ; open  ; 0 V                 ; -                  ; n/a           ; n/a             ; n/a         ;
; HEX1[3]       ; 2.5 V        ; 0 in              ; 0 H/in                  ; 0 F/in                  ; short         ; -                   ; open           ; open             ; open   ; 0 in             ; 0 H/in                 ; 0 F/in                 ; short        ; open          ; open            ; open  ; 0 V                 ; -                  ; n/a           ; n/a             ; n/a         ;
; HEX1[4]       ; 2.5 V        ; 0 in              ; 0 H/in                  ; 0 F/in                  ; short         ; -                   ; open           ; open             ; open   ; 0 in             ; 0 H/in                 ; 0 F/in                 ; short        ; open          ; open            ; open  ; 0 V                 ; -                  ; n/a           ; n/a             ; n/a         ;
; HEX1[5]       ; 2.5 V        ; 0 in              ; 0 H/in                  ; 0 F/in                  ; short         ; -                   ; open           ; open             ; open   ; 0 in             ; 0 H/in                 ; 0 F/in                 ; short        ; open          ; open            ; open  ; 0 V                 ; -                  ; n/a           ; n/a             ; n/a         ;
; HEX1[6]       ; 2.5 V        ; 0 in              ; 0 H/in                  ; 0 F/in                  ; short         ; -                   ; open           ; open             ; open   ; 0 in             ; 0 H/in                 ; 0 F/in                 ; short        ; open          ; open            ; open  ; 0 V                 ; -                  ; n/a           ; n/a             ; n/a         ;
; HEX2[0]       ; 2.5 V        ; 0 in              ; 0 H/in                  ; 0 F/in                  ; short         ; -                   ; open           ; open             ; open   ; 0 in             ; 0 H/in                 ; 0 F/in                 ; short        ; open          ; open            ; open  ; 0 V                 ; -                  ; n/a           ; n/a             ; n/a         ;
; HEX2[1]       ; 2.5 V        ; 0 in              ; 0 H/in                  ; 0 F/in                  ; short         ; -                   ; open           ; open             ; open   ; 0 in             ; 0 H/in                 ; 0 F/in                 ; short        ; open          ; open            ; open  ; 0 V                 ; -                  ; n/a           ; n/a             ; n/a         ;
; HEX2[2]       ; 2.5 V        ; 0 in              ; 0 H/in                  ; 0 F/in                  ; short         ; -                   ; open           ; open             ; open   ; 0 in             ; 0 H/in                 ; 0 F/in                 ; short        ; open          ; open            ; open  ; 0 V                 ; -                  ; n/a           ; n/a             ; n/a         ;
; HEX2[3]       ; 2.5 V        ; 0 in              ; 0 H/in                  ; 0 F/in                  ; short         ; -                   ; open           ; open             ; open   ; 0 in             ; 0 H/in                 ; 0 F/in                 ; short        ; open          ; open            ; open  ; 0 V                 ; -                  ; n/a           ; n/a             ; n/a         ;
; HEX2[4]       ; 2.5 V        ; 0 in              ; 0 H/in                  ; 0 F/in                  ; short         ; -                   ; open           ; open             ; open   ; 0 in             ; 0 H/in                 ; 0 F/in                 ; short        ; open          ; open            ; open  ; 0 V                 ; -                  ; n/a           ; n/a             ; n/a         ;
; HEX2[5]       ; 2.5 V        ; 0 in              ; 0 H/in                  ; 0 F/in                  ; short         ; -                   ; open           ; open             ; open   ; 0 in             ; 0 H/in                 ; 0 F/in                 ; short        ; open          ; open            ; open  ; 0 V                 ; -                  ; n/a           ; n/a             ; n/a         ;
; HEX2[6]       ; 2.5 V        ; 0 in              ; 0 H/in                  ; 0 F/in                  ; short         ; -                   ; open           ; open             ; open   ; 0 in             ; 0 H/in                 ; 0 F/in                 ; short        ; open          ; open            ; open  ; 0 V                 ; -                  ; n/a           ; n/a             ; n/a         ;
; HEX3[0]       ; 2.5 V        ; 0 in              ; 0 H/in                  ; 0 F/in                  ; short         ; -                   ; open           ; open             ; open   ; 0 in             ; 0 H/in                 ; 0 F/in                 ; short        ; open          ; open            ; open  ; 0 V                 ; -                  ; n/a           ; n/a             ; n/a         ;
; HEX3[1]       ; 2.5 V        ; 0 in              ; 0 H/in                  ; 0 F/in                  ; short         ; -                   ; open           ; open             ; open   ; 0 in             ; 0 H/in                 ; 0 F/in                 ; short        ; open          ; open            ; open  ; 0 V                 ; -                  ; n/a           ; n/a             ; n/a         ;
; HEX3[2]       ; 2.5 V        ; 0 in              ; 0 H/in                  ; 0 F/in                  ; short         ; -                   ; open           ; open             ; open   ; 0 in             ; 0 H/in                 ; 0 F/in                 ; short        ; open          ; open            ; open  ; 0 V                 ; -                  ; n/a           ; n/a             ; n/a         ;
; HEX3[3]       ; 2.5 V        ; 0 in              ; 0 H/in                  ; 0 F/in                  ; short         ; -                   ; open           ; open             ; open   ; 0 in             ; 0 H/in                 ; 0 F/in                 ; short        ; open          ; open            ; open  ; 0 V                 ; -                  ; n/a           ; n/a             ; n/a         ;
; HEX3[4]       ; 2.5 V        ; 0 in              ; 0 H/in                  ; 0 F/in                  ; short         ; -                   ; open           ; open             ; open   ; 0 in             ; 0 H/in                 ; 0 F/in                 ; short        ; open          ; open            ; open  ; 0 V                 ; -                  ; n/a           ; n/a             ; n/a         ;
; HEX3[5]       ; 2.5 V        ; 0 in              ; 0 H/in                  ; 0 F/in                  ; short         ; -                   ; open           ; open             ; open   ; 0 in             ; 0 H/in                 ; 0 F/in                 ; short        ; open          ; open            ; open  ; 0 V                 ; -                  ; n/a           ; n/a             ; n/a         ;
; HEX3[6]       ; 2.5 V        ; 0 in              ; 0 H/in                  ; 0 F/in                  ; short         ; -                   ; open           ; open             ; open   ; 0 in             ; 0 H/in                 ; 0 F/in                 ; short        ; open          ; open            ; open  ; 0 V                 ; -                  ; n/a           ; n/a             ; n/a         ;
; HEX4[0]       ; 2.5 V        ; 0 in              ; 0 H/in                  ; 0 F/in                  ; short         ; -                   ; open           ; open             ; open   ; 0 in             ; 0 H/in                 ; 0 F/in                 ; short        ; open          ; open            ; open  ; 0 V                 ; -                  ; n/a           ; n/a             ; n/a         ;
; HEX4[1]       ; 2.5 V        ; 0 in              ; 0 H/in                  ; 0 F/in                  ; short         ; -                   ; open           ; open             ; open   ; 0 in             ; 0 H/in                 ; 0 F/in                 ; short        ; open          ; open            ; open  ; 0 V                 ; -                  ; n/a           ; n/a             ; n/a         ;
; HEX4[2]       ; 2.5 V        ; 0 in              ; 0 H/in                  ; 0 F/in                  ; short         ; -                   ; open           ; open             ; open   ; 0 in             ; 0 H/in                 ; 0 F/in                 ; short        ; open          ; open            ; open  ; 0 V                 ; -                  ; n/a           ; n/a             ; n/a         ;
; HEX4[3]       ; 2.5 V        ; 0 in              ; 0 H/in                  ; 0 F/in                  ; short         ; -                   ; open           ; open             ; open   ; 0 in             ; 0 H/in                 ; 0 F/in                 ; short        ; open          ; open            ; open  ; 0 V                 ; -                  ; n/a           ; n/a             ; n/a         ;
; HEX4[4]       ; 2.5 V        ; 0 in              ; 0 H/in                  ; 0 F/in                  ; short         ; -                   ; open           ; open             ; open   ; 0 in             ; 0 H/in                 ; 0 F/in                 ; short        ; open          ; open            ; open  ; 0 V                 ; -                  ; n/a           ; n/a             ; n/a         ;
; HEX4[5]       ; 2.5 V        ; 0 in              ; 0 H/in                  ; 0 F/in                  ; short         ; -                   ; open           ; open             ; open   ; 0 in             ; 0 H/in                 ; 0 F/in                 ; short        ; open          ; open            ; open  ; 0 V                 ; -                  ; n/a           ; n/a             ; n/a         ;
; HEX4[6]       ; 2.5 V        ; 0 in              ; 0 H/in                  ; 0 F/in                  ; short         ; -                   ; open           ; open             ; open   ; 0 in             ; 0 H/in                 ; 0 F/in                 ; short        ; open          ; open            ; open  ; 0 V                 ; -                  ; n/a           ; n/a             ; n/a         ;
; HEX5[0]       ; 2.5 V        ; 0 in              ; 0 H/in                  ; 0 F/in                  ; short         ; -                   ; open           ; open             ; open   ; 0 in             ; 0 H/in                 ; 0 F/in                 ; short        ; open          ; open            ; open  ; 0 V                 ; -                  ; n/a           ; n/a             ; n/a         ;
; HEX5[1]       ; 2.5 V        ; 0 in              ; 0 H/in                  ; 0 F/in                  ; short         ; -                   ; open           ; open             ; open   ; 0 in             ; 0 H/in                 ; 0 F/in                 ; short        ; open          ; open            ; open  ; 0 V                 ; -                  ; n/a           ; n/a             ; n/a         ;
; HEX5[2]       ; 2.5 V        ; 0 in              ; 0 H/in                  ; 0 F/in                  ; short         ; -                   ; open           ; open             ; open   ; 0 in             ; 0 H/in                 ; 0 F/in                 ; short        ; open          ; open            ; open  ; 0 V                 ; -                  ; n/a           ; n/a             ; n/a         ;
; HEX5[3]       ; 2.5 V        ; 0 in              ; 0 H/in                  ; 0 F/in                  ; short         ; -                   ; open           ; open             ; open   ; 0 in             ; 0 H/in                 ; 0 F/in                 ; short        ; open          ; open            ; open  ; 0 V                 ; -                  ; n/a           ; n/a             ; n/a         ;
; HEX5[4]       ; 2.5 V        ; 0 in              ; 0 H/in                  ; 0 F/in                  ; short         ; -                   ; open           ; open             ; open   ; 0 in             ; 0 H/in                 ; 0 F/in                 ; short        ; open          ; open            ; open  ; 0 V                 ; -                  ; n/a           ; n/a             ; n/a         ;
; HEX5[5]       ; 2.5 V        ; 0 in              ; 0 H/in                  ; 0 F/in                  ; short         ; -                   ; open           ; open             ; open   ; 0 in             ; 0 H/in                 ; 0 F/in                 ; short        ; open          ; open            ; open  ; 0 V                 ; -                  ; n/a           ; n/a             ; n/a         ;
; HEX5[6]       ; 2.5 V        ; 0 in              ; 0 H/in                  ; 0 F/in                  ; short         ; -                   ; open           ; open             ; open   ; 0 in             ; 0 H/in                 ; 0 F/in                 ; short        ; open          ; open            ; open  ; 0 V                 ; -                  ; n/a           ; n/a             ; n/a         ;
; ~ALTERA_DCLK~ ; 2.5 V        ; 0 in              ; 0 H/in                  ; 0 F/in                  ; short         ; -                   ; open           ; open             ; open   ; 0 in             ; 0 H/in                 ; 0 F/in                 ; short        ; open          ; open            ; open  ; 0 V                 ; -                  ; n/a           ; n/a             ; n/a         ;
; ~ALTERA_nCEO~ ; 2.5 V        ; 0 in              ; 0 H/in                  ; 0 F/in                  ; short         ; -                   ; open           ; open             ; open   ; 0 in             ; 0 H/in                 ; 0 F/in                 ; short        ; open          ; open            ; open  ; 0 V                 ; -                  ; n/a           ; n/a             ; n/a         ;
+---------------+--------------+-------------------+-------------------------+-------------------------+---------------+---------------------+----------------+------------------+--------+------------------+------------------------+------------------------+--------------+---------------+-----------------+-------+---------------------+--------------------+---------------+-----------------+-------------+


+----------------------------------------------------------------------------+
; Input Transition Times                                                     ;
+-------------------------+--------------+-----------------+-----------------+
; Pin                     ; I/O Standard ; 10-90 Rise Time ; 90-10 Fall Time ;
+-------------------------+--------------+-----------------+-----------------+
; KEY[0]                  ; 2.5 V        ; 2000 ps         ; 2000 ps         ;
; CLOCK_50                ; 2.5 V        ; 2000 ps         ; 2000 ps         ;
; ~ALTERA_ASDO_DATA1~     ; 2.5 V        ; 2000 ps         ; 2000 ps         ;
; ~ALTERA_FLASH_nCE_nCSO~ ; 2.5 V        ; 2000 ps         ; 2000 ps         ;
; ~ALTERA_DATA0~          ; 2.5 V        ; 2000 ps         ; 2000 ps         ;
+-------------------------+--------------+-----------------+-----------------+


+--------------------------------------------------------------------------------------------------------------------------------------------------------------------------------------------------------------------------------------------------------------------------------------------------------------------------------------------------------------------------------------------------------------------------------------------------------------------------------------------------------------------------------------------------------------------------------------------------------------------------------------------------------------------------------------------+
; Signal Integrity Metrics (Slow 1200mv 0c Model)                                                                                                                                                                                                                                                                                                                                                                                                                                                                                                                                                                                                                                            ;
+---------------+--------------+---------------------+---------------------+------------------------------+------------------------------+---------------------+---------------------+--------------------------------------+--------------------------------------+-----------------------------+-----------------------------+----------------------------+----------------------------+-----------------------------+-----------------------------+--------------------+--------------------+-------------------------------------+-------------------------------------+----------------------------+----------------------------+---------------------------+---------------------------+
; Pin           ; I/O Standard ; Board Delay on Rise ; Board Delay on Fall ; Steady State Voh at FPGA Pin ; Steady State Vol at FPGA Pin ; Voh Max at FPGA Pin ; Vol Min at FPGA Pin ; Ringback Voltage on Rise at FPGA Pin ; Ringback Voltage on Fall at FPGA Pin ; 10-90 Rise Time at FPGA Pin ; 90-10 Fall Time at FPGA Pin ; Monotonic Rise at FPGA Pin ; Monotonic Fall at FPGA Pin ; Steady State Voh at Far-end ; Steady State Vol at Far-end ; Voh Max at Far-end ; Vol Min at Far-end ; Ringback Voltage on Rise at Far-end ; Ringback Voltage on Fall at Far-end ; 10-90 Rise Time at Far-end ; 90-10 Fall Time at Far-end ; Monotonic Rise at Far-end ; Monotonic Fall at Far-end ;
+---------------+--------------+---------------------+---------------------+------------------------------+------------------------------+---------------------+---------------------+--------------------------------------+--------------------------------------+-----------------------------+-----------------------------+----------------------------+----------------------------+-----------------------------+-----------------------------+--------------------+--------------------+-------------------------------------+-------------------------------------+----------------------------+----------------------------+---------------------------+---------------------------+
; HEX0[0]       ; 2.5 V        ; 0 s                 ; 0 s                 ; 2.32 V                       ; 4.49e-09 V                   ; 2.38 V              ; -0.00552 V          ; 0.096 V                              ; 0.019 V                              ; 4.18e-10 s                  ; 3.59e-10 s                  ; No                         ; Yes                        ; 2.32 V                      ; 4.49e-09 V                  ; 2.38 V             ; -0.00552 V         ; 0.096 V                             ; 0.019 V                             ; 4.18e-10 s                 ; 3.59e-10 s                 ; No                        ; Yes                       ;
; HEX0[1]       ; 2.5 V        ; 0 s                 ; 0 s                 ; 2.32 V                       ; 4.49e-09 V                   ; 2.33 V              ; -0.00467 V          ; 0.226 V                              ; 0.087 V                              ; 2.91e-09 s                  ; 2.74e-09 s                  ; Yes                        ; Yes                        ; 2.32 V                      ; 4.49e-09 V                  ; 2.33 V             ; -0.00467 V         ; 0.226 V                             ; 0.087 V                             ; 2.91e-09 s                 ; 2.74e-09 s                 ; Yes                       ; Yes                       ;
; HEX0[2]       ; 2.5 V        ; 0 s                 ; 0 s                 ; 2.32 V                       ; 4.49e-09 V                   ; 2.38 V              ; -0.00552 V          ; 0.096 V                              ; 0.019 V                              ; 4.18e-10 s                  ; 3.59e-10 s                  ; No                         ; Yes                        ; 2.32 V                      ; 4.49e-09 V                  ; 2.38 V             ; -0.00552 V         ; 0.096 V                             ; 0.019 V                             ; 4.18e-10 s                 ; 3.59e-10 s                 ; No                        ; Yes                       ;
; HEX0[3]       ; 2.5 V        ; 0 s                 ; 0 s                 ; 2.32 V                       ; 3.07e-09 V                   ; 2.38 V              ; -0.0144 V           ; 0.227 V                              ; 0.024 V                              ; 3.14e-10 s                  ; 3.39e-10 s                  ; Yes                        ; Yes                        ; 2.32 V                      ; 3.07e-09 V                  ; 2.38 V             ; -0.0144 V          ; 0.227 V                             ; 0.024 V                             ; 3.14e-10 s                 ; 3.39e-10 s                 ; Yes                       ; Yes                       ;
; HEX0[4]       ; 2.5 V        ; 0 s                 ; 0 s                 ; 2.32 V                       ; 3.07e-09 V                   ; 2.38 V              ; -0.0144 V           ; 0.227 V                              ; 0.024 V                              ; 3.14e-10 s                  ; 3.39e-10 s                  ; Yes                        ; Yes                        ; 2.32 V                      ; 3.07e-09 V                  ; 2.38 V             ; -0.0144 V          ; 0.227 V                             ; 0.024 V                             ; 3.14e-10 s                 ; 3.39e-10 s                 ; Yes                       ; Yes                       ;
; HEX0[5]       ; 2.5 V        ; 0 s                 ; 0 s                 ; 2.32 V                       ; 3.07e-09 V                   ; 2.33 V              ; -0.00496 V          ; 0.223 V                              ; 0.086 V                              ; 2.9e-09 s                   ; 2.73e-09 s                  ; Yes                        ; Yes                        ; 2.32 V                      ; 3.07e-09 V                  ; 2.33 V             ; -0.00496 V         ; 0.223 V                             ; 0.086 V                             ; 2.9e-09 s                  ; 2.73e-09 s                 ; Yes                       ; Yes                       ;
; HEX0[6]       ; 2.5 V        ; 0 s                 ; 0 s                 ; 2.32 V                       ; 3.07e-09 V                   ; 2.38 V              ; -0.0144 V           ; 0.227 V                              ; 0.024 V                              ; 3.14e-10 s                  ; 3.39e-10 s                  ; Yes                        ; Yes                        ; 2.32 V                      ; 3.07e-09 V                  ; 2.38 V             ; -0.0144 V          ; 0.227 V                             ; 0.024 V                             ; 3.14e-10 s                 ; 3.39e-10 s                 ; Yes                       ; Yes                       ;
; HEX1[0]       ; 2.5 V        ; 0 s                 ; 0 s                 ; 2.32 V                       ; 3.07e-09 V                   ; 2.38 V              ; -0.0144 V           ; 0.227 V                              ; 0.024 V                              ; 3.14e-10 s                  ; 3.39e-10 s                  ; Yes                        ; Yes                        ; 2.32 V                      ; 3.07e-09 V                  ; 2.38 V             ; -0.0144 V          ; 0.227 V                             ; 0.024 V                             ; 3.14e-10 s                 ; 3.39e-10 s                 ; Yes                       ; Yes                       ;
; HEX1[1]       ; 2.5 V        ; 0 s                 ; 0 s                 ; 2.32 V                       ; 3.07e-09 V                   ; 2.37 V              ; -0.00994 V          ; 0.186 V                              ; 0.028 V                              ; 4.98e-10 s                  ; 4.96e-10 s                  ; Yes                        ; Yes                        ; 2.32 V                      ; 3.07e-09 V                  ; 2.37 V             ; -0.00994 V         ; 0.186 V                             ; 0.028 V                             ; 4.98e-10 s                 ; 4.96e-10 s                 ; Yes                       ; Yes                       ;
; HEX1[2]       ; 2.5 V        ; 0 s                 ; 0 s                 ; 2.32 V                       ; 3.07e-09 V                   ; 2.37 V              ; -0.00994 V          ; 0.186 V                              ; 0.028 V                              ; 4.98e-10 s                  ; 4.96e-10 s                  ; Yes                        ; Yes                        ; 2.32 V                      ; 3.07e-09 V                  ; 2.37 V             ; -0.00994 V         ; 0.186 V                             ; 0.028 V                             ; 4.98e-10 s                 ; 4.96e-10 s                 ; Yes                       ; Yes                       ;
; HEX1[3]       ; 2.5 V        ; 0 s                 ; 0 s                 ; 2.32 V                       ; 3.07e-09 V                   ; 2.37 V              ; -0.00994 V          ; 0.186 V                              ; 0.028 V                              ; 4.98e-10 s                  ; 4.96e-10 s                  ; Yes                        ; Yes                        ; 2.32 V                      ; 3.07e-09 V                  ; 2.37 V             ; -0.00994 V         ; 0.186 V                             ; 0.028 V                             ; 4.98e-10 s                 ; 4.96e-10 s                 ; Yes                       ; Yes                       ;
; HEX1[4]       ; 2.5 V        ; 0 s                 ; 0 s                 ; 2.32 V                       ; 3.07e-09 V                   ; 2.37 V              ; -0.00994 V          ; 0.186 V                              ; 0.028 V                              ; 4.98e-10 s                  ; 4.96e-10 s                  ; Yes                        ; Yes                        ; 2.32 V                      ; 3.07e-09 V                  ; 2.37 V             ; -0.00994 V         ; 0.186 V                             ; 0.028 V                             ; 4.98e-10 s                 ; 4.96e-10 s                 ; Yes                       ; Yes                       ;
; HEX1[5]       ; 2.5 V        ; 0 s                 ; 0 s                 ; 2.32 V                       ; 3.07e-09 V                   ; 2.33 V              ; -0.00496 V          ; 0.223 V                              ; 0.086 V                              ; 2.9e-09 s                   ; 2.73e-09 s                  ; Yes                        ; Yes                        ; 2.32 V                      ; 3.07e-09 V                  ; 2.33 V             ; -0.00496 V         ; 0.223 V                             ; 0.086 V                             ; 2.9e-09 s                  ; 2.73e-09 s                 ; Yes                       ; Yes                       ;
; HEX1[6]       ; 2.5 V        ; 0 s                 ; 0 s                 ; 2.32 V                       ; 3.07e-09 V                   ; 2.33 V              ; -0.00496 V          ; 0.223 V                              ; 0.086 V                              ; 2.9e-09 s                   ; 2.73e-09 s                  ; Yes                        ; Yes                        ; 2.32 V                      ; 3.07e-09 V                  ; 2.33 V             ; -0.00496 V         ; 0.223 V                             ; 0.086 V                             ; 2.9e-09 s                  ; 2.73e-09 s                 ; Yes                       ; Yes                       ;
; HEX2[0]       ; 2.5 V        ; 0 s                 ; 0 s                 ; 2.32 V                       ; 3.07e-09 V                   ; 2.37 V              ; -0.00994 V          ; 0.186 V                              ; 0.028 V                              ; 4.98e-10 s                  ; 4.96e-10 s                  ; Yes                        ; Yes                        ; 2.32 V                      ; 3.07e-09 V                  ; 2.37 V             ; -0.00994 V         ; 0.186 V                             ; 0.028 V                             ; 4.98e-10 s                 ; 4.96e-10 s                 ; Yes                       ; Yes                       ;
; HEX2[1]       ; 2.5 V        ; 0 s                 ; 0 s                 ; 2.32 V                       ; 3.07e-09 V                   ; 2.37 V              ; -0.00994 V          ; 0.186 V                              ; 0.028 V                              ; 4.98e-10 s                  ; 4.96e-10 s                  ; Yes                        ; Yes                        ; 2.32 V                      ; 3.07e-09 V                  ; 2.37 V             ; -0.00994 V         ; 0.186 V                             ; 0.028 V                             ; 4.98e-10 s                 ; 4.96e-10 s                 ; Yes                       ; Yes                       ;
; HEX2[2]       ; 2.5 V        ; 0 s                 ; 0 s                 ; 2.32 V                       ; 3.07e-09 V                   ; 2.37 V              ; -0.00994 V          ; 0.186 V                              ; 0.028 V                              ; 4.98e-10 s                  ; 4.96e-10 s                  ; Yes                        ; Yes                        ; 2.32 V                      ; 3.07e-09 V                  ; 2.37 V             ; -0.00994 V         ; 0.186 V                             ; 0.028 V                             ; 4.98e-10 s                 ; 4.96e-10 s                 ; Yes                       ; Yes                       ;
; HEX2[3]       ; 2.5 V        ; 0 s                 ; 0 s                 ; 2.32 V                       ; 3.07e-09 V                   ; 2.37 V              ; -0.00994 V          ; 0.186 V                              ; 0.028 V                              ; 4.98e-10 s                  ; 4.96e-10 s                  ; Yes                        ; Yes                        ; 2.32 V                      ; 3.07e-09 V                  ; 2.37 V             ; -0.00994 V         ; 0.186 V                             ; 0.028 V                             ; 4.98e-10 s                 ; 4.96e-10 s                 ; Yes                       ; Yes                       ;
; HEX2[4]       ; 2.5 V        ; 0 s                 ; 0 s                 ; 2.32 V                       ; 3.07e-09 V                   ; 2.37 V              ; -0.00994 V          ; 0.186 V                              ; 0.028 V                              ; 4.98e-10 s                  ; 4.96e-10 s                  ; Yes                        ; Yes                        ; 2.32 V                      ; 3.07e-09 V                  ; 2.37 V             ; -0.00994 V         ; 0.186 V                             ; 0.028 V                             ; 4.98e-10 s                 ; 4.96e-10 s                 ; Yes                       ; Yes                       ;
; HEX2[5]       ; 2.5 V        ; 0 s                 ; 0 s                 ; 2.32 V                       ; 3.07e-09 V                   ; 2.37 V              ; -0.00994 V          ; 0.186 V                              ; 0.028 V                              ; 4.98e-10 s                  ; 4.96e-10 s                  ; Yes                        ; Yes                        ; 2.32 V                      ; 3.07e-09 V                  ; 2.37 V             ; -0.00994 V         ; 0.186 V                             ; 0.028 V                             ; 4.98e-10 s                 ; 4.96e-10 s                 ; Yes                       ; Yes                       ;
; HEX2[6]       ; 2.5 V        ; 0 s                 ; 0 s                 ; 2.32 V                       ; 3.07e-09 V                   ; 2.37 V              ; -0.00994 V          ; 0.186 V                              ; 0.028 V                              ; 4.98e-10 s                  ; 4.96e-10 s                  ; Yes                        ; Yes                        ; 2.32 V                      ; 3.07e-09 V                  ; 2.37 V             ; -0.00994 V         ; 0.186 V                             ; 0.028 V                             ; 4.98e-10 s                 ; 4.96e-10 s                 ; Yes                       ; Yes                       ;
; HEX3[0]       ; 2.5 V        ; 0 s                 ; 0 s                 ; 2.32 V                       ; 3.07e-09 V                   ; 2.37 V              ; -0.00994 V          ; 0.186 V                              ; 0.028 V                              ; 4.98e-10 s                  ; 4.96e-10 s                  ; Yes                        ; Yes                        ; 2.32 V                      ; 3.07e-09 V                  ; 2.37 V             ; -0.00994 V         ; 0.186 V                             ; 0.028 V                             ; 4.98e-10 s                 ; 4.96e-10 s                 ; Yes                       ; Yes                       ;
; HEX3[1]       ; 2.5 V        ; 0 s                 ; 0 s                 ; 2.32 V                       ; 3.07e-09 V                   ; 2.38 V              ; -0.0144 V           ; 0.227 V                              ; 0.024 V                              ; 3.14e-10 s                  ; 3.39e-10 s                  ; Yes                        ; Yes                        ; 2.32 V                      ; 3.07e-09 V                  ; 2.38 V             ; -0.0144 V          ; 0.227 V                             ; 0.024 V                             ; 3.14e-10 s                 ; 3.39e-10 s                 ; Yes                       ; Yes                       ;
; HEX3[2]       ; 2.5 V        ; 0 s                 ; 0 s                 ; 2.32 V                       ; 4.49e-09 V                   ; 2.33 V              ; -0.00467 V          ; 0.226 V                              ; 0.087 V                              ; 2.91e-09 s                  ; 2.74e-09 s                  ; Yes                        ; Yes                        ; 2.32 V                      ; 4.49e-09 V                  ; 2.33 V             ; -0.00467 V         ; 0.226 V                             ; 0.087 V                             ; 2.91e-09 s                 ; 2.74e-09 s                 ; Yes                       ; Yes                       ;
; HEX3[3]       ; 2.5 V        ; 0 s                 ; 0 s                 ; 2.32 V                       ; 4.49e-09 V                   ; 2.38 V              ; -0.00552 V          ; 0.096 V                              ; 0.019 V                              ; 4.18e-10 s                  ; 3.59e-10 s                  ; No                         ; Yes                        ; 2.32 V                      ; 4.49e-09 V                  ; 2.38 V             ; -0.00552 V         ; 0.096 V                             ; 0.019 V                             ; 4.18e-10 s                 ; 3.59e-10 s                 ; No                        ; Yes                       ;
; HEX3[4]       ; 2.5 V        ; 0 s                 ; 0 s                 ; 2.32 V                       ; 4.49e-09 V                   ; 2.38 V              ; -0.00552 V          ; 0.096 V                              ; 0.019 V                              ; 4.18e-10 s                  ; 3.59e-10 s                  ; No                         ; Yes                        ; 2.32 V                      ; 4.49e-09 V                  ; 2.38 V             ; -0.00552 V         ; 0.096 V                             ; 0.019 V                             ; 4.18e-10 s                 ; 3.59e-10 s                 ; No                        ; Yes                       ;
; HEX3[5]       ; 2.5 V        ; 0 s                 ; 0 s                 ; 2.32 V                       ; 4.49e-09 V                   ; 2.38 V              ; -0.00552 V          ; 0.096 V                              ; 0.019 V                              ; 4.18e-10 s                  ; 3.59e-10 s                  ; No                         ; Yes                        ; 2.32 V                      ; 4.49e-09 V                  ; 2.38 V             ; -0.00552 V         ; 0.096 V                             ; 0.019 V                             ; 4.18e-10 s                 ; 3.59e-10 s                 ; No                        ; Yes                       ;
; HEX3[6]       ; 2.5 V        ; 0 s                 ; 0 s                 ; 2.32 V                       ; 4.49e-09 V                   ; 2.38 V              ; -0.00552 V          ; 0.096 V                              ; 0.019 V                              ; 4.18e-10 s                  ; 3.59e-10 s                  ; No                         ; Yes                        ; 2.32 V                      ; 4.49e-09 V                  ; 2.38 V             ; -0.00552 V         ; 0.096 V                             ; 0.019 V                             ; 4.18e-10 s                 ; 3.59e-10 s                 ; No                        ; Yes                       ;
; HEX4[0]       ; 2.5 V        ; 0 s                 ; 0 s                 ; 2.32 V                       ; 4.49e-09 V                   ; 2.38 V              ; -0.00552 V          ; 0.096 V                              ; 0.019 V                              ; 4.18e-10 s                  ; 3.59e-10 s                  ; No                         ; Yes                        ; 2.32 V                      ; 4.49e-09 V                  ; 2.38 V             ; -0.00552 V         ; 0.096 V                             ; 0.019 V                             ; 4.18e-10 s                 ; 3.59e-10 s                 ; No                        ; Yes                       ;
; HEX4[1]       ; 2.5 V        ; 0 s                 ; 0 s                 ; 2.32 V                       ; 4.49e-09 V                   ; 2.38 V              ; -0.00552 V          ; 0.096 V                              ; 0.019 V                              ; 4.18e-10 s                  ; 3.59e-10 s                  ; No                         ; Yes                        ; 2.32 V                      ; 4.49e-09 V                  ; 2.38 V             ; -0.00552 V         ; 0.096 V                             ; 0.019 V                             ; 4.18e-10 s                 ; 3.59e-10 s                 ; No                        ; Yes                       ;
; HEX4[2]       ; 2.5 V        ; 0 s                 ; 0 s                 ; 2.32 V                       ; 4.49e-09 V                   ; 2.38 V              ; -0.00552 V          ; 0.096 V                              ; 0.019 V                              ; 4.18e-10 s                  ; 3.59e-10 s                  ; No                         ; Yes                        ; 2.32 V                      ; 4.49e-09 V                  ; 2.38 V             ; -0.00552 V         ; 0.096 V                             ; 0.019 V                             ; 4.18e-10 s                 ; 3.59e-10 s                 ; No                        ; Yes                       ;
; HEX4[3]       ; 2.5 V        ; 0 s                 ; 0 s                 ; 2.32 V                       ; 4.49e-09 V                   ; 2.38 V              ; -0.00552 V          ; 0.096 V                              ; 0.019 V                              ; 4.18e-10 s                  ; 3.59e-10 s                  ; No                         ; Yes                        ; 2.32 V                      ; 4.49e-09 V                  ; 2.38 V             ; -0.00552 V         ; 0.096 V                             ; 0.019 V                             ; 4.18e-10 s                 ; 3.59e-10 s                 ; No                        ; Yes                       ;
; HEX4[4]       ; 2.5 V        ; 0 s                 ; 0 s                 ; 2.32 V                       ; 4.49e-09 V                   ; 2.38 V              ; -0.00552 V          ; 0.096 V                              ; 0.019 V                              ; 4.18e-10 s                  ; 3.59e-10 s                  ; No                         ; Yes                        ; 2.32 V                      ; 4.49e-09 V                  ; 2.38 V             ; -0.00552 V         ; 0.096 V                             ; 0.019 V                             ; 4.18e-10 s                 ; 3.59e-10 s                 ; No                        ; Yes                       ;
; HEX4[5]       ; 2.5 V        ; 0 s                 ; 0 s                 ; 2.32 V                       ; 4.49e-09 V                   ; 2.38 V              ; -0.00552 V          ; 0.096 V                              ; 0.019 V                              ; 4.18e-10 s                  ; 3.59e-10 s                  ; No                         ; Yes                        ; 2.32 V                      ; 4.49e-09 V                  ; 2.38 V             ; -0.00552 V         ; 0.096 V                             ; 0.019 V                             ; 4.18e-10 s                 ; 3.59e-10 s                 ; No                        ; Yes                       ;
; HEX4[6]       ; 2.5 V        ; 0 s                 ; 0 s                 ; 2.32 V                       ; 4.49e-09 V                   ; 2.38 V              ; -0.00552 V          ; 0.096 V                              ; 0.019 V                              ; 4.18e-10 s                  ; 3.59e-10 s                  ; No                         ; Yes                        ; 2.32 V                      ; 4.49e-09 V                  ; 2.38 V             ; -0.00552 V         ; 0.096 V                             ; 0.019 V                             ; 4.18e-10 s                 ; 3.59e-10 s                 ; No                        ; Yes                       ;
; HEX5[0]       ; 2.5 V        ; 0 s                 ; 0 s                 ; 2.32 V                       ; 4.49e-09 V                   ; 2.38 V              ; -0.00552 V          ; 0.096 V                              ; 0.019 V                              ; 4.18e-10 s                  ; 3.59e-10 s                  ; No                         ; Yes                        ; 2.32 V                      ; 4.49e-09 V                  ; 2.38 V             ; -0.00552 V         ; 0.096 V                             ; 0.019 V                             ; 4.18e-10 s                 ; 3.59e-10 s                 ; No                        ; Yes                       ;
; HEX5[1]       ; 2.5 V        ; 0 s                 ; 0 s                 ; 2.32 V                       ; 4.49e-09 V                   ; 2.33 V              ; -0.00467 V          ; 0.226 V                              ; 0.087 V                              ; 2.91e-09 s                  ; 2.74e-09 s                  ; Yes                        ; Yes                        ; 2.32 V                      ; 4.49e-09 V                  ; 2.33 V             ; -0.00467 V         ; 0.226 V                             ; 0.087 V                             ; 2.91e-09 s                 ; 2.74e-09 s                 ; Yes                       ; Yes                       ;
; HEX5[2]       ; 2.5 V        ; 0 s                 ; 0 s                 ; 2.32 V                       ; 4.49e-09 V                   ; 2.38 V              ; -0.00552 V          ; 0.096 V                              ; 0.019 V                              ; 4.18e-10 s                  ; 3.59e-10 s                  ; No                         ; Yes                        ; 2.32 V                      ; 4.49e-09 V                  ; 2.38 V             ; -0.00552 V         ; 0.096 V                             ; 0.019 V                             ; 4.18e-10 s                 ; 3.59e-10 s                 ; No                        ; Yes                       ;
; HEX5[3]       ; 2.5 V        ; 0 s                 ; 0 s                 ; 2.32 V                       ; 4.49e-09 V                   ; 2.38 V              ; -0.00552 V          ; 0.096 V                              ; 0.019 V                              ; 4.18e-10 s                  ; 3.59e-10 s                  ; No                         ; Yes                        ; 2.32 V                      ; 4.49e-09 V                  ; 2.38 V             ; -0.00552 V         ; 0.096 V                             ; 0.019 V                             ; 4.18e-10 s                 ; 3.59e-10 s                 ; No                        ; Yes                       ;
; HEX5[4]       ; 2.5 V        ; 0 s                 ; 0 s                 ; 2.32 V                       ; 4.49e-09 V                   ; 2.38 V              ; -0.00552 V          ; 0.096 V                              ; 0.019 V                              ; 4.18e-10 s                  ; 3.59e-10 s                  ; No                         ; Yes                        ; 2.32 V                      ; 4.49e-09 V                  ; 2.38 V             ; -0.00552 V         ; 0.096 V                             ; 0.019 V                             ; 4.18e-10 s                 ; 3.59e-10 s                 ; No                        ; Yes                       ;
; HEX5[5]       ; 2.5 V        ; 0 s                 ; 0 s                 ; 2.32 V                       ; 4.49e-09 V                   ; 2.38 V              ; -0.00552 V          ; 0.096 V                              ; 0.019 V                              ; 4.18e-10 s                  ; 3.59e-10 s                  ; No                         ; Yes                        ; 2.32 V                      ; 4.49e-09 V                  ; 2.38 V             ; -0.00552 V         ; 0.096 V                             ; 0.019 V                             ; 4.18e-10 s                 ; 3.59e-10 s                 ; No                        ; Yes                       ;
; HEX5[6]       ; 2.5 V        ; 0 s                 ; 0 s                 ; 2.32 V                       ; 4.49e-09 V                   ; 2.38 V              ; -0.00552 V          ; 0.096 V                              ; 0.019 V                              ; 4.18e-10 s                  ; 3.59e-10 s                  ; No                         ; Yes                        ; 2.32 V                      ; 4.49e-09 V                  ; 2.38 V             ; -0.00552 V         ; 0.096 V                             ; 0.019 V                             ; 4.18e-10 s                 ; 3.59e-10 s                 ; No                        ; Yes                       ;
; ~ALTERA_DCLK~ ; 2.5 V        ; 0 s                 ; 0 s                 ; 2.32 V                       ; 2.67e-09 V                   ; 2.38 V              ; -0.0485 V           ; 0.167 V                              ; 0.096 V                              ; 2.95e-10 s                  ; 2.73e-10 s                  ; Yes                        ; Yes                        ; 2.32 V                      ; 2.67e-09 V                  ; 2.38 V             ; -0.0485 V          ; 0.167 V                             ; 0.096 V                             ; 2.95e-10 s                 ; 2.73e-10 s                 ; Yes                       ; Yes                       ;
; ~ALTERA_nCEO~ ; 2.5 V        ; 0 s                 ; 0 s                 ; 2.32 V                       ; 4.18e-09 V                   ; 2.38 V              ; -0.00483 V          ; 0.152 V                              ; 0.012 V                              ; 4.81e-10 s                  ; 6.29e-10 s                  ; Yes                        ; Yes                        ; 2.32 V                      ; 4.18e-09 V                  ; 2.38 V             ; -0.00483 V         ; 0.152 V                             ; 0.012 V                             ; 4.81e-10 s                 ; 6.29e-10 s                 ; Yes                       ; Yes                       ;
+---------------+--------------+---------------------+---------------------+------------------------------+------------------------------+---------------------+---------------------+--------------------------------------+--------------------------------------+-----------------------------+-----------------------------+----------------------------+----------------------------+-----------------------------+-----------------------------+--------------------+--------------------+-------------------------------------+-------------------------------------+----------------------------+----------------------------+---------------------------+---------------------------+


+--------------------------------------------------------------------------------------------------------------------------------------------------------------------------------------------------------------------------------------------------------------------------------------------------------------------------------------------------------------------------------------------------------------------------------------------------------------------------------------------------------------------------------------------------------------------------------------------------------------------------------------------------------------------------------------------+
; Signal Integrity Metrics (Slow 1200mv 85c Model)                                                                                                                                                                                                                                                                                                                                                                                                                                                                                                                                                                                                                                           ;
+---------------+--------------+---------------------+---------------------+------------------------------+------------------------------+---------------------+---------------------+--------------------------------------+--------------------------------------+-----------------------------+-----------------------------+----------------------------+----------------------------+-----------------------------+-----------------------------+--------------------+--------------------+-------------------------------------+-------------------------------------+----------------------------+----------------------------+---------------------------+---------------------------+
; Pin           ; I/O Standard ; Board Delay on Rise ; Board Delay on Fall ; Steady State Voh at FPGA Pin ; Steady State Vol at FPGA Pin ; Voh Max at FPGA Pin ; Vol Min at FPGA Pin ; Ringback Voltage on Rise at FPGA Pin ; Ringback Voltage on Fall at FPGA Pin ; 10-90 Rise Time at FPGA Pin ; 90-10 Fall Time at FPGA Pin ; Monotonic Rise at FPGA Pin ; Monotonic Fall at FPGA Pin ; Steady State Voh at Far-end ; Steady State Vol at Far-end ; Voh Max at Far-end ; Vol Min at Far-end ; Ringback Voltage on Rise at Far-end ; Ringback Voltage on Fall at Far-end ; 10-90 Rise Time at Far-end ; 90-10 Fall Time at Far-end ; Monotonic Rise at Far-end ; Monotonic Fall at Far-end ;
+---------------+--------------+---------------------+---------------------+------------------------------+------------------------------+---------------------+---------------------+--------------------------------------+--------------------------------------+-----------------------------+-----------------------------+----------------------------+----------------------------+-----------------------------+-----------------------------+--------------------+--------------------+-------------------------------------+-------------------------------------+----------------------------+----------------------------+---------------------------+---------------------------+
; HEX0[0]       ; 2.5 V        ; 0 s                 ; 0 s                 ; 2.32 V                       ; 6.92e-07 V                   ; 2.35 V              ; -0.00996 V          ; 0.121 V                              ; 0.03 V                               ; 4.64e-10 s                  ; 4.47e-10 s                  ; Yes                        ; Yes                        ; 2.32 V                      ; 6.92e-07 V                  ; 2.35 V             ; -0.00996 V         ; 0.121 V                             ; 0.03 V                              ; 4.64e-10 s                 ; 4.47e-10 s                 ; Yes                       ; Yes                       ;
; HEX0[1]       ; 2.5 V        ; 0 s                 ; 0 s                 ; 2.32 V                       ; 6.92e-07 V                   ; 2.33 V              ; -0.00265 V          ; 0.133 V                              ; 0.056 V                              ; 3.55e-09 s                  ; 3.31e-09 s                  ; Yes                        ; Yes                        ; 2.32 V                      ; 6.92e-07 V                  ; 2.33 V             ; -0.00265 V         ; 0.133 V                             ; 0.056 V                             ; 3.55e-09 s                 ; 3.31e-09 s                 ; Yes                       ; Yes                       ;
; HEX0[2]       ; 2.5 V        ; 0 s                 ; 0 s                 ; 2.32 V                       ; 6.92e-07 V                   ; 2.35 V              ; -0.00996 V          ; 0.121 V                              ; 0.03 V                               ; 4.64e-10 s                  ; 4.47e-10 s                  ; Yes                        ; Yes                        ; 2.32 V                      ; 6.92e-07 V                  ; 2.35 V             ; -0.00996 V         ; 0.121 V                             ; 0.03 V                              ; 4.64e-10 s                 ; 4.47e-10 s                 ; Yes                       ; Yes                       ;
; HEX0[3]       ; 2.5 V        ; 0 s                 ; 0 s                 ; 2.32 V                       ; 4.67e-07 V                   ; 2.36 V              ; -0.00552 V          ; 0.11 V                               ; 0.007 V                              ; 4.54e-10 s                  ; 4.35e-10 s                  ; Yes                        ; Yes                        ; 2.32 V                      ; 4.67e-07 V                  ; 2.36 V             ; -0.00552 V         ; 0.11 V                              ; 0.007 V                             ; 4.54e-10 s                 ; 4.35e-10 s                 ; Yes                       ; Yes                       ;
; HEX0[4]       ; 2.5 V        ; 0 s                 ; 0 s                 ; 2.32 V                       ; 4.67e-07 V                   ; 2.36 V              ; -0.00552 V          ; 0.11 V                               ; 0.007 V                              ; 4.54e-10 s                  ; 4.35e-10 s                  ; Yes                        ; Yes                        ; 2.32 V                      ; 4.67e-07 V                  ; 2.36 V             ; -0.00552 V         ; 0.11 V                              ; 0.007 V                             ; 4.54e-10 s                 ; 4.35e-10 s                 ; Yes                       ; Yes                       ;
; HEX0[5]       ; 2.5 V        ; 0 s                 ; 0 s                 ; 2.32 V                       ; 4.67e-07 V                   ; 2.33 V              ; -0.00269 V          ; 0.13 V                               ; 0.055 V                              ; 3.54e-09 s                  ; 3.29e-09 s                  ; Yes                        ; Yes                        ; 2.32 V                      ; 4.67e-07 V                  ; 2.33 V             ; -0.00269 V         ; 0.13 V                              ; 0.055 V                             ; 3.54e-09 s                 ; 3.29e-09 s                 ; Yes                       ; Yes                       ;
; HEX0[6]       ; 2.5 V        ; 0 s                 ; 0 s                 ; 2.32 V                       ; 4.67e-07 V                   ; 2.36 V              ; -0.00552 V          ; 0.11 V                               ; 0.007 V                              ; 4.54e-10 s                  ; 4.35e-10 s                  ; Yes                        ; Yes                        ; 2.32 V                      ; 4.67e-07 V                  ; 2.36 V             ; -0.00552 V         ; 0.11 V                              ; 0.007 V                             ; 4.54e-10 s                 ; 4.35e-10 s                 ; Yes                       ; Yes                       ;
; HEX1[0]       ; 2.5 V        ; 0 s                 ; 0 s                 ; 2.32 V                       ; 4.67e-07 V                   ; 2.36 V              ; -0.00552 V          ; 0.11 V                               ; 0.007 V                              ; 4.54e-10 s                  ; 4.35e-10 s                  ; Yes                        ; Yes                        ; 2.32 V                      ; 4.67e-07 V                  ; 2.36 V             ; -0.00552 V         ; 0.11 V                              ; 0.007 V                             ; 4.54e-10 s                 ; 4.35e-10 s                 ; Yes                       ; Yes                       ;
; HEX1[1]       ; 2.5 V        ; 0 s                 ; 0 s                 ; 2.32 V                       ; 4.67e-07 V                   ; 2.35 V              ; -0.00942 V          ; 0.116 V                              ; 0.033 V                              ; 6.66e-10 s                  ; 6.27e-10 s                  ; Yes                        ; Yes                        ; 2.32 V                      ; 4.67e-07 V                  ; 2.35 V             ; -0.00942 V         ; 0.116 V                             ; 0.033 V                             ; 6.66e-10 s                 ; 6.27e-10 s                 ; Yes                       ; Yes                       ;
; HEX1[2]       ; 2.5 V        ; 0 s                 ; 0 s                 ; 2.32 V                       ; 4.67e-07 V                   ; 2.35 V              ; -0.00942 V          ; 0.116 V                              ; 0.033 V                              ; 6.66e-10 s                  ; 6.27e-10 s                  ; Yes                        ; Yes                        ; 2.32 V                      ; 4.67e-07 V                  ; 2.35 V             ; -0.00942 V         ; 0.116 V                             ; 0.033 V                             ; 6.66e-10 s                 ; 6.27e-10 s                 ; Yes                       ; Yes                       ;
; HEX1[3]       ; 2.5 V        ; 0 s                 ; 0 s                 ; 2.32 V                       ; 4.67e-07 V                   ; 2.35 V              ; -0.00942 V          ; 0.116 V                              ; 0.033 V                              ; 6.66e-10 s                  ; 6.27e-10 s                  ; Yes                        ; Yes                        ; 2.32 V                      ; 4.67e-07 V                  ; 2.35 V             ; -0.00942 V         ; 0.116 V                             ; 0.033 V                             ; 6.66e-10 s                 ; 6.27e-10 s                 ; Yes                       ; Yes                       ;
; HEX1[4]       ; 2.5 V        ; 0 s                 ; 0 s                 ; 2.32 V                       ; 4.67e-07 V                   ; 2.35 V              ; -0.00942 V          ; 0.116 V                              ; 0.033 V                              ; 6.66e-10 s                  ; 6.27e-10 s                  ; Yes                        ; Yes                        ; 2.32 V                      ; 4.67e-07 V                  ; 2.35 V             ; -0.00942 V         ; 0.116 V                             ; 0.033 V                             ; 6.66e-10 s                 ; 6.27e-10 s                 ; Yes                       ; Yes                       ;
; HEX1[5]       ; 2.5 V        ; 0 s                 ; 0 s                 ; 2.32 V                       ; 4.67e-07 V                   ; 2.33 V              ; -0.00269 V          ; 0.13 V                               ; 0.055 V                              ; 3.54e-09 s                  ; 3.29e-09 s                  ; Yes                        ; Yes                        ; 2.32 V                      ; 4.67e-07 V                  ; 2.33 V             ; -0.00269 V         ; 0.13 V                              ; 0.055 V                             ; 3.54e-09 s                 ; 3.29e-09 s                 ; Yes                       ; Yes                       ;
; HEX1[6]       ; 2.5 V        ; 0 s                 ; 0 s                 ; 2.32 V                       ; 4.67e-07 V                   ; 2.33 V              ; -0.00269 V          ; 0.13 V                               ; 0.055 V                              ; 3.54e-09 s                  ; 3.29e-09 s                  ; Yes                        ; Yes                        ; 2.32 V                      ; 4.67e-07 V                  ; 2.33 V             ; -0.00269 V         ; 0.13 V                              ; 0.055 V                             ; 3.54e-09 s                 ; 3.29e-09 s                 ; Yes                       ; Yes                       ;
; HEX2[0]       ; 2.5 V        ; 0 s                 ; 0 s                 ; 2.32 V                       ; 4.67e-07 V                   ; 2.35 V              ; -0.00942 V          ; 0.116 V                              ; 0.033 V                              ; 6.66e-10 s                  ; 6.27e-10 s                  ; Yes                        ; Yes                        ; 2.32 V                      ; 4.67e-07 V                  ; 2.35 V             ; -0.00942 V         ; 0.116 V                             ; 0.033 V                             ; 6.66e-10 s                 ; 6.27e-10 s                 ; Yes                       ; Yes                       ;
; HEX2[1]       ; 2.5 V        ; 0 s                 ; 0 s                 ; 2.32 V                       ; 4.67e-07 V                   ; 2.35 V              ; -0.00942 V          ; 0.116 V                              ; 0.033 V                              ; 6.66e-10 s                  ; 6.27e-10 s                  ; Yes                        ; Yes                        ; 2.32 V                      ; 4.67e-07 V                  ; 2.35 V             ; -0.00942 V         ; 0.116 V                             ; 0.033 V                             ; 6.66e-10 s                 ; 6.27e-10 s                 ; Yes                       ; Yes                       ;
; HEX2[2]       ; 2.5 V        ; 0 s                 ; 0 s                 ; 2.32 V                       ; 4.67e-07 V                   ; 2.35 V              ; -0.00942 V          ; 0.116 V                              ; 0.033 V                              ; 6.66e-10 s                  ; 6.27e-10 s                  ; Yes                        ; Yes                        ; 2.32 V                      ; 4.67e-07 V                  ; 2.35 V             ; -0.00942 V         ; 0.116 V                             ; 0.033 V                             ; 6.66e-10 s                 ; 6.27e-10 s                 ; Yes                       ; Yes                       ;
; HEX2[3]       ; 2.5 V        ; 0 s                 ; 0 s                 ; 2.32 V                       ; 4.67e-07 V                   ; 2.35 V              ; -0.00942 V          ; 0.116 V                              ; 0.033 V                              ; 6.66e-10 s                  ; 6.27e-10 s                  ; Yes                        ; Yes                        ; 2.32 V                      ; 4.67e-07 V                  ; 2.35 V             ; -0.00942 V         ; 0.116 V                             ; 0.033 V                             ; 6.66e-10 s                 ; 6.27e-10 s                 ; Yes                       ; Yes                       ;
; HEX2[4]       ; 2.5 V        ; 0 s                 ; 0 s                 ; 2.32 V                       ; 4.67e-07 V                   ; 2.35 V              ; -0.00942 V          ; 0.116 V                              ; 0.033 V                              ; 6.66e-10 s                  ; 6.27e-10 s                  ; Yes                        ; Yes                        ; 2.32 V                      ; 4.67e-07 V                  ; 2.35 V             ; -0.00942 V         ; 0.116 V                             ; 0.033 V                             ; 6.66e-10 s                 ; 6.27e-10 s                 ; Yes                       ; Yes                       ;
; HEX2[5]       ; 2.5 V        ; 0 s                 ; 0 s                 ; 2.32 V                       ; 4.67e-07 V                   ; 2.35 V              ; -0.00942 V          ; 0.116 V                              ; 0.033 V                              ; 6.66e-10 s                  ; 6.27e-10 s                  ; Yes                        ; Yes                        ; 2.32 V                      ; 4.67e-07 V                  ; 2.35 V             ; -0.00942 V         ; 0.116 V                             ; 0.033 V                             ; 6.66e-10 s                 ; 6.27e-10 s                 ; Yes                       ; Yes                       ;
; HEX2[6]       ; 2.5 V        ; 0 s                 ; 0 s                 ; 2.32 V                       ; 4.67e-07 V                   ; 2.35 V              ; -0.00942 V          ; 0.116 V                              ; 0.033 V                              ; 6.66e-10 s                  ; 6.27e-10 s                  ; Yes                        ; Yes                        ; 2.32 V                      ; 4.67e-07 V                  ; 2.35 V             ; -0.00942 V         ; 0.116 V                             ; 0.033 V                             ; 6.66e-10 s                 ; 6.27e-10 s                 ; Yes                       ; Yes                       ;
; HEX3[0]       ; 2.5 V        ; 0 s                 ; 0 s                 ; 2.32 V                       ; 4.67e-07 V                   ; 2.35 V              ; -0.00942 V          ; 0.116 V                              ; 0.033 V                              ; 6.66e-10 s                  ; 6.27e-10 s                  ; Yes                        ; Yes                        ; 2.32 V                      ; 4.67e-07 V                  ; 2.35 V             ; -0.00942 V         ; 0.116 V                             ; 0.033 V                             ; 6.66e-10 s                 ; 6.27e-10 s                 ; Yes                       ; Yes                       ;
; HEX3[1]       ; 2.5 V        ; 0 s                 ; 0 s                 ; 2.32 V                       ; 4.67e-07 V                   ; 2.36 V              ; -0.00552 V          ; 0.11 V                               ; 0.007 V                              ; 4.54e-10 s                  ; 4.35e-10 s                  ; Yes                        ; Yes                        ; 2.32 V                      ; 4.67e-07 V                  ; 2.36 V             ; -0.00552 V         ; 0.11 V                              ; 0.007 V                             ; 4.54e-10 s                 ; 4.35e-10 s                 ; Yes                       ; Yes                       ;
; HEX3[2]       ; 2.5 V        ; 0 s                 ; 0 s                 ; 2.32 V                       ; 6.92e-07 V                   ; 2.33 V              ; -0.00265 V          ; 0.133 V                              ; 0.056 V                              ; 3.55e-09 s                  ; 3.31e-09 s                  ; Yes                        ; Yes                        ; 2.32 V                      ; 6.92e-07 V                  ; 2.33 V             ; -0.00265 V         ; 0.133 V                             ; 0.056 V                             ; 3.55e-09 s                 ; 3.31e-09 s                 ; Yes                       ; Yes                       ;
; HEX3[3]       ; 2.5 V        ; 0 s                 ; 0 s                 ; 2.32 V                       ; 6.92e-07 V                   ; 2.35 V              ; -0.00996 V          ; 0.121 V                              ; 0.03 V                               ; 4.64e-10 s                  ; 4.47e-10 s                  ; Yes                        ; Yes                        ; 2.32 V                      ; 6.92e-07 V                  ; 2.35 V             ; -0.00996 V         ; 0.121 V                             ; 0.03 V                              ; 4.64e-10 s                 ; 4.47e-10 s                 ; Yes                       ; Yes                       ;
; HEX3[4]       ; 2.5 V        ; 0 s                 ; 0 s                 ; 2.32 V                       ; 6.92e-07 V                   ; 2.35 V              ; -0.00996 V          ; 0.121 V                              ; 0.03 V                               ; 4.64e-10 s                  ; 4.47e-10 s                  ; Yes                        ; Yes                        ; 2.32 V                      ; 6.92e-07 V                  ; 2.35 V             ; -0.00996 V         ; 0.121 V                             ; 0.03 V                              ; 4.64e-10 s                 ; 4.47e-10 s                 ; Yes                       ; Yes                       ;
; HEX3[5]       ; 2.5 V        ; 0 s                 ; 0 s                 ; 2.32 V                       ; 6.92e-07 V                   ; 2.35 V              ; -0.00996 V          ; 0.121 V                              ; 0.03 V                               ; 4.64e-10 s                  ; 4.47e-10 s                  ; Yes                        ; Yes                        ; 2.32 V                      ; 6.92e-07 V                  ; 2.35 V             ; -0.00996 V         ; 0.121 V                             ; 0.03 V                              ; 4.64e-10 s                 ; 4.47e-10 s                 ; Yes                       ; Yes                       ;
; HEX3[6]       ; 2.5 V        ; 0 s                 ; 0 s                 ; 2.32 V                       ; 6.92e-07 V                   ; 2.35 V              ; -0.00996 V          ; 0.121 V                              ; 0.03 V                               ; 4.64e-10 s                  ; 4.47e-10 s                  ; Yes                        ; Yes                        ; 2.32 V                      ; 6.92e-07 V                  ; 2.35 V             ; -0.00996 V         ; 0.121 V                             ; 0.03 V                              ; 4.64e-10 s                 ; 4.47e-10 s                 ; Yes                       ; Yes                       ;
; HEX4[0]       ; 2.5 V        ; 0 s                 ; 0 s                 ; 2.32 V                       ; 6.92e-07 V                   ; 2.35 V              ; -0.00996 V          ; 0.121 V                              ; 0.03 V                               ; 4.64e-10 s                  ; 4.47e-10 s                  ; Yes                        ; Yes                        ; 2.32 V                      ; 6.92e-07 V                  ; 2.35 V             ; -0.00996 V         ; 0.121 V                             ; 0.03 V                              ; 4.64e-10 s                 ; 4.47e-10 s                 ; Yes                       ; Yes                       ;
; HEX4[1]       ; 2.5 V        ; 0 s                 ; 0 s                 ; 2.32 V                       ; 6.92e-07 V                   ; 2.35 V              ; -0.00996 V          ; 0.121 V                              ; 0.03 V                               ; 4.64e-10 s                  ; 4.47e-10 s                  ; Yes                        ; Yes                        ; 2.32 V                      ; 6.92e-07 V                  ; 2.35 V             ; -0.00996 V         ; 0.121 V                             ; 0.03 V                              ; 4.64e-10 s                 ; 4.47e-10 s                 ; Yes                       ; Yes                       ;
; HEX4[2]       ; 2.5 V        ; 0 s                 ; 0 s                 ; 2.32 V                       ; 6.92e-07 V                   ; 2.35 V              ; -0.00996 V          ; 0.121 V                              ; 0.03 V                               ; 4.64e-10 s                  ; 4.47e-10 s                  ; Yes                        ; Yes                        ; 2.32 V                      ; 6.92e-07 V                  ; 2.35 V             ; -0.00996 V         ; 0.121 V                             ; 0.03 V                              ; 4.64e-10 s                 ; 4.47e-10 s                 ; Yes                       ; Yes                       ;
; HEX4[3]       ; 2.5 V        ; 0 s                 ; 0 s                 ; 2.32 V                       ; 6.92e-07 V                   ; 2.35 V              ; -0.00996 V          ; 0.121 V                              ; 0.03 V                               ; 4.64e-10 s                  ; 4.47e-10 s                  ; Yes                        ; Yes                        ; 2.32 V                      ; 6.92e-07 V                  ; 2.35 V             ; -0.00996 V         ; 0.121 V                             ; 0.03 V                              ; 4.64e-10 s                 ; 4.47e-10 s                 ; Yes                       ; Yes                       ;
; HEX4[4]       ; 2.5 V        ; 0 s                 ; 0 s                 ; 2.32 V                       ; 6.92e-07 V                   ; 2.35 V              ; -0.00996 V          ; 0.121 V                              ; 0.03 V                               ; 4.64e-10 s                  ; 4.47e-10 s                  ; Yes                        ; Yes                        ; 2.32 V                      ; 6.92e-07 V                  ; 2.35 V             ; -0.00996 V         ; 0.121 V                             ; 0.03 V                              ; 4.64e-10 s                 ; 4.47e-10 s                 ; Yes                       ; Yes                       ;
; HEX4[5]       ; 2.5 V        ; 0 s                 ; 0 s                 ; 2.32 V                       ; 6.92e-07 V                   ; 2.35 V              ; -0.00996 V          ; 0.121 V                              ; 0.03 V                               ; 4.64e-10 s                  ; 4.47e-10 s                  ; Yes                        ; Yes                        ; 2.32 V                      ; 6.92e-07 V                  ; 2.35 V             ; -0.00996 V         ; 0.121 V                             ; 0.03 V                              ; 4.64e-10 s                 ; 4.47e-10 s                 ; Yes                       ; Yes                       ;
; HEX4[6]       ; 2.5 V        ; 0 s                 ; 0 s                 ; 2.32 V                       ; 6.92e-07 V                   ; 2.35 V              ; -0.00996 V          ; 0.121 V                              ; 0.03 V                               ; 4.64e-10 s                  ; 4.47e-10 s                  ; Yes                        ; Yes                        ; 2.32 V                      ; 6.92e-07 V                  ; 2.35 V             ; -0.00996 V         ; 0.121 V                             ; 0.03 V                              ; 4.64e-10 s                 ; 4.47e-10 s                 ; Yes                       ; Yes                       ;
; HEX5[0]       ; 2.5 V        ; 0 s                 ; 0 s                 ; 2.32 V                       ; 6.92e-07 V                   ; 2.35 V              ; -0.00996 V          ; 0.121 V                              ; 0.03 V                               ; 4.64e-10 s                  ; 4.47e-10 s                  ; Yes                        ; Yes                        ; 2.32 V                      ; 6.92e-07 V                  ; 2.35 V             ; -0.00996 V         ; 0.121 V                             ; 0.03 V                              ; 4.64e-10 s                 ; 4.47e-10 s                 ; Yes                       ; Yes                       ;
; HEX5[1]       ; 2.5 V        ; 0 s                 ; 0 s                 ; 2.32 V                       ; 6.92e-07 V                   ; 2.33 V              ; -0.00265 V          ; 0.133 V                              ; 0.056 V                              ; 3.55e-09 s                  ; 3.31e-09 s                  ; Yes                        ; Yes                        ; 2.32 V                      ; 6.92e-07 V                  ; 2.33 V             ; -0.00265 V         ; 0.133 V                             ; 0.056 V                             ; 3.55e-09 s                 ; 3.31e-09 s                 ; Yes                       ; Yes                       ;
; HEX5[2]       ; 2.5 V        ; 0 s                 ; 0 s                 ; 2.32 V                       ; 6.92e-07 V                   ; 2.35 V              ; -0.00996 V          ; 0.121 V                              ; 0.03 V                               ; 4.64e-10 s                  ; 4.47e-10 s                  ; Yes                        ; Yes                        ; 2.32 V                      ; 6.92e-07 V                  ; 2.35 V             ; -0.00996 V         ; 0.121 V                             ; 0.03 V                              ; 4.64e-10 s                 ; 4.47e-10 s                 ; Yes                       ; Yes                       ;
; HEX5[3]       ; 2.5 V        ; 0 s                 ; 0 s                 ; 2.32 V                       ; 6.92e-07 V                   ; 2.35 V              ; -0.00996 V          ; 0.121 V                              ; 0.03 V                               ; 4.64e-10 s                  ; 4.47e-10 s                  ; Yes                        ; Yes                        ; 2.32 V                      ; 6.92e-07 V                  ; 2.35 V             ; -0.00996 V         ; 0.121 V                             ; 0.03 V                              ; 4.64e-10 s                 ; 4.47e-10 s                 ; Yes                       ; Yes                       ;
; HEX5[4]       ; 2.5 V        ; 0 s                 ; 0 s                 ; 2.32 V                       ; 6.92e-07 V                   ; 2.35 V              ; -0.00996 V          ; 0.121 V                              ; 0.03 V                               ; 4.64e-10 s                  ; 4.47e-10 s                  ; Yes                        ; Yes                        ; 2.32 V                      ; 6.92e-07 V                  ; 2.35 V             ; -0.00996 V         ; 0.121 V                             ; 0.03 V                              ; 4.64e-10 s                 ; 4.47e-10 s                 ; Yes                       ; Yes                       ;
; HEX5[5]       ; 2.5 V        ; 0 s                 ; 0 s                 ; 2.32 V                       ; 6.92e-07 V                   ; 2.35 V              ; -0.00996 V          ; 0.121 V                              ; 0.03 V                               ; 4.64e-10 s                  ; 4.47e-10 s                  ; Yes                        ; Yes                        ; 2.32 V                      ; 6.92e-07 V                  ; 2.35 V             ; -0.00996 V         ; 0.121 V                             ; 0.03 V                              ; 4.64e-10 s                 ; 4.47e-10 s                 ; Yes                       ; Yes                       ;
; HEX5[6]       ; 2.5 V        ; 0 s                 ; 0 s                 ; 2.32 V                       ; 6.92e-07 V                   ; 2.35 V              ; -0.00996 V          ; 0.121 V                              ; 0.03 V                               ; 4.64e-10 s                  ; 4.47e-10 s                  ; Yes                        ; Yes                        ; 2.32 V                      ; 6.92e-07 V                  ; 2.35 V             ; -0.00996 V         ; 0.121 V                             ; 0.03 V                              ; 4.64e-10 s                 ; 4.47e-10 s                 ; Yes                       ; Yes                       ;
; ~ALTERA_DCLK~ ; 2.5 V        ; 0 s                 ; 0 s                 ; 2.32 V                       ; 3.75e-07 V                   ; 2.35 V              ; -0.0109 V           ; 0.084 V                              ; 0.027 V                              ; 4.31e-10 s                  ; 3.61e-10 s                  ; Yes                        ; Yes                        ; 2.32 V                      ; 3.75e-07 V                  ; 2.35 V             ; -0.0109 V          ; 0.084 V                             ; 0.027 V                             ; 4.31e-10 s                 ; 3.61e-10 s                 ; Yes                       ; Yes                       ;
; ~ALTERA_nCEO~ ; 2.5 V        ; 0 s                 ; 0 s                 ; 2.32 V                       ; 6.15e-07 V                   ; 2.35 V              ; -0.00712 V          ; 0.093 V                              ; 0.02 V                               ; 6.21e-10 s                  ; 7.9e-10 s                   ; Yes                        ; Yes                        ; 2.32 V                      ; 6.15e-07 V                  ; 2.35 V             ; -0.00712 V         ; 0.093 V                             ; 0.02 V                              ; 6.21e-10 s                 ; 7.9e-10 s                  ; Yes                       ; Yes                       ;
+---------------+--------------+---------------------+---------------------+------------------------------+------------------------------+---------------------+---------------------+--------------------------------------+--------------------------------------+-----------------------------+-----------------------------+----------------------------+----------------------------+-----------------------------+-----------------------------+--------------------+--------------------+-------------------------------------+-------------------------------------+----------------------------+----------------------------+---------------------------+---------------------------+


+--------------------------------------------------------------------------------------------------------------------------------------------------------------------------------------------------------------------------------------------------------------------------------------------------------------------------------------------------------------------------------------------------------------------------------------------------------------------------------------------------------------------------------------------------------------------------------------------------------------------------------------------------------------------------------------------+
; Signal Integrity Metrics (Fast 1200mv 0c Model)                                                                                                                                                                                                                                                                                                                                                                                                                                                                                                                                                                                                                                            ;
+---------------+--------------+---------------------+---------------------+------------------------------+------------------------------+---------------------+---------------------+--------------------------------------+--------------------------------------+-----------------------------+-----------------------------+----------------------------+----------------------------+-----------------------------+-----------------------------+--------------------+--------------------+-------------------------------------+-------------------------------------+----------------------------+----------------------------+---------------------------+---------------------------+
; Pin           ; I/O Standard ; Board Delay on Rise ; Board Delay on Fall ; Steady State Voh at FPGA Pin ; Steady State Vol at FPGA Pin ; Voh Max at FPGA Pin ; Vol Min at FPGA Pin ; Ringback Voltage on Rise at FPGA Pin ; Ringback Voltage on Fall at FPGA Pin ; 10-90 Rise Time at FPGA Pin ; 90-10 Fall Time at FPGA Pin ; Monotonic Rise at FPGA Pin ; Monotonic Fall at FPGA Pin ; Steady State Voh at Far-end ; Steady State Vol at Far-end ; Voh Max at Far-end ; Vol Min at Far-end ; Ringback Voltage on Rise at Far-end ; Ringback Voltage on Fall at Far-end ; 10-90 Rise Time at Far-end ; 90-10 Fall Time at Far-end ; Monotonic Rise at Far-end ; Monotonic Fall at Far-end ;
+---------------+--------------+---------------------+---------------------+------------------------------+------------------------------+---------------------+---------------------+--------------------------------------+--------------------------------------+-----------------------------+-----------------------------+----------------------------+----------------------------+-----------------------------+-----------------------------+--------------------+--------------------+-------------------------------------+-------------------------------------+----------------------------+----------------------------+---------------------------+---------------------------+
; HEX0[0]       ; 2.5 V        ; 0 s                 ; 0 s                 ; 2.62 V                       ; 4.05e-08 V                   ; 2.72 V              ; -0.0349 V           ; 0.173 V                              ; 0.1 V                                ; 2.72e-10 s                  ; 2.69e-10 s                  ; Yes                        ; Yes                        ; 2.62 V                      ; 4.05e-08 V                  ; 2.72 V             ; -0.0349 V          ; 0.173 V                             ; 0.1 V                               ; 2.72e-10 s                 ; 2.69e-10 s                 ; Yes                       ; Yes                       ;
; HEX0[1]       ; 2.5 V        ; 0 s                 ; 0 s                 ; 2.62 V                       ; 4.05e-08 V                   ; 2.64 V              ; -0.0113 V           ; 0.208 V                              ; 0.179 V                              ; 2.38e-09 s                  ; 2.23e-09 s                  ; No                         ; Yes                        ; 2.62 V                      ; 4.05e-08 V                  ; 2.64 V             ; -0.0113 V          ; 0.208 V                             ; 0.179 V                             ; 2.38e-09 s                 ; 2.23e-09 s                 ; No                        ; Yes                       ;
; HEX0[2]       ; 2.5 V        ; 0 s                 ; 0 s                 ; 2.62 V                       ; 4.05e-08 V                   ; 2.72 V              ; -0.0349 V           ; 0.173 V                              ; 0.1 V                                ; 2.72e-10 s                  ; 2.69e-10 s                  ; Yes                        ; Yes                        ; 2.62 V                      ; 4.05e-08 V                  ; 2.72 V             ; -0.0349 V          ; 0.173 V                             ; 0.1 V                               ; 2.72e-10 s                 ; 2.69e-10 s                 ; Yes                       ; Yes                       ;
; HEX0[3]       ; 2.5 V        ; 0 s                 ; 0 s                 ; 2.62 V                       ; 2.74e-08 V                   ; 2.73 V              ; -0.0384 V           ; 0.169 V                              ; 0.089 V                              ; 2.7e-10 s                   ; 2.62e-10 s                  ; Yes                        ; Yes                        ; 2.62 V                      ; 2.74e-08 V                  ; 2.73 V             ; -0.0384 V          ; 0.169 V                             ; 0.089 V                             ; 2.7e-10 s                  ; 2.62e-10 s                 ; Yes                       ; Yes                       ;
; HEX0[4]       ; 2.5 V        ; 0 s                 ; 0 s                 ; 2.62 V                       ; 2.74e-08 V                   ; 2.73 V              ; -0.0384 V           ; 0.169 V                              ; 0.089 V                              ; 2.7e-10 s                   ; 2.62e-10 s                  ; Yes                        ; Yes                        ; 2.62 V                      ; 2.74e-08 V                  ; 2.73 V             ; -0.0384 V          ; 0.169 V                             ; 0.089 V                             ; 2.7e-10 s                  ; 2.62e-10 s                 ; Yes                       ; Yes                       ;
; HEX0[5]       ; 2.5 V        ; 0 s                 ; 0 s                 ; 2.62 V                       ; 2.74e-08 V                   ; 2.64 V              ; -0.0117 V           ; 0.202 V                              ; 0.176 V                              ; 2.38e-09 s                  ; 2.22e-09 s                  ; No                         ; Yes                        ; 2.62 V                      ; 2.74e-08 V                  ; 2.64 V             ; -0.0117 V          ; 0.202 V                             ; 0.176 V                             ; 2.38e-09 s                 ; 2.22e-09 s                 ; No                        ; Yes                       ;
; HEX0[6]       ; 2.5 V        ; 0 s                 ; 0 s                 ; 2.62 V                       ; 2.74e-08 V                   ; 2.73 V              ; -0.0384 V           ; 0.169 V                              ; 0.089 V                              ; 2.7e-10 s                   ; 2.62e-10 s                  ; Yes                        ; Yes                        ; 2.62 V                      ; 2.74e-08 V                  ; 2.73 V             ; -0.0384 V          ; 0.169 V                             ; 0.089 V                             ; 2.7e-10 s                  ; 2.62e-10 s                 ; Yes                       ; Yes                       ;
; HEX1[0]       ; 2.5 V        ; 0 s                 ; 0 s                 ; 2.62 V                       ; 2.74e-08 V                   ; 2.73 V              ; -0.0384 V           ; 0.169 V                              ; 0.089 V                              ; 2.7e-10 s                   ; 2.62e-10 s                  ; Yes                        ; Yes                        ; 2.62 V                      ; 2.74e-08 V                  ; 2.73 V             ; -0.0384 V          ; 0.169 V                             ; 0.089 V                             ; 2.7e-10 s                  ; 2.62e-10 s                 ; Yes                       ; Yes                       ;
; HEX1[1]       ; 2.5 V        ; 0 s                 ; 0 s                 ; 2.62 V                       ; 2.74e-08 V                   ; 2.71 V              ; -0.0317 V           ; 0.148 V                              ; 0.064 V                              ; 4.51e-10 s                  ; 4.15e-10 s                  ; No                         ; Yes                        ; 2.62 V                      ; 2.74e-08 V                  ; 2.71 V             ; -0.0317 V          ; 0.148 V                             ; 0.064 V                             ; 4.51e-10 s                 ; 4.15e-10 s                 ; No                        ; Yes                       ;
; HEX1[2]       ; 2.5 V        ; 0 s                 ; 0 s                 ; 2.62 V                       ; 2.74e-08 V                   ; 2.71 V              ; -0.0317 V           ; 0.148 V                              ; 0.064 V                              ; 4.51e-10 s                  ; 4.15e-10 s                  ; No                         ; Yes                        ; 2.62 V                      ; 2.74e-08 V                  ; 2.71 V             ; -0.0317 V          ; 0.148 V                             ; 0.064 V                             ; 4.51e-10 s                 ; 4.15e-10 s                 ; No                        ; Yes                       ;
; HEX1[3]       ; 2.5 V        ; 0 s                 ; 0 s                 ; 2.62 V                       ; 2.74e-08 V                   ; 2.71 V              ; -0.0317 V           ; 0.148 V                              ; 0.064 V                              ; 4.51e-10 s                  ; 4.15e-10 s                  ; No                         ; Yes                        ; 2.62 V                      ; 2.74e-08 V                  ; 2.71 V             ; -0.0317 V          ; 0.148 V                             ; 0.064 V                             ; 4.51e-10 s                 ; 4.15e-10 s                 ; No                        ; Yes                       ;
; HEX1[4]       ; 2.5 V        ; 0 s                 ; 0 s                 ; 2.62 V                       ; 2.74e-08 V                   ; 2.71 V              ; -0.0317 V           ; 0.148 V                              ; 0.064 V                              ; 4.51e-10 s                  ; 4.15e-10 s                  ; No                         ; Yes                        ; 2.62 V                      ; 2.74e-08 V                  ; 2.71 V             ; -0.0317 V          ; 0.148 V                             ; 0.064 V                             ; 4.51e-10 s                 ; 4.15e-10 s                 ; No                        ; Yes                       ;
; HEX1[5]       ; 2.5 V        ; 0 s                 ; 0 s                 ; 2.62 V                       ; 2.74e-08 V                   ; 2.64 V              ; -0.0117 V           ; 0.202 V                              ; 0.176 V                              ; 2.38e-09 s                  ; 2.22e-09 s                  ; No                         ; Yes                        ; 2.62 V                      ; 2.74e-08 V                  ; 2.64 V             ; -0.0117 V          ; 0.202 V                             ; 0.176 V                             ; 2.38e-09 s                 ; 2.22e-09 s                 ; No                        ; Yes                       ;
; HEX1[6]       ; 2.5 V        ; 0 s                 ; 0 s                 ; 2.62 V                       ; 2.74e-08 V                   ; 2.64 V              ; -0.0117 V           ; 0.202 V                              ; 0.176 V                              ; 2.38e-09 s                  ; 2.22e-09 s                  ; No                         ; Yes                        ; 2.62 V                      ; 2.74e-08 V                  ; 2.64 V             ; -0.0117 V          ; 0.202 V                             ; 0.176 V                             ; 2.38e-09 s                 ; 2.22e-09 s                 ; No                        ; Yes                       ;
; HEX2[0]       ; 2.5 V        ; 0 s                 ; 0 s                 ; 2.62 V                       ; 2.74e-08 V                   ; 2.71 V              ; -0.0317 V           ; 0.148 V                              ; 0.064 V                              ; 4.51e-10 s                  ; 4.15e-10 s                  ; No                         ; Yes                        ; 2.62 V                      ; 2.74e-08 V                  ; 2.71 V             ; -0.0317 V          ; 0.148 V                             ; 0.064 V                             ; 4.51e-10 s                 ; 4.15e-10 s                 ; No                        ; Yes                       ;
; HEX2[1]       ; 2.5 V        ; 0 s                 ; 0 s                 ; 2.62 V                       ; 2.74e-08 V                   ; 2.71 V              ; -0.0317 V           ; 0.148 V                              ; 0.064 V                              ; 4.51e-10 s                  ; 4.15e-10 s                  ; No                         ; Yes                        ; 2.62 V                      ; 2.74e-08 V                  ; 2.71 V             ; -0.0317 V          ; 0.148 V                             ; 0.064 V                             ; 4.51e-10 s                 ; 4.15e-10 s                 ; No                        ; Yes                       ;
; HEX2[2]       ; 2.5 V        ; 0 s                 ; 0 s                 ; 2.62 V                       ; 2.74e-08 V                   ; 2.71 V              ; -0.0317 V           ; 0.148 V                              ; 0.064 V                              ; 4.51e-10 s                  ; 4.15e-10 s                  ; No                         ; Yes                        ; 2.62 V                      ; 2.74e-08 V                  ; 2.71 V             ; -0.0317 V          ; 0.148 V                             ; 0.064 V                             ; 4.51e-10 s                 ; 4.15e-10 s                 ; No                        ; Yes                       ;
; HEX2[3]       ; 2.5 V        ; 0 s                 ; 0 s                 ; 2.62 V                       ; 2.74e-08 V                   ; 2.71 V              ; -0.0317 V           ; 0.148 V                              ; 0.064 V                              ; 4.51e-10 s                  ; 4.15e-10 s                  ; No                         ; Yes                        ; 2.62 V                      ; 2.74e-08 V                  ; 2.71 V             ; -0.0317 V          ; 0.148 V                             ; 0.064 V                             ; 4.51e-10 s                 ; 4.15e-10 s                 ; No                        ; Yes                       ;
; HEX2[4]       ; 2.5 V        ; 0 s                 ; 0 s                 ; 2.62 V                       ; 2.74e-08 V                   ; 2.71 V              ; -0.0317 V           ; 0.148 V                              ; 0.064 V                              ; 4.51e-10 s                  ; 4.15e-10 s                  ; No                         ; Yes                        ; 2.62 V                      ; 2.74e-08 V                  ; 2.71 V             ; -0.0317 V          ; 0.148 V                             ; 0.064 V                             ; 4.51e-10 s                 ; 4.15e-10 s                 ; No                        ; Yes                       ;
; HEX2[5]       ; 2.5 V        ; 0 s                 ; 0 s                 ; 2.62 V                       ; 2.74e-08 V                   ; 2.71 V              ; -0.0317 V           ; 0.148 V                              ; 0.064 V                              ; 4.51e-10 s                  ; 4.15e-10 s                  ; No                         ; Yes                        ; 2.62 V                      ; 2.74e-08 V                  ; 2.71 V             ; -0.0317 V          ; 0.148 V                             ; 0.064 V                             ; 4.51e-10 s                 ; 4.15e-10 s                 ; No                        ; Yes                       ;
; HEX2[6]       ; 2.5 V        ; 0 s                 ; 0 s                 ; 2.62 V                       ; 2.74e-08 V                   ; 2.71 V              ; -0.0317 V           ; 0.148 V                              ; 0.064 V                              ; 4.51e-10 s                  ; 4.15e-10 s                  ; No                         ; Yes                        ; 2.62 V                      ; 2.74e-08 V                  ; 2.71 V             ; -0.0317 V          ; 0.148 V                             ; 0.064 V                             ; 4.51e-10 s                 ; 4.15e-10 s                 ; No                        ; Yes                       ;
; HEX3[0]       ; 2.5 V        ; 0 s                 ; 0 s                 ; 2.62 V                       ; 2.74e-08 V                   ; 2.71 V              ; -0.0317 V           ; 0.148 V                              ; 0.064 V                              ; 4.51e-10 s                  ; 4.15e-10 s                  ; No                         ; Yes                        ; 2.62 V                      ; 2.74e-08 V                  ; 2.71 V             ; -0.0317 V          ; 0.148 V                             ; 0.064 V                             ; 4.51e-10 s                 ; 4.15e-10 s                 ; No                        ; Yes                       ;
; HEX3[1]       ; 2.5 V        ; 0 s                 ; 0 s                 ; 2.62 V                       ; 2.74e-08 V                   ; 2.73 V              ; -0.0384 V           ; 0.169 V                              ; 0.089 V                              ; 2.7e-10 s                   ; 2.62e-10 s                  ; Yes                        ; Yes                        ; 2.62 V                      ; 2.74e-08 V                  ; 2.73 V             ; -0.0384 V          ; 0.169 V                             ; 0.089 V                             ; 2.7e-10 s                  ; 2.62e-10 s                 ; Yes                       ; Yes                       ;
; HEX3[2]       ; 2.5 V        ; 0 s                 ; 0 s                 ; 2.62 V                       ; 4.05e-08 V                   ; 2.64 V              ; -0.0113 V           ; 0.208 V                              ; 0.179 V                              ; 2.38e-09 s                  ; 2.23e-09 s                  ; No                         ; Yes                        ; 2.62 V                      ; 4.05e-08 V                  ; 2.64 V             ; -0.0113 V          ; 0.208 V                             ; 0.179 V                             ; 2.38e-09 s                 ; 2.23e-09 s                 ; No                        ; Yes                       ;
; HEX3[3]       ; 2.5 V        ; 0 s                 ; 0 s                 ; 2.62 V                       ; 4.05e-08 V                   ; 2.72 V              ; -0.0349 V           ; 0.173 V                              ; 0.1 V                                ; 2.72e-10 s                  ; 2.69e-10 s                  ; Yes                        ; Yes                        ; 2.62 V                      ; 4.05e-08 V                  ; 2.72 V             ; -0.0349 V          ; 0.173 V                             ; 0.1 V                               ; 2.72e-10 s                 ; 2.69e-10 s                 ; Yes                       ; Yes                       ;
; HEX3[4]       ; 2.5 V        ; 0 s                 ; 0 s                 ; 2.62 V                       ; 4.05e-08 V                   ; 2.72 V              ; -0.0349 V           ; 0.173 V                              ; 0.1 V                                ; 2.72e-10 s                  ; 2.69e-10 s                  ; Yes                        ; Yes                        ; 2.62 V                      ; 4.05e-08 V                  ; 2.72 V             ; -0.0349 V          ; 0.173 V                             ; 0.1 V                               ; 2.72e-10 s                 ; 2.69e-10 s                 ; Yes                       ; Yes                       ;
; HEX3[5]       ; 2.5 V        ; 0 s                 ; 0 s                 ; 2.62 V                       ; 4.05e-08 V                   ; 2.72 V              ; -0.0349 V           ; 0.173 V                              ; 0.1 V                                ; 2.72e-10 s                  ; 2.69e-10 s                  ; Yes                        ; Yes                        ; 2.62 V                      ; 4.05e-08 V                  ; 2.72 V             ; -0.0349 V          ; 0.173 V                             ; 0.1 V                               ; 2.72e-10 s                 ; 2.69e-10 s                 ; Yes                       ; Yes                       ;
; HEX3[6]       ; 2.5 V        ; 0 s                 ; 0 s                 ; 2.62 V                       ; 4.05e-08 V                   ; 2.72 V              ; -0.0349 V           ; 0.173 V                              ; 0.1 V                                ; 2.72e-10 s                  ; 2.69e-10 s                  ; Yes                        ; Yes                        ; 2.62 V                      ; 4.05e-08 V                  ; 2.72 V             ; -0.0349 V          ; 0.173 V                             ; 0.1 V                               ; 2.72e-10 s                 ; 2.69e-10 s                 ; Yes                       ; Yes                       ;
; HEX4[0]       ; 2.5 V        ; 0 s                 ; 0 s                 ; 2.62 V                       ; 4.05e-08 V                   ; 2.72 V              ; -0.0349 V           ; 0.173 V                              ; 0.1 V                                ; 2.72e-10 s                  ; 2.69e-10 s                  ; Yes                        ; Yes                        ; 2.62 V                      ; 4.05e-08 V                  ; 2.72 V             ; -0.0349 V          ; 0.173 V                             ; 0.1 V                               ; 2.72e-10 s                 ; 2.69e-10 s                 ; Yes                       ; Yes                       ;
; HEX4[1]       ; 2.5 V        ; 0 s                 ; 0 s                 ; 2.62 V                       ; 4.05e-08 V                   ; 2.72 V              ; -0.0349 V           ; 0.173 V                              ; 0.1 V                                ; 2.72e-10 s                  ; 2.69e-10 s                  ; Yes                        ; Yes                        ; 2.62 V                      ; 4.05e-08 V                  ; 2.72 V             ; -0.0349 V          ; 0.173 V                             ; 0.1 V                               ; 2.72e-10 s                 ; 2.69e-10 s                 ; Yes                       ; Yes                       ;
; HEX4[2]       ; 2.5 V        ; 0 s                 ; 0 s                 ; 2.62 V                       ; 4.05e-08 V                   ; 2.72 V              ; -0.0349 V           ; 0.173 V                              ; 0.1 V                                ; 2.72e-10 s                  ; 2.69e-10 s                  ; Yes                        ; Yes                        ; 2.62 V                      ; 4.05e-08 V                  ; 2.72 V             ; -0.0349 V          ; 0.173 V                             ; 0.1 V                               ; 2.72e-10 s                 ; 2.69e-10 s                 ; Yes                       ; Yes                       ;
; HEX4[3]       ; 2.5 V        ; 0 s                 ; 0 s                 ; 2.62 V                       ; 4.05e-08 V                   ; 2.72 V              ; -0.0349 V           ; 0.173 V                              ; 0.1 V                                ; 2.72e-10 s                  ; 2.69e-10 s                  ; Yes                        ; Yes                        ; 2.62 V                      ; 4.05e-08 V                  ; 2.72 V             ; -0.0349 V          ; 0.173 V                             ; 0.1 V                               ; 2.72e-10 s                 ; 2.69e-10 s                 ; Yes                       ; Yes                       ;
; HEX4[4]       ; 2.5 V        ; 0 s                 ; 0 s                 ; 2.62 V                       ; 4.05e-08 V                   ; 2.72 V              ; -0.0349 V           ; 0.173 V                              ; 0.1 V                                ; 2.72e-10 s                  ; 2.69e-10 s                  ; Yes                        ; Yes                        ; 2.62 V                      ; 4.05e-08 V                  ; 2.72 V             ; -0.0349 V          ; 0.173 V                             ; 0.1 V                               ; 2.72e-10 s                 ; 2.69e-10 s                 ; Yes                       ; Yes                       ;
; HEX4[5]       ; 2.5 V        ; 0 s                 ; 0 s                 ; 2.62 V                       ; 4.05e-08 V                   ; 2.72 V              ; -0.0349 V           ; 0.173 V                              ; 0.1 V                                ; 2.72e-10 s                  ; 2.69e-10 s                  ; Yes                        ; Yes                        ; 2.62 V                      ; 4.05e-08 V                  ; 2.72 V             ; -0.0349 V          ; 0.173 V                             ; 0.1 V                               ; 2.72e-10 s                 ; 2.69e-10 s                 ; Yes                       ; Yes                       ;
; HEX4[6]       ; 2.5 V        ; 0 s                 ; 0 s                 ; 2.62 V                       ; 4.05e-08 V                   ; 2.72 V              ; -0.0349 V           ; 0.173 V                              ; 0.1 V                                ; 2.72e-10 s                  ; 2.69e-10 s                  ; Yes                        ; Yes                        ; 2.62 V                      ; 4.05e-08 V                  ; 2.72 V             ; -0.0349 V          ; 0.173 V                             ; 0.1 V                               ; 2.72e-10 s                 ; 2.69e-10 s                 ; Yes                       ; Yes                       ;
; HEX5[0]       ; 2.5 V        ; 0 s                 ; 0 s                 ; 2.62 V                       ; 4.05e-08 V                   ; 2.72 V              ; -0.0349 V           ; 0.173 V                              ; 0.1 V                                ; 2.72e-10 s                  ; 2.69e-10 s                  ; Yes                        ; Yes                        ; 2.62 V                      ; 4.05e-08 V                  ; 2.72 V             ; -0.0349 V          ; 0.173 V                             ; 0.1 V                               ; 2.72e-10 s                 ; 2.69e-10 s                 ; Yes                       ; Yes                       ;
; HEX5[1]       ; 2.5 V        ; 0 s                 ; 0 s                 ; 2.62 V                       ; 4.05e-08 V                   ; 2.64 V              ; -0.0113 V           ; 0.208 V                              ; 0.179 V                              ; 2.38e-09 s                  ; 2.23e-09 s                  ; No                         ; Yes                        ; 2.62 V                      ; 4.05e-08 V                  ; 2.64 V             ; -0.0113 V          ; 0.208 V                             ; 0.179 V                             ; 2.38e-09 s                 ; 2.23e-09 s                 ; No                        ; Yes                       ;
; HEX5[2]       ; 2.5 V        ; 0 s                 ; 0 s                 ; 2.62 V                       ; 4.05e-08 V                   ; 2.72 V              ; -0.0349 V           ; 0.173 V                              ; 0.1 V                                ; 2.72e-10 s                  ; 2.69e-10 s                  ; Yes                        ; Yes                        ; 2.62 V                      ; 4.05e-08 V                  ; 2.72 V             ; -0.0349 V          ; 0.173 V                             ; 0.1 V                               ; 2.72e-10 s                 ; 2.69e-10 s                 ; Yes                       ; Yes                       ;
; HEX5[3]       ; 2.5 V        ; 0 s                 ; 0 s                 ; 2.62 V                       ; 4.05e-08 V                   ; 2.72 V              ; -0.0349 V           ; 0.173 V                              ; 0.1 V                                ; 2.72e-10 s                  ; 2.69e-10 s                  ; Yes                        ; Yes                        ; 2.62 V                      ; 4.05e-08 V                  ; 2.72 V             ; -0.0349 V          ; 0.173 V                             ; 0.1 V                               ; 2.72e-10 s                 ; 2.69e-10 s                 ; Yes                       ; Yes                       ;
; HEX5[4]       ; 2.5 V        ; 0 s                 ; 0 s                 ; 2.62 V                       ; 4.05e-08 V                   ; 2.72 V              ; -0.0349 V           ; 0.173 V                              ; 0.1 V                                ; 2.72e-10 s                  ; 2.69e-10 s                  ; Yes                        ; Yes                        ; 2.62 V                      ; 4.05e-08 V                  ; 2.72 V             ; -0.0349 V          ; 0.173 V                             ; 0.1 V                               ; 2.72e-10 s                 ; 2.69e-10 s                 ; Yes                       ; Yes                       ;
; HEX5[5]       ; 2.5 V        ; 0 s                 ; 0 s                 ; 2.62 V                       ; 4.05e-08 V                   ; 2.72 V              ; -0.0349 V           ; 0.173 V                              ; 0.1 V                                ; 2.72e-10 s                  ; 2.69e-10 s                  ; Yes                        ; Yes                        ; 2.62 V                      ; 4.05e-08 V                  ; 2.72 V             ; -0.0349 V          ; 0.173 V                             ; 0.1 V                               ; 2.72e-10 s                 ; 2.69e-10 s                 ; Yes                       ; Yes                       ;
; HEX5[6]       ; 2.5 V        ; 0 s                 ; 0 s                 ; 2.62 V                       ; 4.05e-08 V                   ; 2.72 V              ; -0.0349 V           ; 0.173 V                              ; 0.1 V                                ; 2.72e-10 s                  ; 2.69e-10 s                  ; Yes                        ; Yes                        ; 2.62 V                      ; 4.05e-08 V                  ; 2.72 V             ; -0.0349 V          ; 0.173 V                             ; 0.1 V                               ; 2.72e-10 s                 ; 2.69e-10 s                 ; Yes                       ; Yes                       ;
; ~ALTERA_DCLK~ ; 2.5 V        ; 0 s                 ; 0 s                 ; 2.62 V                       ; 2.22e-08 V                   ; 2.74 V              ; -0.06 V             ; 0.158 V                              ; 0.08 V                               ; 2.68e-10 s                  ; 2.19e-10 s                  ; Yes                        ; Yes                        ; 2.62 V                      ; 2.22e-08 V                  ; 2.74 V             ; -0.06 V            ; 0.158 V                             ; 0.08 V                              ; 2.68e-10 s                 ; 2.19e-10 s                 ; Yes                       ; Yes                       ;
; ~ALTERA_nCEO~ ; 2.5 V        ; 0 s                 ; 0 s                 ; 2.62 V                       ; 3.54e-08 V                   ; 2.7 V               ; -0.00943 V          ; 0.276 V                              ; 0.035 V                              ; 3.19e-10 s                  ; 4.99e-10 s                  ; No                         ; Yes                        ; 2.62 V                      ; 3.54e-08 V                  ; 2.7 V              ; -0.00943 V         ; 0.276 V                             ; 0.035 V                             ; 3.19e-10 s                 ; 4.99e-10 s                 ; No                        ; Yes                       ;
+---------------+--------------+---------------------+---------------------+------------------------------+------------------------------+---------------------+---------------------+--------------------------------------+--------------------------------------+-----------------------------+-----------------------------+----------------------------+----------------------------+-----------------------------+-----------------------------+--------------------+--------------------+-------------------------------------+-------------------------------------+----------------------------+----------------------------+---------------------------+---------------------------+


+---------------------------------------------------------------------------------------------------------------------------------------------------------------------+
; Setup Transfers                                                                                                                                                     ;
+------------------------------------------------------------+------------------------------------------------------------+----------+----------+----------+----------+
; From Clock                                                 ; To Clock                                                   ; RR Paths ; FR Paths ; RF Paths ; FF Paths ;
+------------------------------------------------------------+------------------------------------------------------------+----------+----------+----------+----------+
; CLOCK_50                                                   ; CLOCK_50                                                   ; 1564     ; 0        ; 0        ; 0        ;
; CLOCK_50                                                   ; pll_timer_inst|altpll_component|auto_generated|pll1|clk[0] ; 0        ; 0        ; 17       ; 0        ;
; pll_timer_inst|altpll_component|auto_generated|pll1|clk[0] ; pll_timer_inst|altpll_component|auto_generated|pll1|clk[0] ; 0        ; 0        ; 0        ; 570      ;
+------------------------------------------------------------+------------------------------------------------------------+----------+----------+----------+----------+
Entries labeled "false path" only account for clock-to-clock false paths and not path-based false paths. As a result, actual path counts may be lower than reported.


+---------------------------------------------------------------------------------------------------------------------------------------------------------------------+
; Hold Transfers                                                                                                                                                      ;
+------------------------------------------------------------+------------------------------------------------------------+----------+----------+----------+----------+
; From Clock                                                 ; To Clock                                                   ; RR Paths ; FR Paths ; RF Paths ; FF Paths ;
+------------------------------------------------------------+------------------------------------------------------------+----------+----------+----------+----------+
; CLOCK_50                                                   ; CLOCK_50                                                   ; 1564     ; 0        ; 0        ; 0        ;
; CLOCK_50                                                   ; pll_timer_inst|altpll_component|auto_generated|pll1|clk[0] ; 0        ; 0        ; 17       ; 0        ;
; pll_timer_inst|altpll_component|auto_generated|pll1|clk[0] ; pll_timer_inst|altpll_component|auto_generated|pll1|clk[0] ; 0        ; 0        ; 0        ; 570      ;
+------------------------------------------------------------+------------------------------------------------------------+----------+----------+----------+----------+
Entries labeled "false path" only account for clock-to-clock false paths and not path-based false paths. As a result, actual path counts may be lower than reported.


+---------------------------------------------------------------------------------------------------------------------+
; Recovery Transfers                                                                                                  ;
+------------+------------------------------------------------------------+----------+----------+----------+----------+
; From Clock ; To Clock                                                   ; RR Paths ; FR Paths ; RF Paths ; FF Paths ;
+------------+------------------------------------------------------------+----------+----------+----------+----------+
; CLOCK_50   ; CLOCK_50                                                   ; 43       ; 43       ; 0        ; 0        ;
; CLOCK_50   ; pll_timer_inst|altpll_component|auto_generated|pll1|clk[0] ; 0        ; 0        ; 77       ; 77       ;
+------------+------------------------------------------------------------+----------+----------+----------+----------+
Entries labeled "false path" only account for clock-to-clock false paths and not path-based false paths. As a result, actual path counts may be lower than reported.


+---------------------------------------------------------------------------------------------------------------------+
; Removal Transfers                                                                                                   ;
+------------+------------------------------------------------------------+----------+----------+----------+----------+
; From Clock ; To Clock                                                   ; RR Paths ; FR Paths ; RF Paths ; FF Paths ;
+------------+------------------------------------------------------------+----------+----------+----------+----------+
; CLOCK_50   ; CLOCK_50                                                   ; 43       ; 43       ; 0        ; 0        ;
; CLOCK_50   ; pll_timer_inst|altpll_component|auto_generated|pll1|clk[0] ; 0        ; 0        ; 77       ; 77       ;
+------------+------------------------------------------------------------+----------+----------+----------+----------+
Entries labeled "false path" only account for clock-to-clock false paths and not path-based false paths. As a result, actual path counts may be lower than reported.


---------------
; Report TCCS ;
---------------
No dedicated SERDES Transmitter circuitry present in device or used in design


---------------
; Report RSKM ;
---------------
No non-DPA dedicated SERDES Receiver circuitry present in device or used in design


+------------------------------------------------+
; Unconstrained Paths Summary                    ;
+---------------------------------+-------+------+
; Property                        ; Setup ; Hold ;
+---------------------------------+-------+------+
; Illegal Clocks                  ; 0     ; 0    ;
; Unconstrained Clocks            ; 0     ; 0    ;
; Unconstrained Input Ports       ; 0     ; 0    ;
; Unconstrained Input Port Paths  ; 0     ; 0    ;
; Unconstrained Output Ports      ; 0     ; 0    ;
; Unconstrained Output Port Paths ; 0     ; 0    ;
+---------------------------------+-------+------+


+---------------------------------------------------------------------------------------------------------------------------------------------------+
; Clock Status Summary                                                                                                                              ;
+------------------------------------------------------------+------------------------------------------------------------+-----------+-------------+
; Target                                                     ; Clock                                                      ; Type      ; Status      ;
+------------------------------------------------------------+------------------------------------------------------------+-----------+-------------+
; CLOCK_50                                                   ; CLOCK_50                                                   ; Base      ; Constrained ;
; HEX0[0]                                                    ; CLOCK_50                                                   ; Base      ; Constrained ;
; HEX0[1]                                                    ; CLOCK_50                                                   ; Base      ; Constrained ;
; HEX0[2]                                                    ; CLOCK_50                                                   ; Base      ; Constrained ;
; HEX0[3]                                                    ; CLOCK_50                                                   ; Base      ; Constrained ;
; HEX0[4]                                                    ; CLOCK_50                                                   ; Base      ; Constrained ;
; HEX0[5]                                                    ; CLOCK_50                                                   ; Base      ; Constrained ;
; HEX0[6]                                                    ; CLOCK_50                                                   ; Base      ; Constrained ;
; HEX1[0]                                                    ; CLOCK_50                                                   ; Base      ; Constrained ;
; HEX1[1]                                                    ; CLOCK_50                                                   ; Base      ; Constrained ;
; HEX1[2]                                                    ; CLOCK_50                                                   ; Base      ; Constrained ;
; HEX1[3]                                                    ; CLOCK_50                                                   ; Base      ; Constrained ;
; HEX1[4]                                                    ; CLOCK_50                                                   ; Base      ; Constrained ;
; HEX1[5]                                                    ; CLOCK_50                                                   ; Base      ; Constrained ;
; HEX1[6]                                                    ; CLOCK_50                                                   ; Base      ; Constrained ;
; HEX2[0]                                                    ; CLOCK_50                                                   ; Base      ; Constrained ;
; HEX2[1]                                                    ; CLOCK_50                                                   ; Base      ; Constrained ;
; HEX2[2]                                                    ; CLOCK_50                                                   ; Base      ; Constrained ;
; HEX2[3]                                                    ; CLOCK_50                                                   ; Base      ; Constrained ;
; HEX2[4]                                                    ; CLOCK_50                                                   ; Base      ; Constrained ;
; HEX2[5]                                                    ; CLOCK_50                                                   ; Base      ; Constrained ;
; HEX2[6]                                                    ; CLOCK_50                                                   ; Base      ; Constrained ;
; HEX3[0]                                                    ; CLOCK_50                                                   ; Base      ; Constrained ;
; HEX3[1]                                                    ; CLOCK_50                                                   ; Base      ; Constrained ;
; HEX3[2]                                                    ; CLOCK_50                                                   ; Base      ; Constrained ;
; HEX3[3]                                                    ; CLOCK_50                                                   ; Base      ; Constrained ;
; HEX3[4]                                                    ; CLOCK_50                                                   ; Base      ; Constrained ;
; HEX3[5]                                                    ; CLOCK_50                                                   ; Base      ; Constrained ;
; HEX3[6]                                                    ; CLOCK_50                                                   ; Base      ; Constrained ;
; HEX4[0]                                                    ; CLOCK_50                                                   ; Base      ; Constrained ;
; HEX4[1]                                                    ; CLOCK_50                                                   ; Base      ; Constrained ;
; HEX4[2]                                                    ; CLOCK_50                                                   ; Base      ; Constrained ;
; HEX4[3]                                                    ; CLOCK_50                                                   ; Base      ; Constrained ;
; HEX4[4]                                                    ; CLOCK_50                                                   ; Base      ; Constrained ;
; HEX4[5]                                                    ; CLOCK_50                                                   ; Base      ; Constrained ;
; HEX4[6]                                                    ; CLOCK_50                                                   ; Base      ; Constrained ;
; HEX5[0]                                                    ; CLOCK_50                                                   ; Base      ; Constrained ;
; HEX5[1]                                                    ; CLOCK_50                                                   ; Base      ; Constrained ;
; HEX5[2]                                                    ; CLOCK_50                                                   ; Base      ; Constrained ;
; HEX5[3]                                                    ; CLOCK_50                                                   ; Base      ; Constrained ;
; HEX5[4]                                                    ; CLOCK_50                                                   ; Base      ; Constrained ;
; HEX5[5]                                                    ; CLOCK_50                                                   ; Base      ; Constrained ;
; HEX5[6]                                                    ; CLOCK_50                                                   ; Base      ; Constrained ;
; KEY[0]                                                     ; CLOCK_50                                                   ; Base      ; Constrained ;
; pll_timer_inst|altpll_component|auto_generated|pll1|clk[0] ; pll_timer_inst|altpll_component|auto_generated|pll1|clk[0] ; Generated ; Constrained ;
+------------------------------------------------------------+------------------------------------------------------------+-----------+-------------+


+--------------------------+
; Timing Analyzer Messages ;
+--------------------------+
Info: *******************************************************************
Info: Running Quartus Prime Timing Analyzer
    Info: Version 20.1.1 Build 720 11/11/2020 SJ Standard Edition
    Info: Processing started: Tue Jun  2 08:15:56 2026
Info: Command: quartus_sta timer -c timer
Info: qsta_default_script.tcl version: #1
Info (20030): Parallel compilation is enabled and will use 12 of the 12 processors detected
Info (21077): Low junction temperature is 0 degrees C
Info (21077): High junction temperature is 85 degrees C
Info (332104): Reading SDC File: 'SDC.sdc'
Info (332151): Clock uncertainty is not calculated until you update the timing netlist.
Info (332110): Deriving PLL clocks
    Info (332110): create_generated_clock -source {pll_timer_inst|altpll_component|auto_generated|pll1|inclk[0]} -divide_by 25000 -duty_cycle 50.00 -name {pll_timer_inst|altpll_component|auto_generated|pll1|clk[0]} {pll_timer_inst|altpll_component|auto_generated|pll1|clk[0]}
Info (332123): Deriving Clock Uncertainty. Please refer to report_sdc in the Timing Analyzer to see clock uncertainties.
Info: Found TIMING_ANALYZER_REPORT_SCRIPT_INCLUDE_DEFAULT_ANALYSIS = ON
Info: Analyzing Slow 1200mV 85C Model
Info (332146): Worst-case setup slack is 12.742
    Info (332119):     Slack       End Point TNS Clock 
    Info (332119): ========= =================== =====================
    Info (332119):    12.742               0.000 pll_timer_inst|altpll_component|auto_generated|pll1|clk[0] 
    Info (332119):    14.529               0.000 CLOCK_50 
Info (332146): Worst-case hold slack is 0.401
    Info (332119):     Slack       End Point TNS Clock 
    Info (332119): ========= =================== =====================
    Info (332119):     0.401               0.000 CLOCK_50 
    Info (332119):     0.403               0.000 pll_timer_inst|altpll_component|auto_generated|pll1|clk[0] 
Info (332146): Worst-case recovery slack is 2.748
    Info (332119):     Slack       End Point TNS Clock 
    Info (332119): ========= =================== =====================
    Info (332119):     2.748               0.000 pll_timer_inst|altpll_component|auto_generated|pll1|clk[0] 
    Info (332119):     6.730               0.000 CLOCK_50 
Info (332146): Worst-case removal slack is 2.009
    Info (332119):     Slack       End Point TNS Clock 
    Info (332119): ========= =================== =====================
    Info (332119):     2.009               0.000 CLOCK_50 
    Info (332119):     4.424               0.000 pll_timer_inst|altpll_component|auto_generated|pll1|clk[0] 
Info (332146): Worst-case minimum pulse width slack is 9.756
    Info (332119):     Slack       End Point TNS Clock 
    Info (332119): ========= =================== =====================
    Info (332119):     9.756               0.000 CLOCK_50 
    Info (332119): 249999.758               0.000 pll_timer_inst|altpll_component|auto_generated|pll1|clk[0] 
Warning (18330): Ignoring Synchronizer Identification setting Off, and using Auto instead.
Info: Analyzing Slow 1200mV 0C Model
Info (334003): Started post-fitting delay annotation
Info (334004): Delay annotation completed successfully
Info (332123): Deriving Clock Uncertainty. Please refer to report_sdc in the Timing Analyzer to see clock uncertainties.
Info (332146): Worst-case setup slack is 13.366
    Info (332119):     Slack       End Point TNS Clock 
    Info (332119): ========= =================== =====================
    Info (332119):    13.366               0.000 pll_timer_inst|altpll_component|auto_generated|pll1|clk[0] 
    Info (332119):    15.060               0.000 CLOCK_50 
Info (332146): Worst-case hold slack is 0.353
    Info (332119):     Slack       End Point TNS Clock 
    Info (332119): ========= =================== =====================
    Info (332119):     0.353               0.000 CLOCK_50 
    Info (332119):     0.354               0.000 pll_timer_inst|altpll_component|auto_generated|pll1|clk[0] 
Info (332146): Worst-case recovery slack is 3.699
    Info (332119):     Slack       End Point TNS Clock 
    Info (332119): ========= =================== =====================
    Info (332119):     3.699               0.000 pll_timer_inst|altpll_component|auto_generated|pll1|clk[0] 
    Info (332119):     7.211               0.000 CLOCK_50 
Info (332146): Worst-case removal slack is 1.773
    Info (332119):     Slack       End Point TNS Clock 
    Info (332119): ========= =================== =====================
    Info (332119):     1.773               0.000 CLOCK_50 
    Info (332119):     3.867               0.000 pll_timer_inst|altpll_component|auto_generated|pll1|clk[0] 
Info (332146): Worst-case minimum pulse width slack is 9.776
    Info (332119):     Slack       End Point TNS Clock 
    Info (332119): ========= =================== =====================
    Info (332119):     9.776               0.000 CLOCK_50 
    Info (332119): 249999.755               0.000 pll_timer_inst|altpll_component|auto_generated|pll1|clk[0] 
Warning (18330): Ignoring Synchronizer Identification setting Off, and using Auto instead.
Info: Analyzing Fast 1200mV 0C Model
Info (332123): Deriving Clock Uncertainty. Please refer to report_sdc in the Timing Analyzer to see clock uncertainties.
Info (332146): Worst-case setup slack is 16.060
    Info (332119):     Slack       End Point TNS Clock 
    Info (332119): ========= =================== =====================
    Info (332119):    16.060               0.000 pll_timer_inst|altpll_component|auto_generated|pll1|clk[0] 
    Info (332119):    17.116               0.000 CLOCK_50 
Info (332146): Worst-case hold slack is 0.178
    Info (332119):     Slack       End Point TNS Clock 
    Info (332119): ========= =================== =====================
    Info (332119):     0.178               0.000 pll_timer_inst|altpll_component|auto_generated|pll1|clk[0] 
    Info (332119):     0.180               0.000 CLOCK_50 
Info (332146): Worst-case recovery slack is 5.747
    Info (332119):     Slack       End Point TNS Clock 
    Info (332119): ========= =================== =====================
    Info (332119):     5.747               0.000 pll_timer_inst|altpll_component|auto_generated|pll1|clk[0] 
    Info (332119):     7.947               0.000 CLOCK_50 
Info (332146): Worst-case removal slack is 0.909
    Info (332119):     Slack       End Point TNS Clock 
    Info (332119): ========= =================== =====================
    Info (332119):     0.909               0.000 CLOCK_50 
    Info (332119):     2.189               0.000 pll_timer_inst|altpll_component|auto_generated|pll1|clk[0] 
Info (332146): Worst-case minimum pulse width slack is 9.438
    Info (332119):     Slack       End Point TNS Clock 
    Info (332119): ========= =================== =====================
    Info (332119):     9.438               0.000 CLOCK_50 
    Info (332119): 249999.774               0.000 pll_timer_inst|altpll_component|auto_generated|pll1|clk[0] 
Warning (18330): Ignoring Synchronizer Identification setting Off, and using Auto instead.
Info (332101): Design is fully constrained for setup requirements
Info (332101): Design is fully constrained for hold requirements
Info: Quartus Prime Timing Analyzer was successful. 0 errors, 3 warnings
    Info: Peak virtual memory: 634 megabytes
    Info: Processing ended: Tue Jun  2 08:15:58 2026
    Info: Elapsed time: 00:00:02
    Info: Total CPU time (on all processors): 00:00:01


